"player_id","race","payer","purchases","total_spend","avg_purchase_amount"
"94-7212827",Elf,0,66,27733.297,420.2013614394448
"52-3209686",Human,0,22,27254.242,1238.829086357897
"83-7602562",Human,1,50,6338.7993,126.77599846497178
"16-2564695",Northman,0,8,2606.75,325.84375417232513
"62-8893603",Human,0,9,1717.8301,190.870000925329
"72-0606109",Human,0,17,2178.5403,128.149412056979
"70-0495298",Elf,0,132,55869.453,423.25340627179
"50-7455165",Elf,0,6,1422.41,237.0683364868164
"63-8564736",Elf,1,25,9927.701,397.10799072265627
"81-0151976",Orc,0,16,2968.4897,185.53062447346747
"44-5636705",Human,0,83,53411.21,643.5084346259933
"15-5449902",Human,0,6,1186.5901,197.76499811808267
"27-8997384",Orc,0,21,15534.09,739.7185676211402
"20-2738245",Northman,0,34,75425.33,2218.3920660579906
"72-9646541",Northman,0,13,8698.061,669.0815417583173
"40-3136862",Northman,0,6,920.83,153.4716657002767
"85-5000992",Human,1,14,13415.6,958.2571236065456
"16-2969940",Northman,0,115,19112.74,166.19773772073827
"35-4474992",Human,0,24,2531.2605,105.46916617453098
"94-7805803",Northman,0,40,20669.932,516.7482508182526
"29-4956606",Hobbit,0,58,34639.52,597.2329322716286
"51-1064459",Hobbit,0,3,681.04,227.01332791646323
"67-4302193",Human,0,22,12337.56,560.7981851751155
"31-1423201",Demon,0,19,6205.81,326.62158122815583
"45-4640418",Northman,1,91,16081.252,176.71703259180208
"24-0296230",Elf,0,65,87014.22,1338.6801521888146
"14-3665916",Orc,1,47,10664.392,226.90191455597574
"06-2390201",Human,0,27,62461.85,2313.401861967864
"99-5912028",Orc,0,26,20038.062,770.6946196280993
"90-4035298",Human,0,24,14882.941,620.1224998633066
"72-3692591",Elf,0,12,2069.9697,172.4974954922994
"20-2339187",Human,0,110,45321.582,412.01436539563264
"08-7418031",Human,1,26,5089.9995,195.769230732551
"70-9158099",Orc,0,42,43878.395,1044.7235757736933
"11-5495291",Human,1,28,3140.62,112.1649991784777
"64-8564962",Hobbit,0,20,9230.71,461.535502243042
"90-5700282",Orc,0,17,9956.9,585.6999924603631
"03-0344195",Elf,0,56,9284.589,165.79624976217747
"55-7975245",Orc,1,54,32865.992,608.6294473097832
"29-9946377",Orc,1,22,8815.211,400.69135934656316
"76-0745701",Elf,0,25,1602.08,64.08319931983948
"09-5442101",Angel,0,28,61041.715,2180.0610600880213
"23-9126437",Hobbit,0,8,9298.1,1162.262505531311
"56-2985077",Hobbit,0,13,5160.6797,396.97538977402905
"15-2421615",Orc,0,35,12015.68,343.30513324737547
"37-1480252",Northman,0,126,21033.111,166.92944332909963
"01-0027092",Human,0,23,25786.889,1121.1691337253737
"26-1157400",Northman,0,32,3208.34,100.2606246843934
"00-7800396",Hobbit,1,14,9381.85,670.132138967514
"49-9213256",Human,0,3,4342.0996,1447.3666483561199
"40-9248219",Orc,0,30,34678.81,1155.9603136698404
"85-9343009",Orc,0,66,39793.797,602.9362088694717
"49-4107643",Hobbit,0,166,420575.06,2533.5839176781205
"20-6201011",Demon,1,54,43171.707,799.4759194056193
"64-7652771",Orc,0,82,139203.81,1697.6073140632816
"89-4714004",Angel,0,26,3653.411,140.5157694541491
"34-5531311",Hobbit,0,16,4458.15,278.63436818122864
"64-9265008",Orc,0,32,11510.35,359.6984361410141
"21-8090420",Elf,1,7,2208.47,315.49571119035994
"20-4135672",Human,0,44,21072.664,478.9240818890658
"88-1644105",Human,1,126,107533.98,853.444283901699
"15-6337014",Human,1,7,2403.1301,343.30428559439525
"21-3371106",Human,0,15,18163.48,1210.8986465454102
"76-1917603",Human,1,27,3822.5496,141.57592506761904
"40-5490398",Northman,0,4,509.08002,127.27000093460083
"20-2358645",Human,0,25,26478.82,1059.1527979278565
"42-1754771",Human,1,6,1340.0499,223.34166463216147
"25-5368413",Hobbit,0,8,1139.9601,142.4950001835823
"71-3364628",Human,0,15,1673.21,111.54733549753824
"38-3746099",Hobbit,1,19,103097.66,5426.192508095189
"65-8594726",Orc,0,4,456.68002,114.17000198364258
"43-1523755",Human,0,14,67804.21,4843.157826559885
"92-0324157",Orc,0,8,1874.81,234.35124871134758
"61-0745786",Orc,0,26,19585.152,753.2750172248253
"61-9139404",Human,0,33,15374.392,465.89060164942885
"28-8353541",Human,0,31,9661.99,311.6770972897929
"04-1678316",Hobbit,0,68,12754.561,187.56706036189024
"65-0831032",Orc,1,19,3011.49,158.4994752909008
"66-6080331",Orc,0,1,374.32,374.32000732421875
"98-0445381",Hobbit,0,50,46297.145,925.9430003356933
"36-8515684",Elf,1,6,333.13,55.52166779836019
"24-5619385",Elf,0,5,3091.2002,618.2400054931641
"51-0495216",Hobbit,0,27,7501.36,277.82815180884467
"00-2228674",Human,0,73,41317.586,565.9943840111772
"23-4809450",Hobbit,1,34,8647.77,254.34617751332766
"07-2831692",Human,0,259,35124.793,135.61690989260393
"86-2771913",Orc,0,155,118089.805,761.8697395878453
"92-8383873",Hobbit,0,76,142846.44,1879.5586735951274
"60-2527371",Angel,0,4,2582.8,645.6999855041504
"84-6929069",Northman,1,4,984.46,246.1150026321411
"17-2475823",Orc,0,32,16629.014,519.6565663910005
"32-3367883",Orc,0,52,97531.96,1875.6144350675436
"53-1407881",Hobbit,0,37,9673.91,261.45702646229716
"03-5137663",Human,0,111,34166.09,307.8026134865778
"11-8429930",Human,0,66,16126.558,244.3418176535404
"82-9186243",Human,1,55,55938.008,1017.0547078912908
"40-6894866",Human,0,20,20587.57,1029.3785102844238
"97-8369877",Hobbit,0,4,1497.2799,374.3199882507324
"54-7389325",Human,0,4,3922.87,980.7175140380859
"45-0680329",Hobbit,0,127,42237.45,332.57834509977204
"28-1505522",Northman,0,29,28927.402,997.496548356681
"17-0266407",Human,0,107,41709.98,389.81289958508216
"78-8095998",Elf,1,3,2470.51,823.5033416748047
"71-2182136",Human,0,10,7729.68,772.9679877281189
"99-8654875",Human,1,15,2141.09,142.73933372497558
"23-0954540",Northman,0,2,524.05,262.0250015258789
"05-3175065",Angel,0,24,9728.351,405.34791590770084
"01-4338312",Northman,0,19,5498.24,289.38104906835053
"83-7959367",Elf,0,17,33666.426,1980.378256853889
"21-8718147",Elf,0,12,1471.0599,122.58833456039429
"46-5923521",Northman,0,7,4091.3,584.4714221954346
"58-5762345",Elf,1,4,640.08997,160.02250003814697
"61-2666847",Human,0,4,1465.61,366.40249252319336
"30-3582057",Human,0,21,7415.5796,353.12285029888153
"96-5632854",Hobbit,0,5,924.57,184.91400260925292
"04-9424955",Human,0,15,5622.82,374.85466823577883
"90-2304810",Angel,0,23,46636.523,2027.6747804724653
"21-9190019",Orc,0,9,9552.92,1061.4355896843804
"54-1441578",Human,1,145,222151.72,1532.0824620131789
"54-7673243",Hobbit,0,40,23824.375,595.6092504262924
"87-2927705",Northman,0,38,17153.41,451.40552804344577
"78-9065792",Orc,0,1,37.43,37.43000030517578
"35-2997656",Orc,0,4,9732.31,2433.0774536132812
"58-1673552",Human,0,2,606.4,303.2000045776367
"60-1453906",Human,0,62,127029.055,2048.8558276699437
"60-0753863",Human,0,1,149.73,149.72999572753906
"73-9475373",Northman,1,139,243185.5,1749.536107518757
"14-3810962",Elf,0,21,1353.5598,64.45523712748573
"98-7480996",Human,0,113,64410.312,570.0025673777657
"47-1993244",Orc,0,23,7333.6094,318.8526064934938
"05-0088915",Northman,0,180,107761.16,598.6734416095643
"83-7304949",Hobbit,0,32,4701.4297,146.9196883738041
"95-8848935",Demon,0,1,59.89,59.88999938964844
"13-8182292",Human,0,34,54718.85,1609.3779028583976
"40-6427252",Human,0,48,19078.951,397.4781214557588
"04-3676583",Northman,0,1,53.29,53.290000915527344
"79-5368859",Hobbit,0,3,3069.4202,1023.1399993896484
"69-4181560",Human,0,5,3897.4001,779.4800123214721
"46-7041470",Human,0,2,935.8,467.8999938964844
"58-1968556",Northman,0,115,80596.734,700.840959051381
"76-0598741",Hobbit,0,33,4619.1016,139.97272751548073
"41-3742472",Elf,0,161,461872.7,2868.775272548569
"49-1953601",Hobbit,1,23,28934.871,1258.037827864937
"06-8013655",Hobbit,0,2,29.949999,14.97499942779541
"59-7581226",Hobbit,0,2,253.04001,126.52000427246094
"74-3656392",Demon,0,32,13986.732,437.0853157043457
"20-2849037",Hobbit,1,11,2626.63,238.78453887592661
"57-0177128",Hobbit,0,20,8781.54,439.0769985198975
"82-1173913",Elf,0,1,31.07,31.06999969482422
"72-5521152",Orc,1,41,37400.76,912.2136506627246
"46-7107133",Human,0,54,120257.97,2226.999250950637
"69-0293147",Hobbit,0,156,46949.22,300.95654037212717
"31-7516542",Orc,0,71,142417.56,2005.8812711339601
"82-2262671",Human,0,3,81.53,27.176666577657063
"92-2505541",Human,0,67,56021.547,836.1423907493478
"91-9327477",Northman,0,123,76393.164,621.0826069649642
"58-4220867",Human,0,32,3997.7004,124.92812428623438
"52-5500201",Orc,0,155,54909.727,354.2561929472031
"64-6403747",Angel,1,35,9649.9795,275.71371023995533
"74-6837544",Elf,0,65,27991.344,430.6359976548415
"30-2187285",Northman,0,25,10932.76,437.31039936065673
"73-0268255",Elf,1,3,588.43,196.1433334350586
"55-7626830",Orc,0,1,374.32,374.32000732421875
"35-3451014",Orc,0,98,144726.78,1476.804174155605
"88-5315673",Angel,0,2,9.72,4.860000133514404
"93-2658770",Human,0,98,53997.91,550.9989776635657
"02-8121475",Angel,0,1,157.21,157.2100067138672
"16-9807376",Elf,0,17,10959.32,644.6658860515146
"70-6177304",Orc,0,27,2767.09,102.48481440792482
"70-3313852",Human,1,276,559833.0,2028.3805850830631
"84-8812761",Hobbit,0,31,11072.35,357.17258296474336
"86-9322838",Human,0,37,12713.391,343.60513274734086
"53-9670884",Hobbit,0,23,18394.75,799.7717376999233
"03-6241789",Human,0,17,46490.457,2734.7329541374656
"61-6979407",Human,0,15,3468.37,231.22466888427735
"63-2399024",Elf,1,29,21212.463,731.4641217527718
"90-8525566",Angel,0,4596,382803.72,83.29057852733877
"50-7074200",Northman,1,25,13617.749,544.7099922275543
"65-6328081",Northman,0,21,9929.92,472.8533387865339
"64-1403015",Elf,0,36,20773.643,577.045552521944
"80-3892631",Elf,0,61,52506.527,860.7626239589003
"11-3694445",Human,0,64,144726.88,2261.3573360443115
"83-6797432",Orc,0,223,17264.906,77.42107594708156
"87-6376254",Human,0,34,10912.148,320.9455875508925
"51-0574196",Northman,0,67,57356.203,856.0625341009738
"49-4712528",Orc,0,104,78973.21,759.3577851515549
"55-1725817",Human,0,1,5249.92,5249.919921875
"26-6264032",Hobbit,0,17,72183.0,4246.059362074908
"95-8774989",Elf,0,37,34669.133,937.0035033808467
"41-7688168",Northman,0,2,1160.39,580.1949806213379
"26-6390018",Elf,0,68,70002.0,1029.4411702997545
"73-4479204",Hobbit,0,39,10696.6,274.2717932187594
"21-9161895",Orc,1,68,55606.703,817.7455931376008
"96-6267666",Human,0,22,15608.35,709.470448884097
"67-1785004",Northman,0,14,42792.17,3056.5836225237167
"66-1951716",Northman,0,4,599.39,149.8474998474121
"78-1653619",Northman,0,6,378.07,63.01166661580404
"66-9437147",Hobbit,0,71,2515.589,35.43084523039804
"12-6410082",Demon,0,32,12574.881,392.96500516682863
"29-1276306",Elf,0,65,36891.35,567.5592327704796
"95-0947330",Human,0,268,378850.03,1413.6195576617968
"41-1264783",Orc,0,5,11402.591,2280.517987060547
"53-1585333",Human,1,81,22245.814,274.63962902551816
"18-8630531",Hobbit,0,75,47725.668,636.3421303812663
"77-1276695",Orc,0,8,383.3,47.91249942779541
"48-2868635",Human,0,43,10850.76,252.34325329093045
"96-6553826",Hobbit,0,30,5887.83,196.26099869410197
"36-5456734",Orc,0,224,319481.38,1426.2570501736232
"59-9368581",Hobbit,0,35,4025.5107,115.0145724432809
"46-6951486",Angel,0,99,176491.38,1782.7422252231174
"22-3726881",Hobbit,0,109,20577.875,188.78779702339696
"89-0235155",Orc,0,34,27238.203,801.1235185510972
"39-3951805",Northman,0,220,394722.5,1794.1931776090103
"10-6368133",Elf,0,84,35300.184,420.2402326911688
"58-9708411",Human,0,35,45078.098,1287.9454302106585
"47-2442067",Hobbit,0,31,18753.379,604.9477401241179
"67-5873224",Orc,0,8,19172.639,2396.5799741744995
"70-5182467",Human,0,45,10751.378,238.91955331166585
"30-1585352",Orc,0,22,4509.24,204.96544933319092
"14-9486756",Hobbit,0,399,130084.81,326.0272421161632
"07-9723603",Hobbit,0,259,158125.8,610.5243979908785
"74-1831985",Human,0,49,13299.563,271.41958949030663
"78-6196854",Human,0,43,38352.805,891.925583772881
"58-9248036",Hobbit,0,9,2867.2898,318.58777872721356
"19-9737838",Northman,1,4,786.06995,196.51749420166016
"33-7114964",Northman,1,11,2732.5498,248.4136310924183
"02-7078487",Human,1,6,2111.1702,351.8616689046224
"84-1987476",Northman,1,49,3362.98,68.63224521461798
"51-4591224",Hobbit,0,160,48715.977,304.474807985127
"62-5236182",Elf,0,6,1287.65,214.60833613077799
"49-0474361",Elf,0,8,4510.54,563.8175048828125
"29-2583647",Demon,0,23,7740.9893,336.5647821973847
"86-4983787",Elf,0,204,112984.41,553.8450959897509
"47-7883158",Hobbit,0,61,66902.72,1096.7659031064172
"83-9380652",Elf,1,48,26038.463,542.4679130911827
"53-0433713",Angel,1,19,5086.9897,267.73631286621094
"40-2966927",Orc,0,364,142631.72,391.84527518128425
"87-6935796",Northman,0,34,72727.73,2139.050608915441
"35-7444555",Human,0,75,148923.03,1985.6407946777344
"95-7137496",Northman,0,34,9294.301,273.3617645291721
"93-7611050",Demon,0,12,6359.68,529.9733378092448
"31-3186692",Human,0,120,15816.065,131.80049957434338
"14-9878491",Elf,0,24,13617.751,567.4062487284342
"20-0789065",Demon,0,28,150065.34,5359.47683443342
"09-8577011",Orc,0,102,13765.438,134.95519474207185
"41-5955863",Northman,0,4,1796.74,449.1850051879883
"02-7324881",Elf,0,16,20961.89,1310.1181197166443
"65-6099420",Elf,0,92,43960.098,477.8270665873652
"54-4385918",Orc,0,41,4008.9304,97.77878115235305
"48-1478274",Human,0,21,74862.31,3564.8723620460146
"16-1015461",Hobbit,1,41,18779.953,458.04754387460105
"09-1366107",Human,0,121,59124.914,488.63561711207893
"29-8059296",Human,0,15,12914.02,860.9346659342448
"74-9091958",Human,0,6,6627.91,1104.6516850789387
"35-4208320",Orc,0,49,16762.762,342.0971444577587
"83-5137397",Northman,1,17,3076.88,180.99294247346765
"36-2525823",Human,0,38,5421.3,142.66579015631424
"47-5406103",Elf,1,52,16583.414,318.9117304466378
"68-0276079",Human,1,75,24120.555,321.60733370463055
"12-2381672",Hobbit,1,124,92420.26,745.3245086016193
"37-0419785",Human,0,127,76823.72,604.9110208726305
"88-2608054",Hobbit,0,28,16402.69,585.8103588649204
"47-4770601",Human,0,229,37007.27,161.60375477445177
"55-9431194",Elf,0,30,22039.861,734.6619930267334
"99-5888189",Human,0,90,14300.303,158.89222188062138
"44-1258841",Human,0,2,411.75,205.87500381469727
"18-0737891",Human,0,88,9132.782,103.78159104964949
"79-3705760",Hobbit,0,28,12978.56,463.5200049536569
"10-4944245",Human,1,19,7101.74,373.7757809950333
"53-3069746",Human,1,11,2208.48,200.7709066217596
"21-5015648",Human,1,33,8113.739,245.8709074078184
"77-4522747",Human,0,92,28942.924,314.5969553823056
"00-5895027",Northman,0,1086,79911.56,73.58337948640077
"09-4955878",Northman,0,27,52308.33,1937.345162568269
"46-8595511",Angel,1,1,74.86,74.86000061035156
"20-4013177",Elf,0,96,38643.312,402.53447951128084
"29-2430522",Orc,0,12,5831.9,485.99166742960614
"88-0247421",Elf,0,3,497.84,165.9466692606608
"71-7826157",Elf,1,7,3473.68,496.24000767299106
"63-5664691",Northman,0,34,42968.133,1263.7685519106249
"90-9217818",Orc,1,196,89646.14,457.37836514579664
"19-2030446",Hobbit,0,1,11.23,11.229999542236328
"69-4608297",Orc,0,51,83614.61,1639.501957986869
"73-2499670",Hobbit,0,83,147707.94,1779.6134957922511
"68-8552416",Demon,0,21,63185.117,3008.814753214518
"02-2571312",Human,0,53,153878.9,2903.3757188185205
"82-6202625",Elf,0,24,35916.242,1496.5099940299988
"04-9974284",Hobbit,0,9,19648.02,2183.113318549262
"52-2858831",Human,0,18,19767.04,1098.1688711548018
"91-5981843",Demon,0,9,2990.81,332.31222385830347
"63-6562156",Hobbit,1,13,4937.27,379.7900017958421
"12-0485176",Northman,0,203,37124.355,182.8785711579722
"14-5362908",Hobbit,0,88,51832.82,589.0090964273973
"39-4150573",Orc,0,68,25697.836,377.90926625448117
"89-9220280",Human,0,43,41628.05,968.0939524949983
"70-2522410",Elf,0,118,41386.23,350.7306782350702
"10-1106125",Human,0,28,19599.38,699.9778524466923
"12-6080989",Northman,1,224,1929182.4,8612.420923722642
"57-3239072",Elf,0,53,18772.123,354.1909404970565
"06-7800273",Hobbit,0,49,179727.72,3667.9127026834353
"19-4246170",Hobbit,0,9,3900.42,433.37999576992456
"11-3089216",Orc,0,53,20479.764,386.4105617820092
"11-9010080",Hobbit,0,86,32145.89,373.7894184256709
"30-5073856",Orc,0,34,35210.566,1035.6049941567815
"54-2124344",Northman,0,76,47719.14,627.8835529991867
"95-6962864",Human,0,15,6236.1606,415.7440017700195
"05-6784721",Human,0,72,35795.402,497.1583305862215
"63-4842095",Human,0,2,44.92,22.459999084472656
"66-1506980",Northman,0,7,1021.88995,145.98428290230888
"73-8585905",Orc,0,39,17105.643,438.6061497223683
"12-3795927",Elf,0,14,25468.69,1819.1921349934169
"88-1337927",Elf,0,30,12646.512,421.5503299077352
"18-4570452",Northman,0,2,45.04,22.519999504089355
"79-5146918",Elf,0,31,50919.63,1642.5687238939347
"32-1331449",Human,0,73,21604.18,295.9476713285054
"93-3903969",Human,0,67,10878.534,162.36611946483157
"30-5095604",Angel,0,79,20968.473,265.42366970351696
"70-1438863",Human,0,66,33965.664,514.6313601858689
"96-0495417",Orc,1,1,37.43,37.43000030517578
"87-8203509",Human,1,36,65308.29,1814.1188713709514
"80-7424179",Demon,0,57,18584.941,326.05157576109235
"48-2555062",Human,0,10,4274.7197,427.4720039367676
"32-9071026",Elf,0,35,261395.6,7468.445480728149
"17-0554653",Orc,0,40,8199.031,204.97574944794178
"29-5869645",Human,1,1,374.32,374.32000732421875
"03-9323730",Human,0,35,6156.0293,175.88657084873745
"76-9947718",Human,0,8,1129.49,141.18624952435493
"77-1791922",Human,1,1,299.46,299.4599914550781
"22-8223362",Human,1,9,6778.9204,753.2133257389069
"60-5355673",Northman,0,122,291331.75,2387.965241228948
"21-2837322",Hobbit,0,19,16754.541,881.8178992020456
"35-4171516",Elf,0,28,8802.2705,314.36678641183033
"81-1678807",Orc,0,28,19794.02,706.9292834145682
"85-5670096",Northman,1,88,286908.97,3260.3292629068546
"70-0114451",Orc,0,1,74.86,74.86000061035156
"59-6880126",Northman,0,3,905.86,301.95333162943524
"15-1718179",Human,0,63,134810.47,2139.8487367175876
"49-6351328",Human,0,46,38488.203,836.6999923871911
"45-1028002",Orc,0,38,13594.508,357.75026040328174
"21-2409439",Human,1,16,3451.25,215.70312309265137
"93-1904845",Northman,0,81,137206.7,1693.909974348398
"94-4833109",Northman,1,73,136553.5,1870.596025440791
"07-1755738",Angel,0,24,27669.713,1152.9045820236206
"36-5441631",Northman,0,6,1197.8099,199.63499704996744
"87-7746401",Human,0,17,6004.08,353.18118241254024
"83-7132601",Human,0,33,6820.979,206.69636405598033
"29-9185675",Human,1,26,77776.04,2991.386491922232
"76-8119045",Elf,1,55,41917.152,762.1300032182173
"13-4442433",Hobbit,0,16,4529.31,283.0818700790405
"49-1736182",Northman,1,36,33179.71,921.6586182912191
"67-7212343",Human,0,22,7662.6006,348.3000002670187
"51-1202344",Human,0,1,74.12,74.12000274658203
"29-4913239",Northman,1,30,95819.58,3193.986334737142
"86-6619829",Orc,1,56,8182.6016,146.11785650679045
"53-9555647",Human,0,2,59.89,29.94499969482422
"42-0904460",Human,0,95,25247.854,265.7668412735588
"74-5577792",Hobbit,0,89,38201.844,429.23404552159684
"98-0645405",Elf,0,4,1302.63,325.65749073028564
"30-3539977",Demon,0,1,94.33,94.33000183105469
"09-9952913",Orc,1,68,242264.72,3562.7167604425376
"95-0512830",Elf,0,23,12346.84,536.8191230297089
"17-8754535",Human,1,77,16688.273,216.7307779045848
"28-5323407",Elf,0,51,11918.302,233.6921543233535
"33-0586764",Orc,0,28,21729.562,776.0557212488992
"63-5070817",Human,0,47,66823.62,1421.7787227050421
"06-1237026",Human,0,23,9542.899,414.90869571851647
"18-1511212",Orc,0,1,205.88,205.8800048828125
"18-5295425",Hobbit,1,4,4304.6797,1076.1699752807617
"91-6155588",Orc,0,70,28276.074,403.9438538415091
"86-9829079",Hobbit,0,49,58449.965,1192.856324487803
"24-9985119",Orc,0,128,66184.234,517.0642164424062
"88-6107098",Northman,0,143,26953.463,188.4857337658222
"35-2190285",Orc,1,23,7481.8794,325.299127433611
"08-9165877",Orc,0,4,2695.0999,673.7750091552734
"91-5325483",Hobbit,0,1,1.18,1.1799999475479126
"17-7218597",Northman,0,3,198.96,66.3200011253357
"05-7920909",Northman,0,13,2069.96,159.22769122857315
"94-2915343",Human,0,2,3556.04,1778.02001953125
"94-0870570",Human,0,1,7.49,7.489999771118164
"93-0216801",Human,0,5,2994.5503,598.9100128173828
"22-8898431",Elf,0,49,58453.773,1192.9340692310004
"15-7084668",Northman,0,160,65718.83,410.7426268160343
"18-1958823",Northman,0,65,27244.412,419.144770776767
"17-3847747",Angel,0,113,98602.414,872.5873441147593
"90-4673603",Angel,0,46,29819.518,648.2504327660022
"31-7966261",Human,0,6,1040.6,173.43333307902017
"81-2183539",Human,0,12,2358.12,196.51000181833902
"80-0227613",Northman,0,12,598.82,49.9016663034757
"48-3224757",Human,0,49,26764.043,546.204898105136
"93-6835918",Orc,0,1,2994.55,2994.550048828125
"98-5490901",Elf,0,32,16091.989,502.8746872842312
"32-2622380",Hobbit,0,71,35592.49,501.3026719999985
"16-9783404",Hobbit,1,3,516.57,172.18999481201172
"16-2759894",Human,0,5,1145.42,229.08400115966796
"10-7366002",Elf,0,46,18369.4,399.33478042872053
"64-8403526",Hobbit,0,26,16067.669,617.9872967830071
"30-3840043",Demon,0,112,48083.7,429.31874972581863
"42-2004427",Orc,0,2,228.33,114.16499817371368
"86-8991359",Angel,0,4,598.91,149.72749710083008
"82-7071075",Northman,0,274,829127.1,3026.0138811925904
"07-1171302",Orc,0,102,70448.96,690.6760735371533
"37-8273137",Orc,0,6,771.55,128.59166812896729
"66-0579828",Human,0,21,2900.6003,138.12381026858375
"72-5925557",Hobbit,0,5,2843.33,568.665998840332
"95-2760891",Demon,0,8,1293.49,161.6862537562847
"79-1052259",Northman,0,52,20216.479,388.77845853108624
"86-8620284",Northman,0,124,24161.414,194.8500803737871
"64-4356510",Orc,0,10,11542.2705,1154.2269802093506
"99-7186080",Orc,0,4,2395.6501,598.9124870300293
"17-5265511",Northman,0,27,12053.082,446.4103656344944
"01-2488429",Human,0,33,2522.8604,76.45030267310865
"75-1944551",Elf,0,1,2994.55,2994.550048828125
"91-1620543",Demon,0,68,16732.719,246.06941486807432
"54-9859337",Orc,0,19,6543.09,344.37316062575894
"60-5258203",Human,0,47,8013.1494,170.49255300582723
"89-6985903",Orc,0,8,28523.69,3565.4613585472107
"35-7362397",Human,0,63,13789.892,218.8871440017034
"96-3537536",Human,0,42,13450.183,320.2423801933016
"68-9256200",Orc,0,17,4711.5703,277.15117566725786
"69-4103167",Human,0,20,5716.6,285.8300022602081
"93-8379925",Human,0,31,82270.914,2653.9003161153487
"90-9299459",Hobbit,0,2,172.19,86.09499740600586
"32-5847306",Hobbit,0,231,150168.42,650.0798697610954
"03-6291929",Orc,0,2,571.95996,285.97999572753906
"44-6282674",Orc,0,28,17691.08,631.8242889302118
"28-3821384",Hobbit,0,2,1137.93,568.9650115966797
"98-5141980",Orc,0,23,10825.34,470.66695304538894
"54-9353726",Human,0,2,3651.4902,1825.7450561523438
"85-8762757",Northman,0,32,11658.109,364.31593656539917
"32-7677349",Human,0,147,105995.98,721.0612278730691
"99-9497987",Human,0,77,20102.393,261.06999675019995
"16-0835892",Human,0,86,39284.82,456.8001149310622
"70-6649494",Hobbit,0,59,35256.395,597.5659348277723
"72-1470390",Human,0,42,37179.94,885.2366638183594
"57-8197598",Northman,0,14,10260.09,732.8635698046003
"51-0705634",Elf,0,150,75944.06,506.29359903812406
"72-7312756",Northman,0,6,1349.8,224.96666463216147
"53-7997279",Northman,0,22,9852.091,447.82227464155716
"77-7003863",Northman,0,38,5978.62,157.33210428137528
"79-1354612",Hobbit,0,104,26793.188,257.6267319000684
"94-5579815",Human,1,8,1198.57,149.8212480545044
"33-0580035",Human,0,9,7448.9395,827.6599909464518
"15-3402736",Hobbit,0,36,16427.209,456.3113862938351
"87-5275983",Elf,0,23,6359.659,276.5069515394128
"43-9710382",Orc,0,13,8171.54,628.58000095074
"71-6923778",Orc,0,32,40898.883,1278.0899882018566
"33-3844390",Elf,1,13,6198.74,476.8261500138503
"46-0862414",Hobbit,0,4,16095.74,4023.935073852539
"41-1446258",Human,0,81,170057.3,2099.472718980577
"58-8631399",Northman,1,61,34716.633,569.1250840327779
"67-2270646",Orc,0,96,16712.986,174.09354176511988
"82-1587736",Orc,0,18,4079.9705,226.6650024255117
"17-5786453",Human,0,25,43158.996,1726.3599933624268
"67-5158892",Orc,1,25,30731.018,1229.2408059692382
"69-1737146",Elf,0,42,15979.82,380.4719014848982
"83-4659041",Orc,0,99,36378.05,367.45494995333934
"50-7843612",Human,1,17,10939.471,643.4982397977044
"38-7392229",Elf,0,22,48215.996,2191.6363907727327
"22-2405614",Human,0,23,9320.56,405.2417375315791
"87-9730667",Northman,1,20,14299.011,714.9504871368408
"36-8395344",Northman,0,88,26025.92,295.74897708811545
"33-8090546",Northman,0,26,2710.0105,104.23115378159743
"80-6194856",Angel,0,3,26671.63,8890.543579101562
"18-9467916",Human,0,132,25310.273,191.7444696896004
"47-2363279",Elf,0,94,52605.715,559.6352098241765
"27-7195736",Elf,0,29,6748.9395,232.72206856464518
"10-1653347",Angel,1,64,121952.36,1905.506257608533
"60-1087910",Human,1,322,713358.9,2215.400966778513
"46-6910413",Orc,0,55,25372.049,461.3099996046586
"50-2077344",Elf,0,22,17463.988,793.8177087090232
"08-2492881",Human,0,93,67563.38,726.4879564264769
"86-4645308",Human,1,26,16694.61,642.1003878666804
"20-2584931",Human,0,13,2480.8398,190.83384680747986
"58-9684416",Northman,0,10,2708.4001,270.83999462127684
"66-9980712",Human,0,1,748.64,748.6400146484375
"13-7284079",Orc,1,13,9829.841,756.1415375723288
"18-3127889",Hobbit,1,84,11196.53,133.2920241185597
"71-9039817",Human,0,87,108754.79,1250.0549407827443
"05-4999999",Human,0,14,28627.93,2044.8521497249603
"48-2438379",Human,1,39,26245.506,672.9615308565972
"76-9037800",Hobbit,1,106,132097.94,1246.2067920216973
"11-3860747",Human,1,8,2710.07,338.7587432861328
"79-8610270",Orc,0,73,114309.04,1565.8769798540088
"63-6127360",Human,0,51,102488.664,2009.5817751416973
"71-6048001",Human,0,2,2807.4,1403.7000122070312
"58-0607358",Elf,0,30,20147.43,671.5809920430183
"88-8128576",Northman,0,6,561.49,93.58166885375977
"33-2184483",Human,0,6,430.46002,71.74333254496257
"59-5893080",Orc,1,13,375.81,28.90846116726215
"44-1078969",Demon,0,51,25274.084,495.57020071441053
"01-5000513",Angel,0,1,149.73,149.72999572753906
"96-0550171",Orc,0,74,33656.438,454.8166278890661
"36-6773046",Elf,1,9,5049.01,561.001098666754
"41-5112353",Human,0,56,43727.99,780.8569605691092
"14-1994668",Hobbit,1,32,29540.402,923.137507557869
"78-2459285",Elf,0,10,1404.45,140.44499855041505
"02-1060745",Hobbit,0,142,73741.51,519.3061934088317
"91-7570468",Elf,0,26,16604.781,638.6453901437612
"96-4392739",Northman,0,57,5978.8716,104.8924560635759
"24-9211562",Orc,0,142,35227.42,248.08035033185718
"23-2548887",Human,1,10,5143.1504,514.3150005340576
"77-6223593",Orc,0,10,15117.4,1511.7400424957275
"95-4110438",Human,0,113,60155.926,532.3531839858114
"96-5991181",Orc,1,40,19318.84,482.97100219130516
"37-3997375",Orc,0,20,12855.6,642.7799921035767
"19-0273060",Demon,0,6,1239.0099,206.501664797465
"84-4444231",Hobbit,0,4,2171.05,542.7625045776367
"40-7150420",Northman,0,72,12922.183,179.47472090522447
"96-3605179",Human,0,4,1744.33,436.08250617980957
"73-4742327",Northman,0,16,5210.5396,325.65875244140625
"83-2995022",Orc,0,136,52831.516,388.4669075012207
"77-6048179",Human,0,1,74.86,74.86000061035156
"92-3982075",Human,1,84,257967.47,3071.0411669413247
"52-5107986",Northman,0,32,7963.2793,248.85250119119883
"77-7049340",Northman,0,6,2325.6602,387.6099899808566
"71-3016692",Hobbit,0,1,0.07,0.07000000029802322
"75-0099643",Angel,0,26,83776.414,3222.170030447153
"97-7769647",Human,0,48,12489.583,260.19957979768515
"84-4147377",Northman,0,93,288253.84,3099.5036576819675
"06-8159237",Human,0,1,673.77,673.77001953125
"01-4276406",Human,0,7,647.56,92.50857080732074
"25-9653620",Northman,0,14,3758.17,268.44071088518416
"18-4346930",Northman,0,36,4238.8403,117.74555605256722
"75-6802508",Hobbit,0,21,21849.0,1040.4285744712465
"35-9700429",Angel,1,845,153446.61,181.5937630687945
"54-7533851",Orc,0,23,8536.45,371.1500049363012
"81-7320574",Hobbit,0,36,3698.2102,102.72805598047044
"20-4239378",Hobbit,1,6,2733.4302,455.5716653863589
"89-8641570",Human,0,21,51057.336,2431.3014647165933
"99-3358329",Human,0,6,546.12,91.0199990272522
"01-4149921",Hobbit,0,15,5727.08,381.80533084869387
"56-6461628",Hobbit,0,32,6096.7393,190.52312384545803
"56-0394613",Orc,0,96,115913.08,1207.4280193646748
"79-0895965",Human,0,87,32580.064,374.4834479737556
"04-7342249",Human,0,32,13730.021,429.0631227493286
"66-7677890",Northman,1,490,615157.1,1255.4230173730577
"27-7735152",Angel,0,24,16798.338,699.9308181206385
"47-6183037",Orc,0,13,2079.05,159.92692173444308
"58-3433614",Hobbit,0,20,4355.4497,217.77249569892882
"67-9690602",Hobbit,0,44,62825.023,1427.8413665023718
"77-3562620",Elf,1,1,449.18,449.17999267578125
"99-5223475",Orc,0,45,51453.96,1143.4211093478732
"50-2131414",Northman,0,9,1710.64,190.07111043400235
"21-8037999",Northman,0,39,17095.16,438.33743281853504
"45-1762735",Human,0,50,23511.8,470.2359984970093
"05-8416020",Orc,0,23,39116.402,1700.7130385689113
"04-5047920",Human,0,6,737.09,122.84833494822185
"39-0965220",Human,0,51,29650.305,581.37843598104
"88-4087812",Human,0,32,63470.656,1983.457835264504
"43-9638577",Human,0,142,96100.49,676.7640130771717
"27-7272386",Northman,1,99,58201.035,587.8891950087113
"61-6275777",Northman,0,2,1504.77,752.3850145339966
"14-7170857",Orc,0,22,20891.62,949.6190781593323
"29-7478787",Orc,0,126,40785.387,323.6934111156161
"57-7860271",Human,1,22,8188.9004,372.22273167696864
"19-1081240",Northman,0,23,9361.71,407.0308678668478
"77-6505762",Northman,0,14,39677.844,2834.1314413888113
"48-1489914",Angel,0,68,37410.293,550.1511776026557
"45-5455995",Human,0,60,36246.426,604.1070001602172
"42-6755069",Orc,0,16,3244.7097,202.7943775653839
"47-2796421",Angel,0,91,8483.608,93.22648252759662
"61-1548249",Northman,1,60,130862.125,2181.0351696014404
"82-2814636",Northman,0,24,6045.26,251.8858319123586
"15-8281671",Elf,0,1,23.67,23.670000076293945
"95-0654303",Hobbit,0,101,32241.94,319.2270292149912
"09-6781790",Hobbit,0,25,8399.72,335.98879722595217
"31-3325535",Human,0,85,21066.936,247.8462328966926
"64-4190698",Northman,0,3,1534.71,511.5699920654297
"50-5723431",Human,1,2,5240.4697,2620.2349853515625
"99-7533666",Elf,0,15,14250.239,950.0159993489583
"55-0727277",Hobbit,0,41,26750.957,652.4622021244793
"78-2967992",Demon,0,2,4716.4297,2358.2149658203125
"35-5641863",Northman,0,17,13287.58,781.6223458682789
"77-1310943",Hobbit,1,18,4318.8203,239.93444422880808
"04-4001420",Northman,0,44,82792.75,1881.653186863119
"32-2449105",Orc,1,49,51854.465,1058.2540853850696
"43-9735648",Elf,0,40,5943.2915,148.58225157260895
"94-8509702",Elf,0,9,894.6099,99.40111139085558
"44-3031050",Human,0,16,4993.4297,312.0893751382828
"91-1502238",Human,0,46,29649.785,644.5604304438052
"05-3344785",Hobbit,1,68,8835.981,129.9408817361383
"63-2264838",Orc,0,40,38492.875,962.3217432260514
"42-8196918",Human,0,33,3057.4001,92.64848451903372
"55-5066705",Northman,0,2,2737.4402,1368.720048904419
"15-2109115",Elf,0,16,13250.899,828.1812524795532
"38-3982202",Demon,0,5,1411.2001,282.24000091552733
"78-2302501",Northman,1,116,81946.94,706.4389652877019
"23-9383331",Human,0,44,8278.201,188.14091056585312
"92-3504148",Northman,1,19,16690.91,878.4689359162983
"40-5933995",Human,0,105,112701.29,1073.3457226798648
"89-7879477",Orc,0,1471,550778.44,374.4261089065381
"85-7826919",Elf,0,21,18603.658,885.8885774158296
"64-0925171",Human,1,84,44962.42,535.2669004939851
"74-8142365",Hobbit,0,1,74.86,74.86000061035156
"78-3826783",Orc,0,44,24692.33,561.1893157525496
"84-3649768",Northman,1,471,83650.445,177.60178264918602
"16-7694368",Hobbit,0,45,16878.594,375.0797801971436
"62-6711884",Northman,0,235,58827.492,250.3297437165646
"69-9518894",Elf,0,16,13364.679,835.2924907207489
"07-1541608",Elf,1,20,30113.98,1505.6990406036377
"42-7020868",Hobbit,0,4504,6388133.0,1418.3230009987374
"52-5554212",Hobbit,1,2,860.93,430.4650001525879
"64-0137834",Human,0,3,1531.79,510.59668223063153
"83-3224988",Elf,0,30,17593.008,586.4336593627929
"14-6627615",Human,0,16,4166.18,260.3862524032593
"20-6890096",Human,0,1,374.32,374.32000732421875
"17-6646642",Human,1,159,27827.916,175.01830264457368
"89-6756705",Human,1,15,27999.08,1866.6053181966147
"91-8532026",Orc,0,30,7144.24,238.14132957458497
"19-1303362",Elf,0,102,76834.15,753.2760777239706
"94-4563312",Human,0,24,4213.8403,175.57666738828024
"15-0181601",Human,0,312,86578.1,277.4941010459875
"93-1514314",Northman,0,37,84091.336,2272.738926191588
"96-5279588",Human,0,22,5035.53,228.8877246163108
"28-7040069",Northman,0,53,8493.31,160.2511317594996
"66-4666489",Orc,0,26,48960.977,1883.114230816181
"26-9642301",Hobbit,0,2,786.07,393.03500747680664
"47-2554764",Orc,0,57,31669.475,555.6047377042603
"07-3799237",Elf,0,44,4721.2695,107.3015902259133
"41-1419082",Northman,0,73,36755.65,503.5020554284629
"84-7904472",Human,1,1,299.46,299.4599914550781
"73-8760111",Hobbit,0,22,9270.851,421.40227647261185
"14-8055341",Orc,1,1,524.05,524.0499877929688
"13-5790130",Orc,1,15,2377.5798,158.5053330739339
"03-6782343",Orc,0,4,5942.99,1485.7474784851074
"89-1399195",Orc,0,47,33613.086,715.1721246597615
"84-7265933",Hobbit,0,44,4710.4395,107.05545524575494
"11-1401515",Northman,0,6,2066.24,344.3733317057292
"76-7759446",Orc,0,25,14534.84,581.3936037445069
"61-8932342",Elf,0,19,1414.91,74.46894675806949
"47-2174136",Orc,1,2,127.200005,63.60000133514404
"31-6022631",Hobbit,0,111,53655.926,483.3866625248983
"14-5819228",Human,1,938,101087.46,107.7692214276161
"39-1677301",Hobbit,0,17,5648.4897,332.26411944277146
"64-6827824",Human,0,19,3079.1501,162.06052832854422
"81-1591848",Human,0,105,575423.5,5480.223377236865
"46-2850823",Angel,0,24,8193.9,341.41250281532604
"41-7760000",Human,0,7,1534.7002,219.24285997663225
"86-9024443",Northman,0,3,598.91,199.6366704305013
"42-6590057",Human,0,166,37689.53,227.0453005077609
"34-8384469",Demon,1,19,6449.66,339.45578539998905
"38-1211182",Hobbit,0,2,224.59,112.29499816894531
"63-4839334",Elf,0,33,16003.621,484.9581728848544
"53-3627037",Orc,0,12,23241.469,1936.789192199707
"30-6201286",Elf,0,39,11990.184,307.4405141243568
"95-0395492",Angel,0,35,6578.2793,187.9508564063481
"13-3635172",Northman,0,13,4289.71,329.977691486048
"03-5350523",Human,0,22,4380.2803,199.10363986275414
"26-7300273",Hobbit,0,18,40164.484,2231.3600243462456
"19-8968569",Northman,0,28,5914.2095,211.22178649902344
"05-9629441",Human,1,32,27845.592,870.1746873557568
"00-9220924",Northman,0,3,38.18,12.726666450500488
"92-4247079",Northman,0,32,21088.838,659.0262439250946
"45-3109218",Demon,0,40,24361.36,609.0339945077897
"15-5823607",Human,0,5,329.40002,65.88000106811523
"68-2817989",Orc,0,7,3631.71,518.8156970994813
"80-6926259",Human,1,80,8352.804,104.41000098884106
"22-3499749",Hobbit,0,15,3840.5898,256.039333597819
"03-1863653",Human,0,22,20389.299,926.7863497300582
"77-5507102",Hobbit,0,92,94006.586,1021.8106496645057
"48-9150942",Human,1,92,25307.713,275.0838040890901
"28-1103562",Elf,0,19,9094.85,478.67631028827867
"87-2008707",Hobbit,1,13,2215.69,170.43769056178056
"40-8690349",Hobbit,0,30,6172.5103,205.75033207734427
"42-3669464",Elf,1,37,12349.221,333.7627055644989
"58-0806485",Hobbit,0,36,31090.982,863.6383442282677
"93-6394950",Demon,0,111,404504.8,3644.1887550553356
"52-6742038",Demon,0,26,3051.5703,117.36807632446289
"14-0261479",Angel,0,18,1886.5498,104.80833350287543
"02-5610726",Angel,0,49,8782.238,179.2293881786113
"42-7705050",Orc,0,20,41272.453,2063.6224891662596
"40-4299188",Northman,0,120,189538.16,1579.4845862229665
"83-4659605",Angel,0,81,6871.241,84.83012350105945
"09-7236570",Northman,0,21,7829.94,372.85428569430394
"84-3956080",Hobbit,0,32,2549.1396,79.66062501817942
"17-8712452",Orc,1,82,28800.705,351.22804831586234
"94-9571422",Human,0,2,89.83,44.915000915527344
"56-9533756",Human,0,36,10472.261,290.89611392551
"21-9082785",Hobbit,0,3,711.21,237.07000223795572
"90-5332369",Elf,0,20,2802.15,140.10749950408936
"26-8663320",Orc,0,9,10756.5205,1195.1688817342122
"21-9435281",Elf,1,65,41370.68,636.4719983935356
"02-5058352",Northman,0,50,52240.4,1044.807805519104
"07-9405238",Human,0,12,37174.082,3097.8400133450828
"08-2770768",Orc,0,32,12472.343,389.76062083244324
"27-9650899",Demon,0,30,2629.4402,87.64799979527791
"07-1810225",Hobbit,1,324,567202.44,1750.6266660650294
"99-9172298",Orc,0,49,14298.392,291.80387858955226
"24-8891809",Hobbit,0,15,11193.221,746.2146722157796
"73-2493002",Human,0,2,74.86,37.43000137805939
"17-1407724",Human,0,168,536111.0,3191.1368448563985
"37-3910357",Angel,0,8,1635.78,204.47250175476074
"49-6268255",Northman,1,141,75414.62,534.8554612761693
"67-3991915",Orc,0,71,155554.22,2190.9046375919397
"69-6370789",Northman,1,1,7.49,7.489999771118164
"98-1008461",Hobbit,1,141,21066.191,149.40553129480242
"47-3135571",Orc,1,53,22703.182,428.3618819578639
"46-4670379",Elf,0,6,622.52,103.75333333325882
"55-8255146",Angel,0,56,13625.292,243.30874616759164
"84-3250086",Northman,0,48,14526.58,302.63708414634067
"63-8087023",Human,0,42,36428.953,867.3561838922046
"62-4949132",Orc,0,13,2025.07,155.77461682833157
"14-7091049",Angel,1,15,3942.26,262.8173323949178
"51-1925765",Demon,1,13,1998.8701,153.75923266777625
"56-1139934",Human,0,31,12917.73,416.7009651430192
"80-6893936",Orc,0,18,3331.4202,185.07888592614069
"18-3691923",Angel,0,25,11701.961,468.0783978271484
"93-1896967",Hobbit,0,15,3556.0103,237.0673313776652
"58-4555502",Orc,1,13,2163.5698,166.42846034123346
"39-1661015",Northman,0,114,70215.31,615.9237721510101
"59-7327215",Orc,0,1,299.46,299.4599914550781
"71-5718587",Demon,0,35,34993.35,999.8099986689431
"14-5924633",Human,0,154,541322.4,3515.0810301334827
"98-1894724",Elf,0,20,11597.17,579.8585062026978
"64-8008245",Hobbit,1,33,4757.59,144.1693929903435
"06-5048807",Hobbit,0,58,15149.801,261.2034504043645
"40-7156622",Human,0,97,11693.232,120.5487622563372
"59-1509758",Human,0,20,7974.5103,398.72549476623533
"29-4211401",Elf,0,40,32227.852,805.6962581157684
"03-6018995",Orc,0,35,172413.25,4926.093724114554
"05-7024002",Elf,0,33,8152.239,247.03757572896552
"07-6071501",Angel,0,114,29743.307,260.90613808347274
"60-7303709",Human,0,229,321507.16,1403.9624837350636
"83-8770690",Human,0,60,17771.188,296.1864984591802
"30-7911769",Human,0,41,27987.863,682.6307382351015
"53-9452286",Elf,0,19,2781.2197,146.37999705264443
"25-5229049",Orc,0,53,37034.836,698.7703765113399
"95-7424735",Elf,0,21,5079.519,241.88190169561477
"44-0585569",Human,0,21,6007.3594,286.0647565296718
"68-0223074",Northman,0,3423,249035.7,72.75356707402855
"91-5666170",Demon,0,18,6090.17,338.3427784707811
"70-5274040",Orc,1,14,44532.746,3180.9107539994375
"84-2992151",Angel,0,142,251740.06,1772.8177352824682
"27-4766985",Orc,0,25,7108.3306,284.3332030487061
"21-8933292",Orc,0,6,1915.7999,319.29999446868896
"65-1962015",Orc,0,6,565.21,94.20166905721028
"26-4986447",Northman,0,19,1793.7201,94.406316606622
"69-0680239",Human,0,106,58388.37,550.8336733287235
"04-5655503",Orc,0,88,5120.3594,58.18590885671702
"93-5193597",Hobbit,0,3,950.77,316.92333730061847
"97-6018256",Human,0,6,2395.6501,399.27500406901044
"01-1414652",Hobbit,0,8,16471.299,2058.912528991699
"41-0533824",Northman,0,4,2132.0,533.0000076293945
"37-7507520",Demon,0,21,3937.83,187.51571293104263
"42-6445564",Northman,0,324,467504.06,1442.9142513576849
"50-5550630",Human,0,79,116383.53,1473.2091331632832
"53-4394443",Demon,0,62,26509.291,427.5691897023109
"04-5902611",Elf,0,81,11915.302,147.10247049581858
"78-8091589",Elf,0,1,374.32,374.32000732421875
"56-8354782",Northman,0,37,12367.499,334.25675359287777
"30-4674870",Hobbit,0,46,56818.77,1235.1904325070589
"02-0716914",Hobbit,0,78,155737.66,1996.6370943509614
"40-9220384",Orc,0,103,77053.79,748.0948500401765
"79-8625154",Angel,0,82,267667.34,3264.2358428210746
"02-9271017",Northman,0,74,86880.06,1174.0549899993111
"41-2373315",Angel,0,112,52100.88,465.18634367394924
"23-2931503",Elf,0,98,57562.2,587.3692876124869
"35-9632111",Northman,0,75,40408.055,538.7738667297364
"76-7023703",Angel,0,35,5888.039,168.22971178463527
"90-4387406",Human,0,15,7901.14,526.742662636439
"15-9042219",Hobbit,0,32,53924.453,1685.1390726566315
"97-1879737",Northman,0,2,3883.8499,1941.9249725341797
"26-5841487",Elf,0,154,222976.73,1447.9011735393628
"92-9492805",Elf,1,140,28308.836,202.20600050772939
"63-8924549",Orc,0,36,24874.273,690.9519460995992
"64-1449437",Orc,0,7,2777.4402,396.77714974539623
"57-9607077",Human,1,116,13090.003,112.84482824699631
"44-4455691",Orc,0,80,89026.58,1112.832122206688
"08-1101808",Human,1,38,4911.04,129.23789285986047
"00-0778934",Orc,0,90,28770.574,319.67299931844076
"24-4890709",Human,0,2,1630.53,815.2649841308594
"45-1745602",Human,0,1,149.73,149.72999572753906
"07-8537025",Northman,1,7,8452.121,1207.4457353864398
"46-4680214",Northman,0,23,1751.7799,76.1643477730129
"36-8875021",Human,0,25,13411.601,536.4640018081665
"66-5403790",Human,1,133,35693.676,268.3734579355197
"36-4028801",Human,0,48,27436.152,571.5864569544792
"17-5220701",Hobbit,0,30,11764.86,392.1620012919108
"79-4579450",Human,1,32,8465.63,264.5509352385998
"75-7945453",Hobbit,0,167,27617.986,165.3771244951351
"62-8617336",Northman,1,9,4911.0903,545.6766579945883
"83-2144052",Human,0,3,691.16,230.3866704305013
"74-1249363",Elf,0,49,21229.938,433.26387537742147
"28-7587129",Human,0,81,17488.188,215.90345500428
"55-5550093",Angel,0,22,2868.0303,130.36499890414152
"71-1249858",Human,0,34,9074.998,266.9117626863367
"11-3149044",Northman,1,24,7740.9204,322.5383361975352
"10-3518275",Human,1,16,4966.4805,310.4049961566925
"63-4962585",Hobbit,1,170,76169.53,448.056294094815
"81-5875961",Human,0,26,9759.93,375.38191456061145
"35-4637858",Hobbit,0,2,157.22,78.60999774932861
"91-5335460",Human,0,153,37642.703,246.0306530115651
"99-4929674",Orc,1,22,25281.518,1149.1599988070402
"97-8326058",Human,1,29,3126.3103,107.80379242732607
"05-8250318",Angel,0,35,30980.62,885.1605713980539
"92-4330121",Northman,0,98,48680.902,496.7438787088102
"26-3887993",Human,1,70,6371.491,91.0212853137936
"51-5551863",Angel,0,17,6521.41,383.6123509126551
"52-8780257",Human,1,7,1099.35,157.05000196184432
"85-3850733",Orc,0,43,1609.5398,37.43116283416748
"56-5908327",Orc,0,125,49103.01,392.82399670410155
"17-8714946",Human,0,28,6524.4004,233.0142878804888
"06-0788088",Elf,0,64,54504.15,851.6271772682667
"07-6219433",Orc,1,221,167538.22,758.0918969040004
"10-6615344",Angel,0,57,58218.766,1021.3817583050644
"57-9352877",Hobbit,1,23,7376.35,320.71086572564167
"45-0193224",Human,1,82,77833.69,949.1913373993664
"21-9898355",Northman,1,71,11170.943,157.3371838415173
"04-9354177",Northman,0,2,153.47,76.7349978685379
"57-8223814",Elf,0,47,7134.511,151.79808501487082
"35-3220400",Orc,0,60,101032.74,1683.8789845625558
"58-6374283",Human,1,27,14987.75,555.1018326370804
"64-2183033",Orc,1,28,17910.5,639.6607049277851
"83-7139335",Orc,0,23,7338.4,319.06087005948245
"41-1816983",Human,0,7,1817.0999,259.5857151576451
"28-5083802",Orc,1,24,15585.328,649.3887447913488
"10-7600416",Northman,0,9,4914.82,546.0911028385162
"05-9829314",Orc,0,60,25024.193,417.06983276406925
"74-5489634",Orc,0,208,103505.29,497.6215846492694
"71-6712476",Angel,0,14,2945.89,210.42071683066231
"88-1679478",Human,0,4,1081.7,270.4249949455261
"27-8599909",Northman,1,33,25492.012,772.4851365522904
"95-9846705",Orc,1,59,26264.105,445.1542339486591
"67-6411440",Human,0,87,22226.31,255.47470899559985
"76-0851298",Human,1,76,21285.252,280.06907863679686
"62-6383060",Human,0,39,17278.729,443.0443574465238
"42-1976207",Human,0,87,9937.717,114.22655115730461
"58-8532346",Hobbit,0,1,860.93,860.9299926757812
"52-5759263",Orc,0,1,74.86,74.86000061035156
"22-1392215",Orc,0,1,224.22,224.22000122070312
"69-5289410",Angel,0,3,855.85004,285.2833429972331
"67-6691977",Hobbit,0,196,202986.66,1035.6466333622834
"89-4351226",Orc,0,7,1088.5201,155.5028588431222
"04-3958437",Orc,0,18,2665.1501,148.06388738420276
"89-6437415",Orc,1,32,11798.552,368.70468455553055
"82-7624854",Human,0,19,2432.54,128.02841834018105
"61-0883883",Elf,0,7,13774.959,1967.8514229910713
"44-8449363",Hobbit,0,117,36380.12,310.94102387143
"82-3286815",Angel,0,5,531.53,106.30600166320801
"46-7655254",Hobbit,0,7,396.76,56.68000044141497
"93-0689529",Human,0,100,57732.918,577.3289985179902
"94-3239431",Hobbit,0,43,27749.02,645.3260434838229
"50-5907764",Hobbit,1,46,3375.2202,73.37434787254618
"09-3262408",Human,0,64,31682.578,495.0401674322784
"70-5418925",Orc,0,3,334.84,111.6133321126302
"83-1418470",Orc,0,11,1819.9398,165.44909011233938
"42-5218168",Orc,0,17,5105.72,300.3364741942462
"28-4058145",Orc,0,49,17842.14,364.1253090683295
"00-6666091",Angel,0,13,10293.79,791.8300030048077
"71-9261256",Human,0,14,15025.98,1073.2842848641533
"78-7496653",Northman,0,37,20153.35,544.6851285985998
"27-1572831",Hobbit,0,364,569900.06,1565.6624702699892
"02-4168881",Hobbit,0,26,8742.92,336.2661544451347
"33-7110873",Human,0,30,3467.32,115.57733167012533
"49-9247106",Human,0,97,61500.48,634.0254681282437
"94-9474607",Angel,0,22,7097.099,322.5954541293058
"91-7255848",Human,0,70,27928.04,398.9718572820936
"13-4632056",Angel,0,78,44774.152,574.0274341075848
"34-6164710",Human,0,17,9481.5205,557.736478693345
"80-5845641",Orc,0,75,16558.562,220.78079934120177
"96-9893936",Human,0,58,56280.453,970.3524097574168
"06-7521460",Human,0,6,861.39,143.56499898433685
"02-2868677",Human,0,1,3743.19,3743.18994140625
"13-0255753",Angel,0,16,5554.91,347.1818796545267
"13-8428959",Northman,1,1,748.64,748.6400146484375
"01-0708619",Hobbit,0,40,20008.89,500.22225432395936
"92-2282155",Human,0,40,12241.293,306.03224816322324
"36-6442099",Northman,0,21,4157.75,197.9880949202038
"57-4547683",Elf,0,87,48178.273,553.7731008420045
"85-5450319",Human,0,85,16780.139,197.41341149035622
"49-6002354",Orc,0,18,7531.3096,418.40610758463544
"08-2850611",Elf,0,25,14579.762,583.1904020023346
"95-6565014",Demon,1,43,11057.359,257.14790432952174
"73-4857533",Northman,0,9,2217.1602,246.35111490885416
"74-3025928",Elf,1,21,5071.7104,241.50999877566383
"42-2181407",Human,0,4,561.48,140.3700008392334
"85-8842352",Human,0,2,97.32,48.65999984741211
"24-7678442",Elf,0,43,11108.791,258.3439546906671
"78-0426952",Elf,0,35,7686.861,219.624568435124
"66-5003138",Human,1,200,361331.88,1806.6599895095826
"87-9163255",Human,1,14,1242.95,88.7821428243603
"66-9663045",Elf,0,22,10474.5205,476.11455141414297
"95-2315827",Human,0,12,5210.5405,434.2116713523865
"70-7637937",Northman,0,32,24354.908,761.0909328460693
"29-6468553",Hobbit,0,13,2841.09,218.54538932213416
"70-4952671",Human,1,38,14027.68,369.14947446396474
"14-9942260",Northman,0,177,295591.78,1670.0106806799265
"21-9704921",Northman,0,55,6704.0913,121.89254395745017
"01-0645501",Elf,0,38,5330.2896,140.27078939739027
"03-3451727",Elf,0,27,6495.8506,240.58703896292934
"54-5944085",Human,1,5,7433.98,1486.7960083007813
"39-3378926",Hobbit,0,2,2620.24,1310.1199951171875
"98-4454535",Elf,0,61,79657.76,1305.864595547013
"47-5741112",Human,0,2,112.29,56.14500045776367
"75-1352345",Orc,1,152,33217.395,218.53546005330588
"80-8136017",Elf,0,24,12656.489,527.353747288386
"12-9084841",Orc,0,70,65919.91,941.7127135174615
"67-8594014",Human,0,55,24501.174,445.4760018088601
"11-4067176",Orc,0,37,22984.229,621.1953952892407
"19-9270165",Elf,0,49,21843.041,445.77632670986407
"07-6874149",Human,0,4,9664.92,2416.229995727539
"27-4690178",Human,0,63,23102.217,366.7018998842391
"11-1464387",Human,0,53,29967.998,565.4337714213245
"33-3911776",Human,0,30,10250.2705,341.6756631612778
"27-5838648",Northman,0,54,16673.754,308.7731411192152
"03-4610821",Northman,0,43,27969.938,650.4634717453358
"64-7304188",Northman,1,12,7943.0703,661.9225077629089
"99-5480229",Human,0,190,142612.2,750.5908909998442
"91-2899424",Northman,0,2,2245.92,1122.9600219726562
"18-9026760",Hobbit,0,40,12319.161,307.9790006875992
"35-5424204",Elf,0,169,768034.3,4544.5801945974135
"01-9688532",Hobbit,1,1,1.12,1.1200000047683716
"01-8019865",Human,0,49,35242.195,719.2283654504893
"65-2670508",Human,0,200,266661.25,1333.30644515872
"37-0411685",Hobbit,0,58,31765.055,547.6732693417318
"83-3511815",Human,0,32,10258.581,320.5806175842881
"51-1341092",Elf,0,141,24621.127,174.61787035786514
"10-9088099",Human,0,18,3224.62,179.1455568737454
"91-1094124",Elf,0,39,2781.1401,71.31128176664694
"73-0105924",Hobbit,0,100,150326.66,1503.2667031693459
"98-5766329",Angel,1,3,1924.0,641.3333231608073
"14-3675116",Hobbit,0,80,84082.22,1051.0276210434736
"72-7699555",Hobbit,0,11,5517.4697,501.588172565807
"27-8086967",Hobbit,0,5,2410.6199,482.12399411201477
"82-1917187",Orc,0,64,17864.625,279.1346877142787
"25-2421047",Human,0,59,24611.744,417.14813618235667
"93-6169933",Orc,0,32,2190.4998,68.45312488079071
"81-6362922",Northman,0,16,5562.43,347.6518751382828
"68-6204571",Hobbit,0,24,8967.599,373.64999596813385
"13-7994761",Orc,1,7,2403.1301,343.30428777422225
"36-6455326",Human,0,95,15727.323,165.55073589525725
"74-0613039",Human,0,52,16634.488,319.8940360179314
"99-1471314",Hobbit,0,53,79264.06,1495.5483111143112
"96-7641447",Human,1,1,82.85,82.8499984741211
"75-6148289",Northman,0,30,14284.08,476.13600130875903
"48-6654450",Human,0,77,17370.816,225.59493525810055
"04-7487075",Human,0,40,14615.491,365.38724611997606
"75-4704616",Orc,0,30,7550.031,251.66766872406006
"72-4714618",Angel,1,6,673.76,112.29333241780598
"53-3922880",Orc,0,56,47939.645,856.0649999252388
"49-1743993",Hobbit,0,18,1270.45,70.58055471049414
"41-5306750",Human,1,19,2175.57,114.5036851104937
"22-1924612",Human,0,1,374.32,374.32000732421875
"79-3587107",Human,0,127,55030.113,433.3079515967782
"78-6402479",Hobbit,1,77,14238.172,184.91129796535938
"52-7447715",Northman,0,12,20842.1,1736.8416913350422
"30-3199594",Hobbit,0,26,7251.25,278.8942318054346
"75-2041764",Hobbit,0,82,19870.86,242.32756073227742
"81-6014410",Human,0,16,7305.0195,456.56375362398103
"45-7599504",Hobbit,0,49,19786.912,403.81448868342807
"96-2424958",Orc,0,1,74.86,74.86000061035156
"86-3905162",Angel,0,59,29832.123,505.6291502613132
"80-2942087",Orc,0,33,12788.41,387.5275704354951
"23-2010188",Hobbit,0,40,31809.611,795.2402439117432
"59-3764021",Elf,0,34,17825.078,524.2670608969296
"19-6681306",Orc,0,4,224.59001,56.1474986076355
"15-5866765",Hobbit,0,60,46108.656,768.4776524702708
"87-0811491",Demon,0,54,29353.207,543.5777761847885
"15-4210439",Northman,0,4,2403.13,600.782506942749
"31-4753940",Elf,0,158,24790.225,156.9000616782828
"65-2776746",Elf,0,44,39361.16,894.5718251358379
"46-3494456",Orc,0,56,21717.104,387.80535674095154
"24-7335770",Elf,0,36,21250.09,590.2802795304192
"89-9100370",Northman,0,20,7232.59,361.6295034408569
"83-0012665",Elf,0,4,808.52997,202.13250398635864
"99-7336511",Orc,0,59,13244.76,224.48745716224283
"75-9256457",Human,0,45,62705.953,1393.4655276828341
"65-4680232",Demon,0,36,119722.14,3325.61500038041
"55-9091390",Northman,0,42,42039.85,1000.9485658918109
"45-0821306",Northman,0,10,550.24994,55.024999904632566
"03-2136921",Elf,1,124,12590.606,101.53709653500587
"16-6486445",Human,0,86,28833.074,335.2682546127674
"54-0400874",Angel,0,27,21923.89,811.9959288703071
"60-9173078",Northman,0,157,118247.48,753.1687154257849
"24-4915191",Orc,0,12,10630.679,885.8900044759115
"50-8482221",Northman,0,14,1437.4302,102.67357363019671
"12-7046326",Orc,0,12,1916.5099,159.70916763941446
"48-6671450",Demon,1,10,3573.1204,357.31199741363525
"26-8750331",Human,0,84,21315.963,253.76142584709893
"33-3934511",Northman,0,114,82406.35,722.8627182768103
"12-2268500",Elf,1,111,24648.676,222.06008909414481
"10-9127851",Elf,1,32,380.78003,11.899374887347221
"84-2745832",Hobbit,0,73,58137.8,796.4080798789247
"91-4560733",Human,1,15,4394.4907,292.96600036621095
"54-9586826",Hobbit,1,128,47301.25,369.5410929489881
"87-5931552",Human,1,4,1347.5599,336.8899955749512
"29-3567046",Human,0,53,16617.86,313.5445257402816
"90-0250830",Northman,1,67,32894.26,490.9591010648813
"69-1307213",Northman,0,17,3114.3599,183.19764664593865
"05-2315764",Human,0,2,434.21002,217.1050033569336
"58-3307378",Human,1,66,14710.231,222.88227227059278
"52-8641917",Elf,0,30,33097.363,1103.2453272501627
"43-1334541",Human,1,102,71013.55,696.2111727607016
"41-5496474",Northman,0,23,19618.852,852.9934666428877
"65-1772180",Northman,0,30,78401.195,2613.372676229477
"04-2217131",Human,0,31,8671.342,279.720644137792
"40-9950458",Northman,0,129,34113.895,264.44875957915025
"91-6429268",Hobbit,1,34,7280.5103,214.1326438959907
"67-1056974",Angel,1,16,4746.3394,296.64625310897827
"43-8423386",Elf,0,274,1253886.8,4576.229701926239
"38-3455457",Human,0,94,64809.64,689.4641502816627
"05-1305205",Human,0,1,10.55,10.550000190734863
"46-4314326",Human,0,30,20882.22,696.0739992459615
"60-0059896",Elf,1,14,5277.9106,376.99357169015065
"21-7987747",Northman,0,17,5072.05,298.35588219586543
"48-7035594",Elf,0,150,54791.523,365.27673265513033
"10-4422850",Hobbit,0,23,11488.58,499.50347701362944
"52-6601274",Demon,0,132,59188.812,448.4000712488637
"53-7342262",Elf,0,22,13827.34,628.5154568065296
"25-5345583",Elf,0,1,2245.92,2245.919921875
"42-3071310",Northman,0,43,17347.451,403.42907783597013
"63-0938953",Human,0,12,3833.03,319.41916076342267
"89-1203163",Orc,0,32,19292.41,602.8878081142902
"71-0453947",Hobbit,0,2,598.91003,299.4550018310547
"97-7452756",Northman,0,5,561.47,112.29400177001953
"38-5647178",Elf,0,472,19807.174,41.964300528926366
"80-6079925",Hobbit,0,41,10611.703,258.8219536106761
"80-2961944",Human,0,10,452.69998,45.2699999332428
"70-9171154",Angel,0,19,6460.7803,340.0410481001201
"80-0232696",Human,0,31,6745.209,217.58741683344687
"70-2832539",Elf,0,91,40761.707,447.9307694932917
"49-6887376",Human,0,373,120762.45,323.7611508331094
"88-3226483",Human,0,25,17221.83,688.8731982803345
"78-8995355",Orc,1,49,22325.154,455.6153039348369
"93-8746547",Demon,0,47,6167.18,131.21659599466525
"96-7224901",Orc,0,31,11042.433,356.2074206875217
"44-3422673",Angel,0,4,2103.74,525.9349866677076
"09-6703065",Elf,0,23,6566.51,285.50043518128604
"32-0393455",Human,0,24,13524.16,563.5066709915797
"72-0635787",Human,0,10,10331.199,1033.119987487793
"55-0755027",Orc,0,687,142490.98,207.4103490790946
"36-2672174",Orc,0,12,2436.0698,203.00583259264627
"11-8146755",Orc,0,28,17623.934,629.4260652831623
"02-5404648",Northman,0,6,4409.5,734.9166564941406
"96-8135185",Orc,0,58,10039.231,173.09017181396484
"64-4355766",Northman,0,11,2433.8198,221.25636430220172
"53-1178543",Elf,0,13,9871.99,759.3838430551382
"94-2812450",Angel,0,151,501851.47,3323.5201446457413
"91-1601729",Human,0,33,10117.859,306.6018161195697
"59-1720868",Human,0,8,1778.02,222.2524985074997
"19-4260003",Hobbit,0,86,34794.105,404.58255574592323
"10-8235285",Elf,0,19,2519.19,132.58894560211584
"60-0851138",Orc,0,50,31330.729,626.6144098472595
"51-9612026",Angel,0,13,2860.09,220.00692396897537
"73-1025544",Elf,1,123,42613.773,346.45349805729415
"71-6737217",Elf,0,5,1029.23,205.84600334167482
"34-9863557",Hobbit,0,69,42572.86,616.9978187844373
"23-2604879",Human,0,3,299.45,99.81666533152263
"13-8334235",Hobbit,0,1,19.24,19.239999771118164
"58-1241559",Human,1,22,7987.998,363.0909104347229
"28-7955655",Northman,0,15,18766.5,1251.0999889532725
"92-6606306",Elf,1,17,13008.278,765.1929370655733
"98-0375866",Human,0,36,6572.5396,182.57055338223776
"37-5820497",Human,0,140,55799.36,398.56679096307073
"17-0528900",Hobbit,0,4,1422.4202,355.6050033569336
"15-3989131",Human,1,38,22496.531,592.0139453285619
"01-0892737",Elf,0,45,103597.34,2302.1637430099977
"44-8209773",Northman,1,10,2119.78,211.9779995203018
"30-7973822",Demon,0,53,178004.6,3358.5769949859045
"01-0663336",Hobbit,0,24,16095.709,670.6545871098837
"53-8501164",Human,0,33,4991.1597,151.2472724047574
"75-6132142",Human,0,9,2369.4297,263.2699983384874
"47-4375990",Hobbit,1,288,134973.1,468.65656429935996
"64-4995290",Orc,0,13,2761.1401,212.39538750281702
"18-6292861",Human,0,5,3181.7197,636.3439788818359
"79-5666455",Orc,0,179,139610.11,779.9449748913003
"49-5985914",Human,0,75,30340.096,404.5345323562622
"77-8924420",Hobbit,0,1,123.97,123.97000122070312
"09-6594022",Human,0,81,41929.87,517.6527109028381
"65-3934573",Orc,0,51,29090.844,570.4086305206897
"13-4873330",Human,0,11,4911.07,446.46090906316584
"85-5128908",Hobbit,0,9,4260.5103,473.3900074428982
"81-5724389",Orc,0,24,24320.375,1013.3487592268115
"98-1217409",Hobbit,0,2,281.12,140.55999755859375
"08-4435999",Orc,0,23,5810.17,252.6160831866057
"23-1491241",Orc,0,5,2732.54,546.5080032348633
"40-9477973",Orc,0,1,224.59,224.58999633789062
"57-3390066",Human,0,66,24036.344,364.18697170416516
"41-2304779",Hobbit,0,19,5262.9497,276.99736946507505
"50-2216903",Angel,0,32,7482.6187,233.83187514543533
"39-6523289",Hobbit,1,32,56147.93,1754.622486591339
"53-2548730",Angel,0,97,260650.94,2687.1228750169894
"52-4065601",Angel,0,23,10296.431,447.6708689150603
"34-7462364",Orc,0,75,86138.4,1148.5121267700194
"24-9067778",Human,0,25,12184.09,487.3635955047607
"25-4587331",Human,0,49,12034.369,245.59938962605534
"47-6283657",Angel,0,19,14673.359,772.2821085076583
"14-0755742",Hobbit,1,1,197.79,197.7899932861328
"59-1910725",Human,0,4,973.23,243.30749893188477
"77-2251238",Orc,0,93,41947.656,451.0501070637857
"36-5875135",Human,0,128,81816.54,639.1916381120682
"29-6583750",Orc,1,17,4664.01,274.3535237031824
"30-6372050",Hobbit,0,15,4107.7705,273.8513341267904
"83-6864343",Northman,0,31,27873.955,899.1597040237918
"44-2579863",Human,0,79,148105.36,1874.7512857620663
"46-1091804",Angel,0,29,6026.6895,207.81689476966858
"35-6036217",Orc,0,5,6393.37,1278.6739944458009
"95-3354732",Human,0,35,13170.112,376.28885593414304
"01-1228565",Northman,0,47,15221.295,323.8572341533417
"88-4208292",Human,1,81,14409.074,177.88975626975298
"62-1351598",Northman,1,27,11548.502,427.7222278383043
"70-9933832",Orc,0,25,3154.0198,126.1607991027832
"51-7450780",Demon,0,16,4147.42,259.21374130249023
"76-6268228",Human,0,2,2994.56,1497.280029296875
"72-7787910",Orc,0,81,78747.625,972.1925855565954
"34-5201037",Northman,0,31,21411.07,690.67966839575
"31-7107503",Hobbit,1,194,114461.12,590.0058767660857
"24-0708004",Elf,0,107,42738.1,399.42139892934637
"26-8718861",Orc,0,3,678.26,226.08667318026224
"73-8075376",Human,1,15,3615.9302,241.06199696858724
"23-0526540",Orc,0,3,449.18,149.7266642252604
"94-9633173",Orc,0,123,22485.406,182.8081296677512
"10-5868905",Orc,0,29,28863.43,995.2906811483975
"49-3472110",Angel,0,54,17641.639,326.6970369197704
"33-4662843",Human,0,72,114078.35,1584.421673980024
"62-9122279",Northman,0,1,0.04,0.03999999910593033
"91-2964098",Human,0,5,9816.7,1963.3399782180786
"84-3599149",Angel,0,44,41396.664,940.8334071852944
"95-4761895",Orc,0,11,2514.9001,228.6272743398493
"59-5064144",Northman,0,66,35381.17,536.0781829140403
"34-0936927",Northman,0,26,6999.7393,269.2207688551683
"17-6096742",Northman,0,3,78.600006,26.200000445048016
"99-7193109",Orc,0,4,1348.75,337.1875057220459
"48-6109736",Elf,0,46,19544.436,424.87890764423037
"11-5369055",Orc,0,61,41489.645,680.1580329488536
"85-3148138",Elf,0,29,7098.8105,244.7865477019343
"29-1075649",Human,0,147,91949.78,625.5087690314873
"97-7777300",Human,1,1,3.74,3.740000009536743
"49-1723557",Human,0,17,12226.47,719.2041350112241
"85-5187820",Human,0,23,12827.91,557.7352115382319
"72-6891487",Orc,0,33,11111.402,336.70909399697274
"00-9519379",Hobbit,0,94,557333.1,5929.076050281525
"97-3619493",Northman,0,4,1332.58,333.14500617980957
"18-0124949",Hobbit,0,5,991.95,198.3900062561035
"77-9933680",Elf,0,100,67780.32,677.803297700882
"37-1423586",Human,0,12,1882.8298,156.90249848365784
"56-5804803",Human,0,8,3404.73,425.59124767780304
"77-8496968",Human,0,71,90496.27,1274.5956303771113
"28-9785292",Northman,0,103,9745.762,94.61902884784543
"52-9420208",Hobbit,1,24,8680.479,361.68666740258533
"20-6920513",Hobbit,0,42,47557.32,1132.316898890904
"03-6208983",Hobbit,1,48,32054.402,667.8000007470449
"41-0769321",Hobbit,0,30,10608.22,353.60733388264975
"39-6856197",Demon,0,31,1191.8198,38.44580654944143
"57-9402011",Orc,0,106,20079.299,189.42735804598075
"51-0590128",Demon,0,2,434.21002,217.1050033569336
"33-4494452",Northman,0,9,736.64996,81.84999953375922
"53-2681228",Human,0,30,27138.162,904.605330657959
"77-6028888",Orc,1,5,3054.45,610.889990234375
"43-6674299",Northman,0,2,3.88,1.9400000050663948
"69-5060141",Human,0,9,3892.9202,432.5466613769531
"64-3364522",Elf,0,46,25858.387,562.1386878386787
"03-0229988",Human,0,16,2879.26,179.95374561846256
"69-9757568",Northman,1,33,40824.19,1237.096683068709
"58-7213629",Orc,1,4,462.46,115.61500199325383
"74-4749523",Elf,0,3,348.12,116.0399996439616
"40-1104115",Human,0,7,467.89,66.84142821175712
"58-4844647",Northman,0,3,501.59003,167.19667021433511
"70-6549134",Orc,1,75,20602.553,274.70066496531166
"78-1335719",Hobbit,0,41,2628.0806,64.0995115448789
"26-1411286",Human,0,19,11663.781,613.8831535138582
"91-0191165",Orc,0,109,79639.58,730.6382585599882
"09-5150569",Human,0,35,2407.61,68.78885719435556
"51-4020662",Hobbit,1,24,14710.48,612.9366647402445
"79-5753974",Demon,1,24,7366.61,306.9420793056488
"88-2722143",Human,0,14,17931.06,1280.7899829319545
"96-6510338",Human,0,36,15092.942,419.2483327653673
"89-2094673",Hobbit,0,4,3750.68,937.670018196106
"47-1244311",Orc,0,25,9947.62,397.9048010253906
"48-8873064",Orc,0,1,14.22,14.220000267028809
"70-8851856",Elf,0,23,10267.02,446.3921668840491
"22-0525563",Northman,0,6,8360.811,1393.4683221181233
"37-7719269",Orc,0,91,15394.302,169.16813072529467
"13-6073007",Hobbit,0,53,21107.219,398.24943250980016
"65-6553037",Human,0,16,3983.5203,248.97000324726105
"89-3350486",Human,0,58,9865.49,170.09465326111894
"43-5717322",Demon,0,21,15399.512,733.3100056421189
"25-8658596",Hobbit,0,74,8293.27,112.07121495620625
"07-4616610",Northman,0,27,23152.11,857.4855523286043
"84-4803563",Northman,0,698,505465.03,724.1614174187013
"11-5519836",Elf,0,30,38506.21,1283.5403429667156
"04-5711643",Elf,0,116,81943.01,706.4051668189209
"89-2466695",Northman,0,10,88018.484,8801.847887194157
"87-3417957",Angel,1,64,4430.46,69.22593668103218
"66-0615886",Northman,1,46,30245.041,657.5008606910706
"14-9617133",Human,0,71,95246.234,1341.4963373533437
"45-2374900",Demon,0,27,7604.49,281.6477774249183
"35-1711431",Angel,1,26,4573.08,175.8876919379601
"69-5521059",Hobbit,0,1,1130.44,1130.43994140625
"92-8559258",Demon,0,90,87355.445,970.6158845053778
"10-7413124",Hobbit,0,26,7644.3584,294.0138408954327
"81-5715080",Orc,0,185,287062.16,1551.6878758146956
"29-8508705",Hobbit,0,39,82952.15,2126.9776883247573
"43-9543667",Orc,0,77,47104.37,611.7449357540577
"69-6511852",Elf,0,95,117397.68,1235.765261228461
"49-3683825",Orc,0,1,374.32,374.32000732421875
"75-2963548",Orc,0,623,213419.88,342.568491567004
"67-7939480",Elf,1,28,6107.4,218.12142940929957
"74-7955142",Northman,1,111,50566.18,455.55107857300356
"73-1943551",Human,0,118,153122.8,1297.6508432242829
"69-1876285",Elf,0,4,18259.299,4564.824855804443
"84-3072105",Northman,0,81,200719.0,2478.0124564229704
"85-9660098",Human,1,48,16026.06,333.8762441724539
"41-7636376",Orc,1,103,90123.195,874.9822331146129
"25-8910960",Hobbit,0,89,77169.66,867.0747169885742
"90-4241174",Demon,0,39,21245.104,544.7461575728196
"80-8058809",Hobbit,1,116,22051.531,190.09939537377193
"32-5472021",Orc,0,18,17017.13,945.3961053954231
"92-6731442",Northman,0,2,225.12999,112.56499817967415
"73-0365279",Human,0,43,31481.621,732.1307008820911
"24-5517243",Northman,0,1,374.32,374.32000732421875
"81-7306267",Hobbit,0,12,8143.6196,678.6350015004476
"37-0581919",Hobbit,1,33,10644.2,322.55151329618514
"96-3078117",Hobbit,0,72,24416.887,339.1233358250724
"66-7290994",Human,0,44,13876.0,315.36363714933395
"60-6313726",Hobbit,1,65,40431.375,622.0210812935462
"33-8053052",Human,1,42,28105.191,669.1711880195709
"74-1806272",Human,0,27,6334.23,234.60110848038286
"47-7781009",Angel,0,92,27464.574,298.5279333935646
"82-5343632",Northman,1,83,59666.56,718.8740987336062
"83-9043452",Demon,1,27,4791.251,177.45370289131446
"62-5980231",Demon,0,13,16760.7,1289.2846239530122
"66-8294335",Northman,0,83,45537.37,548.643012931548
"37-9476367",Orc,0,10,4023.9402,402.3940029144287
"00-9477913",Orc,0,48,52520.977,1094.1868732050061
"04-0115409",Orc,0,25,31648.143,1265.9256122684478
"57-6808573",Human,0,2,3743.2002,1871.6000366210938
"52-3257979",Human,0,4,1040.61,260.1524906158447
"81-4006009",Human,0,96,13442.152,140.0223954555889
"34-0621016",Human,0,26,25402.24,977.0092315673828
"20-9579874",Orc,1,69,28764.32,416.87420258660245
"00-1051096",Human,0,137,43716.04,319.0952530620742
"09-8635181",Elf,1,32,144286.58,4508.956205196679
"72-2573188",Hobbit,0,2,14.98,7.489999771118164
"75-3863379",Human,1,25,7416.969,296.678798840344
"99-5456352",Orc,0,65,9080.391,139.69830719840067
"70-2516495",Hobbit,0,58,16527.86,284.96310321215924
"70-4101843",Human,0,37,10183.812,275.23810945974816
"05-0346392",Elf,0,67,109450.4,1633.588356720089
"22-0299239",Demon,0,12,2239.94,186.66166758537292
"48-5819995",Human,0,11,28672.88,2606.6255002455277
"54-9500675",Human,0,37,24383.172,659.0045934110075
"02-3848206",Northman,0,22,3559.5496,161.7977263060483
"95-4827679",Human,0,21,1809.5201,86.16761740048726
"87-8412245",Human,0,23,20139.031,875.60999751091
"97-2672751",Hobbit,0,2,225.34,112.66999816894531
"15-1767840",Demon,0,25,7755.9097,310.23639705657956
"55-8720594",Elf,0,30,5577.3496,185.91166435877483
"32-8027229",Human,0,3,1632.03,544.010009765625
"95-4356136",Northman,0,2,232.08,116.0399980545044
"27-0519672",Demon,0,54,9656.092,178.81648143574043
"43-9957034",Elf,0,30,47887.797,1596.2596670150756
"05-2614353",Hobbit,0,6,7488.18,1248.030023574829
"65-0651881",Orc,0,3,194.65,64.88333384195964
"16-4369321",Orc,0,1,44.92,44.91999816894531
"24-8150660",Orc,0,35,9133.357,260.95313829694476
"23-6812839",Human,0,27,9346.75,346.1759353567053
"52-3323640",Elf,0,21,13033.81,620.6576187156495
"58-8342966",Northman,0,18,5000.909,277.8283356560601
"55-8204831",Angel,0,127,54529.242,429.3640881955154
"46-8933996",Hobbit,0,7,2752.3699,393.19570132664273
"28-3205478",Orc,0,49,16008.272,326.69938776444417
"17-7474380",Hobbit,0,34,37795.027,1111.6182293611414
"07-7239989",Human,0,41,2912.2092,71.02951238213515
"76-5891624",Angel,1,121,153929.69,1272.1464455817356
"34-8951307",Demon,0,56,21174.838,378.1221393857683
"17-7188503",Northman,1,34,42360.0,1245.8823539509492
"83-6130077",Human,0,52,2965.1992,57.023076607630806
"62-8675010",Orc,0,11,2362.7002,214.79090959375554
"73-9489915",Hobbit,0,23,17978.602,781.678267520407
"19-2220488",Northman,1,27,4697.6704,173.9877756966485
"94-3599825",Human,0,19,164850.23,8676.328396445826
"69-9180455",Elf,0,39,34721.9,890.304873246413
"91-9593560",Hobbit,0,27,4570.4595,169.27629386054144
"21-7918386",Angel,0,29,30274.232,1043.9389541889059
"23-6650486",Human,0,7,7899.2,1128.4571259362358
"15-3807653",Angel,0,97,48324.695,498.19257818792283
"13-7523563",Elf,0,22,11034.951,501.58863067626953
"66-4995476",Orc,0,27,44015.45,1630.2018489131221
"58-7107224",Demon,0,4,5255.44,1313.8600080013275
"78-8993936",Demon,0,2,149.72,74.86000061035156
"98-9148314",Orc,0,34,35430.215,1042.0649863972383
"62-4417482",Human,1,1,524.05,524.0499877929688
"78-6100478",Human,0,3,299.45,99.81666564941406
"36-4333805",Human,0,18,11998.422,666.5788767072889
"99-7919210",Angel,0,20,11716.198,585.8100063323975
"66-6817242",Hobbit,0,19,10733.25,564.9079019646896
"63-4369504",Northman,0,57,20055.322,351.84772029675935
"32-3914796",Orc,0,18,4300.92,238.93999735514322
"55-1356971",Hobbit,0,135,48270.96,357.5625935678129
"87-9739018",Orc,0,480,147326.06,306.9293518697222
"51-7331067",Northman,0,8,10489.93,1311.2412266731262
"72-3524014",Orc,0,39,5027.4697,128.9094861837534
"15-3086131",Northman,1,4,643.82996,160.9574966430664
"11-1597561",Human,0,92,28438.242,309.11130368450415
"42-0882203",Elf,0,25,9128.47,365.13879473924635
"83-9209497",Orc,0,453,205286.83,453.1720260101891
"09-4835903",Demon,1,10,14464.3,1446.4300058603287
"21-9895343",Elf,0,14,399.78998,28.556428568703787
"93-3838834",Northman,0,77,12510.351,162.4720767504209
"33-4055621",Human,0,80,40348.688,504.3586274975911
"95-3773867",Human,0,7,3518.61,502.6585715157645
"45-6201893",Northman,0,9,3945.7002,438.4111116197374
"36-3307621",Human,0,68,34639.504,509.404405818266
"67-8289964",Angel,0,18,3496.1501,194.2305540641149
"99-6608346",Human,0,80,166943.77,2086.7974954724314
"75-8724104",Human,0,54,25305.72,468.6244441491586
"34-0857195",Angel,1,54,20449.537,378.69518378928854
"52-7380844",Human,0,38,13969.58,367.6205206983968
"96-8602057",Human,0,1,278.82,278.82000732421875
"78-8057120",Orc,0,93,68736.26,739.0996759296745
"04-6046125",Human,1,40,8581.7,214.5424967288971
"29-1027090",Demon,1,74,37450.62,506.0894586234479
"23-7324594",Elf,0,72,15325.561,212.8549982905388
"35-6654452",Elf,0,62,46622.33,751.9730663722561
"21-0630754",Human,0,27,7931.8203,293.771112759908
"87-2852834",Demon,0,21,18191.93,866.2823816935221
"78-2498389",Orc,0,76,60079.83,790.5238171000229
"77-8791461",Human,0,28,11042.4,394.37142842156544
"07-6238792",Human,0,1,187.16,187.16000366210938
"10-3160588",Orc,0,30,29819.068,993.9689904530843
"45-0336704",Orc,0,69,11428.224,165.62637653946877
"31-8528970",Orc,0,37,24885.83,672.5899934510927
"87-9677146",Human,0,48,18008.494,375.1768855055173
"83-5227017",Northman,0,38,5123.3604,134.8252618769674
"67-4973166",Human,0,7,2657.6802,379.66857474190846
"86-1503611",Human,0,2,44.92,22.460000038146973
"23-0765583",Human,0,3,2987.0698,995.6899820963541
"10-9639019",Northman,0,5,12427.4,2485.480078125
"73-7184999",Hobbit,0,3,8.2,2.7333332523703575
"19-0470500",Human,1,270,208945.38,773.8721869490764
"12-9659359",Human,0,3,1590.86,530.2866757710775
"61-0202347",Hobbit,0,26,23659.973,909.9988463841952
"59-9630694",Angel,1,3,1946.46,648.8199869791666
"82-4297206",Northman,0,12,5375.97,447.99749755859375
"18-1149501",Elf,0,87,14382.191,165.3125289959469
"87-2346734",Elf,0,29,7560.5005,260.7068946443755
"84-2494733",Northman,0,1,14.97,14.970000267028809
"03-4617943",Northman,1,3,396.78,132.25999704996744
"16-4721604",Orc,0,32,30922.557,966.3296785354614
"22-3376693",Orc,1,17,81983.336,4822.5493450164795
"54-0809491",Orc,0,336,1449506.2,4314.007798830668
"78-6637192",Human,0,14,6766.68,483.33427919660295
"28-3604570",Orc,0,37,16380.193,442.70782759382917
"29-8820984",Hobbit,0,23,25753.172,1119.7030284715736
"74-1967281",Human,1,28,8686.9,310.2464238256216
"25-6983034",Angel,0,70,16932.92,241.89885692937034
"88-2031263",Human,0,247,323818.0,1311.0039693286062
"71-2678284",Demon,0,95,9452.305,99.49789343884116
"31-7566417",Hobbit,0,133,273563.75,2056.8716538938365
"91-9684070",Human,0,4,575.7,143.92499828338623
"13-3385278",Orc,0,1,524.05,524.0499877929688
"46-2399961",Human,0,13,8429.67,648.4361544388992
"37-7585088",Hobbit,0,37,50948.45,1376.9851203176217
"61-8281035",Angel,0,68,34687.133,510.1048522433814
"82-7870548",Elf,1,32,56551.984,1767.249065220356
"38-8528912",Human,0,4,531.52997,132.8824977874756
"23-0176925",Hobbit,0,194,92779.68,478.2456146122254
"40-4677560",Angel,0,54,9460.843,175.20073869493274
"14-2511312",Northman,1,5,3017.7202,603.544012761116
"87-2615627",Elf,0,198,62451.41,315.4111110860049
"44-9703309",Orc,0,28,8629.199,308.1857155391148
"82-0990292",Northman,0,18,31417.398,1745.4110600153606
"76-9028000",Hobbit,0,31,9017.689,290.89322317800213
"44-2309972",Northman,0,81,106406.98,1313.6662937365932
"24-2961260",Northman,0,236,135008.11,572.0681762781184
"72-9977341",Human,0,55,23028.123,418.69308850548487
"70-0076915",Elf,1,53,82962.63,1565.3328293134582
"71-6738188",Human,0,93,50619.35,544.2938711412492
"76-4213756",Human,0,21,15219.839,724.7542815435501
"68-9985856",Elf,0,170,169848.56,999.1090557196561
"91-6953678",Elf,0,1,524.05,524.0499877929688
"28-5987655",Northman,0,63,118302.44,1877.8163349060785
"57-4266358",Angel,0,16,27322.408,1707.6506260186434
"50-7144490",Hobbit,0,33,9734.339,294.9799975192908
"60-7810969",Orc,0,65,19041.674,292.94876990685094
"15-0074890",Northman,0,50,17286.99,345.73980026721955
"91-4052119",Orc,0,44,14472.712,328.925227468664
"73-2898481",Orc,0,36,29084.625,807.9061064985063
"94-4086681",Hobbit,0,109,42992.383,394.4255000145063
"57-5391810",Human,0,7458,258583.48,34.67191998710614
"06-0674219",Human,0,31,11846.782,382.1541977236348
"48-7915847",Hobbit,1,26,7617.3804,292.97615217245544
"70-7217743",Human,0,3,711.21,237.07000223795572
"90-9037867",Hobbit,0,3,786.07996,262.02666727701825
"26-0554846",Elf,0,10,4776.25,477.6249845504761
"85-2521082",Orc,0,71,7540.449,106.20352178895978
"44-7430329",Angel,0,21,5406.07,257.43190866424925
"11-3357493",Hobbit,0,41,8474.61,206.69780419512492
"63-2710073",Northman,0,13,6176.27,475.09768852820764
"35-2705965",Elf,0,7,1684.4401,240.63428388323103
"60-7665773",Hobbit,0,78,18140.227,232.56692505799808
"77-1347936",Hobbit,0,44,7870.29,178.87022672254932
"98-0417594",Hobbit,0,7,437.94,62.562857798167634
"62-2625402",Elf,0,636,61569.043,96.80680766406486
"76-9944199",Human,0,1,52.4,52.400001525878906
"94-7210157",Orc,0,46,47760.184,1038.264771046846
"02-9395540",Human,0,4,479.13,119.78249740600586
"73-7977993",Orc,0,24,4785.94,199.41416730483374
"63-6663695",Elf,0,4,1250.22,312.55500411987305
"61-0167852",Orc,0,11,5114.1904,464.926365072077
"36-5802643",Hobbit,0,19,16334.7,859.7210645173725
"46-7219162",Human,1,161,775906.2,4819.29316379713
"23-6238468",Human,1,15,3219.1501,214.60999654134113
"91-3149866",Orc,0,52,71622.06,1377.3473051511323
"52-0252304",Human,0,51,4287.4106,84.06686239616543
"06-6954499",Orc,1,8,733.67,91.7087482213974
"83-7588991",Human,0,26,9077.249,349.12499556174646
"41-7824302",Northman,0,28,11663.803,416.5642841884068
"01-2328373",Orc,0,10,1772.5599,177.2560001373291
"76-1986854",Northman,0,136,51316.336,377.3260302245617
"94-5699867",Hobbit,0,1,275.5,275.5
"73-5505611",Hobbit,0,13,92157.44,7089.033927330604
"45-9856370",Orc,0,14,1194.0599,85.28999929768699
"65-8475442",Human,0,40,14216.801,355.42000366449355
"42-6298562",Orc,0,6,243.3,40.55000023047129
"36-9772313",Northman,1,60,14919.402,248.65666494481266
"14-6779341",Human,1,10,1736.83,173.68300008773804
"23-1101911",Human,0,60,18029.477,300.4911653876305
"10-3053853",Elf,0,36,26322.152,731.1708348062303
"38-9851153",Human,0,47,17017.98,362.08468092248796
"03-4231080",Angel,1,51,10801.34,211.79097895528756
"37-3533668",Hobbit,0,27,23290.152,862.5981518780744
"82-8967252",Human,0,70,58902.14,841.4589952264513
"05-9486218",Hobbit,0,91,14274.898,156.86703064808478
"95-2698872",Northman,0,10,2120.08,212.00800285339355
"59-9007463",Human,0,196,39584.04,201.95908235652107
"46-9278932",Hobbit,1,521,195334.53,374.9234191854261
"33-5259046",Elf,0,7,5779.5,825.6428549630301
"43-4829491",Human,0,55,5449.65,99.08454573913055
"18-8682461",Orc,0,4,2328.27,582.0674805641174
"86-2554938",Northman,0,70,56775.594,811.0797168186733
"44-3249382",Northman,0,6,3443.7205,573.9533411661783
"56-6043500",Orc,0,76,195280.05,2569.4751353640304
"47-5228651",Angel,0,1775,79909.81,45.01968453599638
"76-4962507",Human,0,31,5566.7407,179.5722572034405
"38-5217632",Elf,0,67,33175.93,495.1629812895362
"42-4074957",Northman,0,21,8168.4395,388.9733279091971
"55-0183102",Orc,0,6,1848.45,308.0749988555908
"31-0879279",Human,0,34,28128.613,827.3120579439051
"97-1202405",Northman,0,21,11216.86,534.1361879621234
"07-5113010",Demon,0,2,1422.8,711.4000091552734
"72-2249222",Angel,0,64,127071.51,1985.492010474205
"26-7015160",Human,0,7,2894.9902,413.56999901362826
"69-3885371",Orc,1,53,7791.3594,147.00679187054905
"45-9135170",Human,0,4,2395.65,598.9124946594238
"48-6778857",Human,0,69,40489.254,586.8007195652395
"03-8346904",Demon,0,1,224.59,224.58999633789062
"40-8968319",Orc,0,92,8208.812,89.22619544423145
"38-0629143",Elf,0,79,32774.523,414.8673400878906
"63-6635093",Human,0,71,31509.543,443.79633269511476
"89-0686940",Orc,1,165,64547.55,391.1972099188602
"42-9767038",Orc,0,23,6223.07,270.5682606904403
"97-8765374",Northman,0,1,374.32,374.32000732421875
"74-3396686",Angel,0,22,8216.98,373.49908490614456
"84-7674652",Human,0,82,10468.302,127.66219538304864
"87-7146000",Human,0,4,4685.05,1171.2624855041504
"40-2576778",Elf,0,14,855.78986,61.12785763399942
"07-6198364",Human,0,2,224.59,112.29500198364258
"94-8564769",Hobbit,0,36,20033.79,556.4941648907131
"06-8882366",Hobbit,1,180,57944.395,321.9132761054569
"72-9836983",Human,0,2,561.48,280.74000549316406
"32-2988240",Northman,0,33,72000.31,2181.8275768395624
"48-3944293",Elf,0,173,548789.94,3172.197000007409
"62-1066676",Hobbit,1,32,62062.12,1939.441267490387
"26-8428145",Human,1,55,113458.22,2062.8767083008856
"03-7911811",Northman,0,3,108.25,36.083333333333336
"79-1310261",Northman,0,12,1156.72,96.39333279927571
"58-2293872",Human,0,151,184681.1,1223.053852468137
"28-3584570",Elf,0,27,25296.533,936.9085218641493
"98-3733179",Northman,0,25,7254.309,290.1724011611939
"66-2128175",Hobbit,0,44,11537.011,262.2047703537074
"87-4367252",Human,0,1,111.02,111.0199966430664
"57-6186882",Hobbit,0,100,141145.69,1411.4569096136092
"99-5769674",Hobbit,0,50,8962.148,179.24299869649113
"12-6010412",Human,0,37,12166.471,328.8235079791095
"30-8051815",Northman,0,24,43400.895,1808.3704131444294
"19-6617528",Human,0,31,9251.69,298.4416119360155
"53-7818685",Northman,1,3,224.58,74.86000061035156
"21-2059111",Hobbit,0,42,164026.69,3905.3973831903368
"46-5756928",Northman,0,15,6198.7197,413.2479960123698
"78-7679664",Human,0,96,118315.19,1232.4498050077818
"10-7207019",Hobbit,1,9,2597.79,288.64332909054224
"33-2748138",Orc,0,8,1394.7198,174.33999872207642
"19-2719206",Hobbit,0,26,12427.389,477.9765396118164
"96-7265615",Human,0,42,7319.3003,174.26904720351808
"51-2461836",Demon,0,30,21598.268,719.9420084635417
"50-4922319",Northman,0,23,33663.28,1463.6208733268406
"39-4633270",Human,0,22,23728.12,1078.550891312686
"59-0947757",Orc,0,75,22159.02,295.45359398841856
"90-6497715",Hobbit,1,91,17519.904,192.52637277330672
"69-2221220",Human,0,20,31731.8,1586.590012741089
"76-7954239",Human,0,122,379289.4,3108.9293541204734
"78-0124941",Hobbit,0,16,5176.9204,323.5574962091632
"92-5559707",Human,0,29,16683.42,575.2903351701539
"62-6933870",Human,0,17,1909.0398,112.29646991280948
"76-9462690",Northman,1,30,19168.883,638.9626558303833
"37-7995165",Orc,0,1,149.73,149.72999572753906
"34-4556381",Human,0,116,81817.0,705.3187875089974
"27-3128044",Human,0,37,12771.77,345.1829730884449
"35-3911981",Human,0,31,17194.678,554.6670933692686
"82-8507454",Orc,1,49,10087.159,205.86040802391207
"49-7328792",Human,1,8,946.77997,118.347501039505
"44-7686752",Demon,1,53,22090.164,416.79547248696383
"00-5955583",Demon,0,7,673.77,96.2528566632952
"63-7862948",Hobbit,1,12,2088.17,174.0141642888387
"28-9348970",Orc,1,2,23656.98,11828.490051269531
"41-0620540",Human,0,5,898.3,179.65999908447264
"73-3779092",Orc,0,56,56324.566,1005.7958972156048
"25-0125958",Human,0,9,2406.88,267.431111017863
"85-2859996",Human,0,21,11457.921,545.6152316502163
"46-9816432",Hobbit,1,5,524.12,104.82399755865336
"28-6653835",Northman,0,16,3810.58,238.1612491607666
"94-4593515",Human,0,23,80202.06,3487.046043727709
"76-5137137",Hobbit,1,207,634881.94,3067.0637677326295
"78-3431520",Hobbit,0,6,1205.5999,200.93332795302072
"60-2391829",Northman,1,97,16540.596,170.52154667967375
"24-0734988",Northman,0,13,895.6599,68.89692304684566
"03-3894677",Hobbit,0,18,3514.8403,195.26888807614645
"70-0218926",Demon,0,5,13924.669,2784.9339233398437
"19-6245349",Human,0,48,26839.99,559.1664596097544
"33-6103790",Elf,1,163,324783.25,1992.535519899766
"12-8927492",Elf,0,99,33890.465,342.32787991172137
"88-1884239",Northman,1,61,22496.822,368.80032584266587
"00-4609499",Demon,0,40,30212.826,755.3205070376396
"03-6274554",Northman,0,25,21276.34,851.0535944366455
"38-6568513",Northman,0,281,119875.52,426.6033453048336
"72-6150302",Elf,1,12,8309.899,692.4916610717773
"30-2468901",Hobbit,0,30,21083.9,702.7966736475627
"76-6025132",Human,1,13,2692.25,207.0961547264686
"60-9954583",Hobbit,0,14,1639.4999,117.10714108603341
"22-8298695",Human,0,22,9703.55,441.07045782696116
"53-5660327",Northman,0,11,1971.0199,179.1836367520419
"02-4292658",Elf,0,20,4846.69,242.3344964981079
"91-6746757",Northman,0,40,70140.695,1753.5172494649887
"76-6588041",Elf,0,85,22998.363,270.56893798182995
"00-5175297",Orc,1,63,27393.904,434.8238069329943
"68-6524860",Human,0,53,10608.491,200.1601895386318
"99-8736673",Human,0,77,47872.273,621.7177862703027
"06-3280590",Northman,1,16,6281.0996,392.5687446594238
"33-5201101",Human,0,217,163618.89,754.0042446637483
"83-4332928",Human,0,9,2957.13,328.57000149620904
"80-4427571",Human,0,42,29252.29,696.4830896513803
"57-9099441",Human,1,30,23353.78,778.4593269348145
"66-3900119",Orc,0,7,12381.95,1768.8499952043805
"08-3362284",Orc,0,24,3784.36,157.68166414896646
"62-6035228",Demon,0,175,57740.92,329.94817121914457
"70-9965770",Orc,0,100,119333.2,1193.3315003967284
"54-8539297",Orc,0,35,10484.85,299.5671382699694
"06-5381730",Hobbit,1,118,21682.154,183.74703230633068
"66-3630063",Hobbit,0,3,1909.02,636.3400268554688
"49-8904488",Northman,0,13,3831.4502,294.7269196143517
"53-4269225",Hobbit,0,9,3930.36,436.7066718207465
"51-0324896",Orc,0,19,8654.261,455.4873691859998
"63-0529119",Human,1,22,15694.459,713.38453726335
"25-6314613",Hobbit,0,283,90424.914,319.52268399282394
"38-5502639",Human,0,1,74.86,74.86000061035156
"27-6322322",Orc,0,50,26505.305,530.105994796753
"67-3554633",Elf,0,175,72978.16,417.0178832231249
"11-4105385",Human,1,2,299.45,149.7249984741211
"56-6638731",Orc,0,14,20356.69,1454.0492695399694
"58-2788419",Northman,0,248,134398.69,541.9302803267154
"65-3698029",Northman,0,34,15353.843,451.58353133061354
"32-3799266",Hobbit,0,16,7168.79,448.04937863349915
"98-2959761",Northman,0,25,8178.8804,327.1551968383789
"42-3288279",Human,1,63,61377.78,974.2503247488113
"91-9398295",Hobbit,0,14,17172.512,1226.607853634682
"70-6274776",Orc,0,29,44731.152,1542.453117107523
"65-6854537",Orc,0,30,16616.041,553.8679935455323
"42-1907786",Orc,0,270,42799.652,158.51711089257842
"02-9481041",Northman,0,38,34534.94,908.8142069766396
"93-0946738",Angel,0,134,26742.076,199.56775948894557
"01-8840917",Angel,1,42,14482.42,344.8195228008997
"08-3883917",Northman,0,9,256.03,28.44777735074361
"09-1578656",Northman,0,32,7794.73,243.58531257510185
"87-3677253",Northman,0,4,2085.21,521.302496433258
"56-4589250",Orc,0,3,1227.77,409.25665346781415
"30-8105063",Orc,0,32,5874.9604,183.59249860793352
"98-9110811",Human,0,1,7.49,7.489999771118164
"26-3925863",Northman,0,13,13667.91,1051.377673809345
"69-9980161",Human,0,17,4387.05,258.0617594999426
"51-2168118",Orc,0,6,4640.8096,773.4683481852213
"63-2310866",Northman,1,3,149.79001,49.930000407000385
"17-4166663",Angel,0,20,3215.41,160.7704999446869
"27-7845345",Elf,1,189,39434.965,208.65058073164926
"61-6181085",Hobbit,0,21,9691.111,461.4814146246229
"36-0628720",Human,0,101,76635.58,758.7679248092198
"25-8974622",Hobbit,0,1,366.83,366.8299865722656
"14-2318364",Northman,1,75,67048.45,893.9793436686198
"97-2753728",Elf,1,17,2628.81,154.63588235308143
"63-7223402",Human,0,37,4095.0205,110.676215829076
"11-3397533",Elf,1,11,747.16,67.9236377586018
"86-1635599",Human,0,22,5262.929,239.22408966584638
"29-9987871",Human,0,14,12855.63,918.2592981883457
"86-4101180",Northman,0,1,14.97,14.970000267028809
"75-8460002",Hobbit,0,1,299.46,299.4599914550781
"37-5817179",Angel,0,33,13550.27,410.61424284270316
"63-3944277",Human,1,43,4930.49,114.6625588217447
"38-2838908",Human,1,3,7516.34,2505.446631113688
"73-3086014",Human,0,2,3818.05,1909.0249710083008
"70-9133644",Orc,0,108,42433.95,392.9068532188733
"74-8353561",Human,0,18,2223.44,123.52444410324097
"79-6329720",Human,0,45,12041.109,267.58021882375084
"59-3277507",Human,0,19,10215.921,537.6800045214201
"68-6001964",Elf,1,145,34657.836,239.01951487393214
"81-7469490",Human,0,25,4247.0205,169.88080116271973
"23-1172825",Orc,1,81,38344.668,473.39086155832547
"96-1433794",Demon,1,3,314.43,104.80999724070232
"12-3234976",Angel,0,47,133951.05,2850.021928812595
"92-6487841",Elf,0,1,160.96,160.9600067138672
"75-1956077",Human,0,12,8556.191,713.0158502260844
"94-5570897",Human,0,6,1073.92,178.98666554689407
"53-9102458",Hobbit,0,63,36224.594,574.9934857421451
"53-7857599",Orc,0,88,23191.307,263.5375038547949
"78-1340902",Elf,0,59,54189.88,918.4725453348483
"25-2724781",Human,0,27,8289.681,307.0251859823863
"50-0833319",Hobbit,0,27,71571.63,2650.8014335279113
"45-4962224",Human,0,71,35289.01,497.0283074177487
"71-5620208",Human,0,23,20722.34,900.971296393353
"34-1910448",Angel,1,13,2639.7202,203.0553832420936
"19-5214773",Elf,0,16,626.6099,39.163125321269035
"68-9004605",Human,0,2,998.68,499.3399906158447
"02-3845025",Human,0,3,524.04004,174.68000284830728
"16-5115137",Elf,0,43,6850.0806,159.3041844700658
"94-0905186",Northman,0,66,22681.57,343.66014916969067
"85-2639119",Orc,1,1,112.3,112.30000305175781
"35-3169767",Human,0,20,19342.748,967.1375008851289
"25-8614743",Orc,0,2,149.72,74.86000061035156
"87-0688172",Angel,0,96,328444.44,3421.2970025968584
"63-4868773",Elf,0,51,19761.807,387.48627300355946
"42-9469767",Human,1,5,1741.78,348.3560031890869
"14-8560482",Demon,0,52,42163.336,810.8334598953908
"72-2340836",Hobbit,0,18,7621.1597,423.39778349134656
"92-3484180",Orc,1,5,628.87,125.77399978637695
"04-7137130",Orc,0,72,54914.38,762.6994422309929
"34-8166508",Hobbit,1,30,3830.1404,127.6713320573171
"18-7282393",Orc,0,97,50060.75,516.0901001528981
"70-6174312",Northman,0,91,6676.8477,73.37197827506851
"39-1695643",Hobbit,0,6,980.70996,163.45166524251303
"77-4119667",Northman,0,26,18655.691,717.5265462581928
"62-6315891",Hobbit,0,88,70574.39,801.981583071026
"61-6656963",Elf,0,40,10686.822,267.17050113677976
"08-1933057",Northman,0,111,133746.6,1204.9244075465847
"18-0158927",Hobbit,0,91,46350.13,509.34186851585304
"27-8375980",Angel,0,41,22558.926,550.2175576977613
"95-7704908",Hobbit,0,39,22401.96,574.4092358320187
"52-7145295",Orc,0,24,43102.902,1795.9541619618733
"11-5861898",Human,0,1,374.32,374.32000732421875
"37-5861294",Human,0,162,277046.44,1710.1640782591737
"36-6802520",Orc,1,16,4342.09,271.3806200027466
"39-4688639",Demon,0,67,43740.715,652.8464206297007
"21-4712825",Orc,0,60,43046.293,717.4381620158752
"81-2190220",Northman,0,55,23698.154,430.87545523643496
"57-2001379",Human,1,67,9784.656,146.0395526174289
"02-2394964",Hobbit,0,9,6746.0,749.5555352105034
"35-8127304",Human,0,122,103448.02,847.9345932681052
"51-4252264",Hobbit,0,11,2713.81,246.71000255237925
"94-1709507",Human,0,254,151584.55,596.78964369175
"58-8658317",Northman,0,46,23068.924,501.498257678488
"57-2756789",Northman,0,5,561.48,112.2959991455078
"02-8192484",Northman,0,2,152.91,76.45499801635742
"83-0818049",Human,0,82,23791.002,290.1341457744924
"63-4041994",Demon,0,36,26133.066,725.9186074733734
"12-9084380",Angel,0,36,536836.7,14912.130009969076
"30-5980485",Human,0,68,19741.645,290.3182328939438
"90-3646868",Orc,0,25,33442.08,1337.6831842041015
"14-0880650",Demon,0,62,42305.586,682.3479046090956
"95-1591219",Demon,0,145,25400.344,175.1747578437986
"46-2475305",Angel,0,3,374.31,124.76999918619792
"06-6682270",Hobbit,0,57,20165.266,353.776490688324
"87-3066249",Human,0,115,385834.2,3355.080197325997
"82-3028550",Elf,0,15,7984.181,532.2786824544271
"94-5066941",Human,0,1,224.59,224.58999633789062
"14-4399770",Hobbit,0,616,111112.3,180.3772728400571
"25-3013716",Angel,0,39,15683.93,402.15205593598193
"60-1315275",Elf,0,53,7241.56,136.63320566573233
"37-5861877",Elf,0,16,10668.099,666.7562484741211
"59-8835892",Human,1,19,10681.49,562.1836676346628
"09-7698841",Hobbit,0,21,1043.0798,49.670476351465496
"04-9142144",Human,1,39,47288.94,1212.536909054487
"22-5384376",Northman,0,4,1248.95,312.2375030517578
"11-2267739",Human,0,35,7240.3193,206.8662849834987
"14-0089938",Human,0,25,10402.79,416.11159622192383
"37-7987287",Hobbit,0,35,57207.832,1634.5094478486903
"11-0254438",Human,1,29,41796.48,1441.2579327287344
"34-2223064",Hobbit,0,48,34104.918,710.5191634496053
"69-4137344",Angel,0,7,3250.4302,464.3471314566476
"36-7240917",Human,0,65,31981.168,492.01799627817593
"91-2613364",Orc,0,42,15858.418,377.5814273470924
"10-1014143",Hobbit,1,21,1438.28,68.48952435311817
"18-0658909",Angel,0,62,9329.459,150.47516225999402
"78-8325126",Demon,0,22,5000.8896,227.3131786693226
"85-8344321",Human,0,72,30142.709,418.6486107375887
"25-3411296",Hobbit,1,531,709101.94,1335.4095392745767
"25-7227181",Human,0,13,6071.46,467.0353804368239
"93-0899264",Hobbit,0,1,37431.93,37431.9296875
"15-7360387",Orc,0,34,11736.482,345.19058240862455
"10-0872827",Northman,0,71,38755.035,545.8453463433494
"31-0444973",Elf,0,16,12352.681,772.0424995422363
"70-7737347",Elf,0,80,32727.508,409.0937508940697
"31-3948558",Elf,0,11,2208.47,200.76999733664772
"72-4422811",Human,0,77,19582.104,254.31298818216695
"43-3404541",Orc,0,51,37154.94,728.528236837948
"06-6346824",Human,0,77,83274.71,1081.4897455240225
"50-1247926",Hobbit,0,1,29.62,29.6200008392334
"67-9714706",Human,0,6,935.79,155.9650001525879
"64-8033876",Orc,1,59,13242.683,224.45220481743246
"92-1034310",Hobbit,0,26,19538.96,751.4984532869779
"89-2112918",Northman,0,10,58075.63,5807.563059997558
"71-7519206",Orc,1,124,774747.06,6247.965214637018
"04-4427497",Human,0,36,16592.49,460.902489900589
"35-1343666",Elf,0,4,793.56,198.39000368118286
"18-9102461",Human,0,143,54327.94,379.9156617509735
"95-1964664",Angel,1,1765,301309.47,170.7134499804494
"60-9441198",Elf,0,18,3748.8696,208.27055263519287
"73-0031538",Orc,0,5,1459.86,291.9719970703125
"52-0694342",Hobbit,0,200,306231.53,1531.1573451149463
"82-8635450",Human,0,3,2949.6301,983.2099736531576
"23-3947032",Angel,0,71,42966.875,605.1670444246748
"60-2425747",Human,0,18,11038.681,613.259996202257
"38-8632155",Hobbit,1,7,376.18002,53.74000007765634
"40-9045003",Orc,0,37,26643.105,720.0837841549435
"36-9268604",Demon,0,3,490.36,163.4533367951711
"12-5053478",Northman,0,161,48185.375,299.28800962578435
"76-1945040",Elf,0,127,13238.914,104.24338510280519
"46-5105818",Human,0,53,5351.2407,100.96679221459155
"98-9395756",Demon,0,114,87874.875,770.8320994460792
"25-9296190",Human,0,126,108931.875,864.5386538431344
"39-5931448",Demon,1,21,4302.3604,204.87428578876313
"24-5065804",Northman,0,238,230429.62,968.1920593365902
"71-8442071",Elf,0,52,20270.12,389.80999720555087
"41-1922808",Human,0,9,2899.63,322.1811123953925
"36-4407548",Hobbit,0,7,1078.7899,154.11285400390625
"33-1931383",Demon,0,128,84927.54,663.4963281676173
"54-4752197",Hobbit,0,137,89558.67,653.7131362622672
"88-9003936",Angel,0,30,12889.242,429.6413328250249
"37-8235293",Human,1,2,381.81,190.90500354766846
"60-8740011",Orc,0,9,2987.0598,331.89554670121936
"16-6237869",Human,1,27,7109.8096,263.32629327420835
"67-0555627",Orc,0,69,14378.16,208.37912882929263
"94-0762011",Demon,0,19,8766.569,461.39842224121094
"45-6987805",Hobbit,0,62,15891.354,256.3120979224482
"42-4294707",Orc,0,23,3178.09,138.17782702944848
"49-5507239",Northman,0,66,5854.289,88.70136405482437
"63-1603693",Elf,0,60,55998.242,933.30381787618
"96-2561406",Hobbit,1,7,3076.16,439.45142936706543
"83-8484743",Orc,0,13,13112.391,1008.6453841282771
"84-0406315",Elf,0,16,4328.63,270.5393776893616
"96-7897373",Hobbit,0,42,41426.7,986.3497632344564
"04-9252730",Human,0,72,50371.438,699.6031936340862
"34-9438469",Angel,0,70,31129.97,444.7138582706451
"35-6057368",Hobbit,0,64,6168.024,96.37531268969178
"29-0283376",Northman,0,28,16544.72,590.8828489439828
"07-8170719",Hobbit,0,88,15629.928,177.61284308000043
"15-7663342",Human,1,22,11599.86,527.2663644443859
"98-6104411",Northman,0,57,29129.838,511.04982228446426
"48-1058003",Hobbit,0,133,13089.924,98.42045079048415
"22-6652914",Hobbit,0,18,5344.08,296.89333380593195
"02-3365591",Elf,0,95,40252.227,423.70747108961405
"96-0666699",Orc,0,10,651.30994,65.13099927902222
"56-9932577",Northman,0,107,77957.95,728.5790592153496
"29-1765350",Human,0,5,3664.5798,732.9159896850585
"85-2077269",Hobbit,0,27,26651.521,987.0933267098886
"74-6871846",Orc,0,52,18008.533,346.3178827579205
"35-8381427",Northman,0,51,70107.17,1374.6504054256513
"91-3771644",Demon,0,240,262653.4,1094.389786723256
"51-5201671",Human,0,24,7478.909,311.6212515036265
"67-2307223",Human,0,47,53430.133,1136.8112792157112
"11-7476993",Human,0,20,2418.03,120.90149936676025
"78-8438015",Orc,1,93,75322.38,809.9180676424376
"72-1058847",Human,0,34,8193.849,240.9955859184265
"66-7184575",Northman,0,57,33280.855,583.8745651286945
"13-9351478",Human,1,9,11229.59,1247.7322184244792
"37-0344272",Human,1,22,7725.958,351.17999956824565
"88-1178417",Human,0,24,21096.66,879.0274826685587
"32-3640986",Human,0,41,72254.54,1762.3058803837473
"20-0981822",Orc,0,8,662.54,82.81750011444092
"73-3151774",Hobbit,0,84,19184.635,228.38845264343988
"41-7233836",Hobbit,0,29,3028.2197,104.42137830832908
"52-3300389",Human,0,20,26688.943,1334.4469989776612
"27-2262050",Northman,0,30,14298.72,476.6239982763926
"49-3882954",Angel,0,53,19808.098,373.73773209103996
"00-8527252",Elf,0,1,673.77,673.77001953125
"31-8308661",Orc,1,1,1871.6,1871.5999755859375
"47-6543180",Orc,0,40,16815.633,420.39075064957143
"08-8649194",Elf,0,38,75034.84,1974.6008017690558
"23-9298188",Demon,0,51,30903.934,605.9594141642252
"55-5200920",Angel,0,53,23806.893,449.18660449335033
"96-4120197",Human,1,54,15284.658,283.0492589385421
"26-4911239",Human,1,48,8720.811,181.6835408502569
"30-5674324",Elf,0,71,82317.36,1159.3995677451012
"25-3868251",Hobbit,1,86,9348.379,108.70209249507549
"71-2096179",Hobbit,0,183,499535.53,2729.7030639974146
"64-1078808",Human,0,14,10735.49,766.8207037789481
"88-5267177",Orc,0,30,11955.642,398.521329943339
"76-8585740",Northman,0,88,18674.48,212.20999978076327
"81-6630519",Human,0,20,6030.2886,301.5145008087158
"58-7686562",Angel,0,36,6314.451,175.40138676431445
"51-4926252",Human,0,22,7980.461,362.74818645824087
"98-7278390",Orc,0,33,15786.523,478.37939817977673
"54-0573136",Human,0,237,278138.28,1173.579620369376
"47-4981661",Human,1,19,48189.883,2536.3094675164475
"98-2605792",Human,0,33,23288.053,705.6984762133974
"86-1059321",Orc,0,124,20785.363,167.62387142450578
"38-6961732",Hobbit,1,8597,747566.25,86.9561823933963
"66-9118014",Elf,0,11,1916.3501,174.21364153515208
"17-5836179",Human,0,90,6940.979,77.12199940019184
"16-9001396",Hobbit,0,1499,696204.6,464.44615553439985
"51-9469660",Human,1,30,11803.079,393.43599320476255
"97-0191361",Human,0,7,2335.75,333.67857129233226
"98-2578638",Hobbit,0,40,21830.314,545.7577502727509
"46-3173379",Northman,1,41,10061.209,245.395364458968
"85-3009594",Human,0,9,4093.78,454.8644527859158
"81-5474015",Human,1,163,142371.02,873.4418411020853
"11-5447645",Northman,0,69,301642.97,4371.637852323228
"19-4433571",Orc,0,6,838.49,139.74833488464355
"49-4650371",Northman,0,7,674.07996,96.29714104958943
"19-4003448",Hobbit,0,14,19629.297,1402.092859540667
"71-5983883",Orc,0,63,17432.805,276.7111087945837
"20-9449413",Human,0,15,3969.4902,264.63266542752586
"84-4760591",Angel,0,30,3852.68,128.42266515890756
"30-2294359",Human,0,15,2433.1401,162.20933274080355
"43-6565548",Human,1,197,98664.63,500.835684717439
"17-3963312",Orc,0,89,51667.098,580.5289875154666
"48-3164136",Northman,0,57,51788.953,908.5780698228301
"17-5628448",Human,0,4,3743.2002,935.7999877929688
"35-8667951",Elf,0,61,150083.61,2460.387306760569
"33-6173052",Demon,1,6,5801.94,966.9899965922037
"10-9330719",Angel,0,6736,272024.28,40.383669839126405
"68-0122611",Northman,0,30,44506.07,1483.5353461901348
"57-4740547",Northman,0,3,288.22,96.07333246866862
"12-1847652",Elf,0,36,52645.668,1462.3797195222642
"82-1334434",Angel,0,14,7535.8,538.271430850029
"10-1021704",Human,0,4,3200.4302,800.1074924468994
"82-8196104",Orc,1,138,62245.527,451.05441979912746
"44-2667352",Elf,0,15,1957.7499,130.51666668703157
"21-3595727",Orc,0,89,8591.731,96.53629157248508
"71-0565125",Human,0,23,4527.8604,196.8634799592521
"48-3072769",Orc,0,36,32023.242,889.5344347159067
"61-8407660",Hobbit,0,56,45201.11,807.1626824992044
"81-1860674",Human,1,8,2040.0399,255.00500011444092
"50-6122855",Human,0,26,6523.9106,250.91961300373077
"29-6658036",Human,0,2,1647.01,823.5050048828125
"33-5634368",Demon,0,23,8789.0,382.1304357777471
"70-3000130",Elf,0,32,21923.893,685.1215675845742
"19-5074664",Hobbit,0,6,142.98999,23.831666469573975
"25-3987301",Human,1,42,158713.89,3778.901935895284
"09-1456780",Hobbit,0,2,636.33997,318.1699867248535
"31-3815442",Elf,0,32,5307.6206,165.863124884665
"63-9477060",Human,0,49,31892.975,650.876933535751
"62-5283462",Orc,0,61,29603.982,485.31114915355306
"93-9553965",Hobbit,0,24,15016.97,625.7070802052816
"90-2661877",Demon,0,23,8948.868,389.0813089557316
"25-4089543",Hobbit,0,102,23021.895,225.7048041189418
"40-3943326",Orc,0,12,1983.3901,165.2824993530909
"55-8122150",Northman,1,11,2036.28,185.1163638721813
"88-0954738",Hobbit,0,16,3770.9,235.68124556541443
"46-9462779",Hobbit,0,38,57084.24,1502.2165755723652
"48-5271179",Hobbit,0,69,114092.6,1653.5157919621122
"46-9647733",Elf,1,26,13786.18,530.2376956939697
"29-1775481",Human,0,41,22515.34,549.1546348013529
"83-1564984",Northman,0,29,9055.591,312.26172683978905
"88-3791486",Elf,0,43,51221.863,1191.2060456830402
"60-1843582",Human,0,20,3906.71,195.33550033904612
"55-7610468",Elf,0,51,19700.342,386.2811743231381
"50-1280435",Northman,0,1,748.64,748.6400146484375
"25-5395426",Angel,0,56,82906.09,1480.4658767155238
"62-6328750",Human,1,3,748.64,249.54666137695312
"63-2904383",Northman,0,26,11716.1875,450.622690640963
"54-4756598",Human,0,23,6820.0996,296.52608515905297
"71-4672699",Angel,0,3,524.05,174.6833292643229
"72-1012071",Angel,0,33,32318.744,979.3557554880778
"52-4964693",Elf,0,23,9201.96,400.0852163148963
"25-1839893",Northman,1,3,262.02002,87.33999888102214
"23-7977140",Hobbit,0,9,3069.4102,341.0455500284831
"09-5959285",Angel,0,23,4171.13,181.35347652435303
"63-1460253",Elf,0,64,46500.99,726.577817261219
"29-8335280",Northman,0,1,7.49,7.489999771118164
"91-1051192",Human,1,2,861.09,430.5450134277344
"68-0897413",Angel,0,29,7647.331,263.7010314957849
"62-8192165",Human,0,19,5458.31,287.2794694398579
"26-9454616",Elf,0,5,4681.14,936.2280059814453
"22-6222200",Human,1,21,12107.248,576.5357158297584
"11-6014369",Human,0,49,52156.22,1064.4124619620186
"80-5867526",Hobbit,0,53,66927.266,1262.7785027342022
"89-8347596",Elf,0,51,12157.883,238.38980476996477
"04-4062784",Human,0,71,51805.86,729.6598549426442
"76-6675965",Human,0,5,449.16998,89.83399963378906
"12-1530127",Human,0,14,2818.63,201.33071218218123
"73-5560514",Demon,0,135,76965.375,570.1137751332036
"55-3650622",Northman,0,9,816.75995,90.75111073917813
"55-2109643",Human,1,23,8736.63,379.85348141711694
"43-5448695",Human,0,30,8974.46,299.14866739908854
"91-7858723",Hobbit,0,1,300.66,300.6600036621094
"79-4012548",Northman,0,63,4443.8594,70.53746080020117
"92-4605070",Human,0,3,5090.7397,1696.9132995605469
"63-1880462",Northman,0,31,6563.2495,211.71774022040827
"81-4377433",Hobbit,0,17,8416.949,495.11470390768613
"99-0993210",Human,0,26,11371.842,437.3784546118516
"21-7689973",Elf,0,44,44094.64,1002.150930548256
"97-1977511",Angel,0,69,106262.97,1540.0429096774778
"08-3709369",Human,0,1,1122.96,1122.9599609375
"08-0688711",Hobbit,0,88,205246.75,2332.3497723666105
"96-1996503",Orc,0,50,9322.5205,186.4503993654251
"16-7318009",Hobbit,0,23,16120.459,700.8895586262579
"69-5279883",Orc,0,14,1408.9199,100.63714238575527
"77-1767178",Northman,0,20,22650.021,1132.5009886741639
"66-5886622",Orc,0,10,15961.24,1596.1240030288695
"48-1029342",Human,1,81,27348.328,337.6335787832001
"23-1169690",Human,1,34,55578.965,1634.6752862369312
"82-1975312",Human,0,37,26879.887,726.4835141671671
"68-9158926",Hobbit,0,2,14972.78,7486.39013671875
"98-9870033",Human,0,32,11672.79,364.7746892571449
"69-1469657",Northman,0,48,30549.332,636.4443763097128
"06-0192116",Human,0,57,39127.062,686.439656399844
"47-9741201",Human,0,84,17148.28,204.146189507984
"61-3908493",Northman,1,25,15758.879,630.3551837158203
"26-5059614",Elf,0,195,312427.34,1602.1922946495888
"43-8920106",Hobbit,0,133,44460.81,334.2917295846724
"89-4143422",Human,1,42,8298.658,197.5871395837693
"51-1644951",Angel,0,30,2743.7803,91.45933368206025
"83-7446847",Hobbit,1,18,11057.382,614.2988921271431
"55-6854459",Orc,0,7,5165.6006,737.9428623744419
"35-2632612",Orc,0,47,49455.11,1052.2361643770907
"54-6485213",Orc,0,7,2227.21,318.1728504725865
"29-7685533",Demon,0,67,38728.87,578.0428337837333
"82-1869371",Hobbit,0,61,14419.972,236.39295136342284
"57-2609620",Angel,0,52,129149.516,2483.644426675943
"64-0322656",Hobbit,0,29,13896.321,479.18345783496727
"42-6074165",Hobbit,0,41,83605.64,2039.161946645597
"09-6095724",Human,1,68,6780.931,99.719559001572
"05-6723458",Hobbit,0,44,10346.901,235.15681818398562
"11-7716465",Angel,0,3,683.50995,227.83666483561197
"82-1608526",Elf,0,78,38745.785,496.74076982644885
"26-5953447",Northman,0,37,20849.617,563.503239373903
"08-2604227",Hobbit,1,96,55575.75,578.9139587084452
"53-6964823",Human,0,113,42911.3,379.7461053302462
"90-7793026",Elf,0,95,38973.24,410.2445236808375
"05-8532906",Human,1,14,8558.42,611.3157051631382
"26-4181987",Hobbit,0,18,10676.32,593.1288949251175
"94-9749616",Northman,0,113,177463.47,1570.4735192074318
"67-7295892",Human,0,1,23.96,23.959999084472656
"94-1518661",Human,1,136,185399.44,1363.2315512861207
"49-3910732",Demon,0,3,3563.52,1187.8400115966797
"78-5319775",Hobbit,0,47,29647.383,630.7953158439474
"22-9365433",Orc,0,33,18531.37,561.5566628485014
"48-5124265",Hobbit,0,41,27195.771,663.3114614254091
"22-6789375",Human,0,4,1152.9,288.2250033020973
"25-4878474",Orc,0,10,13608.909,1360.8909942626954
"23-8044002",Human,0,2,4536.75,2268.3750381469727
"24-0302901",Human,1,26,3037.2302,116.81653807713435
"28-5347254",Northman,0,20,621.52,31.07599936723709
"96-0674815",Angel,0,94,35964.574,382.60181106405054
"96-2544699",Northman,0,13,4858.66,373.74307603102466
"63-4124218",Elf,0,20,5647.4204,282.3710004448891
"43-4568830",Human,0,16,8736.619,546.0387473106384
"62-6785780",Elf,1,18,1459.3999,81.07777659098308
"97-8218646",Human,1,12,2976.8801,248.07333048184714
"09-0148932",Elf,0,9,2586.47,287.38555749257404
"03-6965741",Hobbit,0,11,3204.17,291.2881816517223
"84-0779526",Orc,0,24,10620.93,442.5387556552887
"27-2450341",Angel,0,1,1122.96,1122.9599609375
"81-1348398",Angel,0,71,13627.48,191.9363369740231
"31-1509007",Orc,0,1,524.05,524.0499877929688
"41-6964874",Human,1,4,11768.6,2942.1500205993652
"38-3817948",Orc,0,34,8258.949,242.9102920924916
"44-4625634",Human,0,5,4941.01,988.2019897460938
"11-4704450",Human,0,17,2066.2397,121.54352729460773
"09-9434612",Human,0,20,8729.121,436.45600204467775
"92-4066204",Human,0,22,4934.4,224.2909099242904
"52-6670344",Angel,0,11,8833.939,803.0854445370761
"02-0731356",Northman,0,11,11229.6,1020.8727195046165
"36-5615036",Human,1,7,1654.49,236.35571207318986
"33-7057019",Demon,0,68,19396.424,285.24146951691193
"48-1002837",Northman,0,71,69284.3,975.8349282036365
"42-3263172",Demon,0,16,7968.75,498.0468809604645
"41-1181287",Northman,0,9,430.82996,47.87000013722314
"09-9796586",Northman,0,30,3908.9304,130.29766642252605
"36-4676377",Elf,1,71,19866.139,279.80478693733755
"43-6889826",Hobbit,0,18,3871.1997,215.06666300031873
"52-2554063",Hobbit,0,3,182.89,60.963333447774254
"00-1722938",Human,1,331,411718.88,1243.864174571102
"96-4059980",Hobbit,0,120,42015.03,350.12524908979736
"49-9616370",Northman,1,2,1632.03,816.0149841308594
"70-8018884",Angel,0,85,94991.766,1117.5498795228846
"85-7260987",Demon,1,20,7963.0586,398.1529891937971
"92-9205663",Angel,0,35,29506.867,843.0534205845424
"40-1844029",Human,0,39,17174.49,440.3715356435531
"53-6278264",Hobbit,0,12,1839.3198,153.2766653696696
"95-5601454",Hobbit,0,30,25797.951,859.9316533406576
"85-8206329",Human,0,115,32834.035,285.5133925461251
"13-7167884",Hobbit,0,643,1339144.9,2082.6519612776547
"06-4808125",Hobbit,0,16,4469.3896,279.33687114715576
"04-3041766",Human,0,50,56693.406,1133.8683946037293
"53-8719609",Northman,0,24,8826.471,367.76958525180817
"12-0914825",Human,0,46,42241.92,918.3026026642841
"15-1434916",Northman,1,21,4139.97,197.14142894744873
"46-6156628",Human,0,130,127410.68,980.0821558686403
"96-9865075",Northman,0,16,23361.168,1460.0731090903282
"29-6386679",Demon,0,518,246460.62,475.7927394057103
"46-5957342",Northman,0,18,1208.22,67.12333305676778
"62-0320106",Human,1,17,9440.26,555.3094118903665
"33-5578955",Hobbit,0,87,32442.326,372.9003443224677
"84-9331512",Angel,1,9,10368.661,1152.0733337402344
"28-1172848",Orc,1,14,5178.34,369.88142349038804
"66-6633050",Hobbit,0,16,11244.549,702.7843723297119
"68-8017783",Elf,0,41,13341.15,325.3939041393559
"02-2375359",Orc,0,193,139222.84,721.3618658515455
"19-4857179",Orc,0,38,14629.289,384.98130968997356
"41-2985660",Demon,0,596,193701.47,325.0022810858568
"68-2157941",Elf,0,283,138494.02,489.3781271924268
"77-6397030",Hobbit,0,3,44.910004,14.97000010808309
"50-5560503",Human,0,95,16780.328,176.63505380028172
"85-4013125",Elf,0,11,3957.1797,359.7436314496127
"76-6404510",Human,0,26,12323.891,473.99576496619443
"49-2302007",Human,0,1,36.18,36.18000030517578
"61-1006639",Human,0,31,8397.99,270.90289811934196
"60-3527374",Human,0,35,52835.336,1509.580851323264
"17-4380094",Orc,0,21,3459.6003,164.74285571915763
"15-0713668",Hobbit,0,12,179.64,14.970000267028809
"03-6922523",Orc,0,23,21113.23,917.9665272754172
"39-4055214",Hobbit,1,23,16174.639,703.245217198911
"35-4335484",Hobbit,0,36,57900.742,1608.3535984357197
"16-6529859",Human,1,85,46700.76,549.4205889533548
"14-1733299",Demon,0,22,20991.842,954.174546328458
"13-2035443",Orc,0,3,898.37,299.4566650390625
"26-6363021",Elf,0,54,29593.666,548.0307415017376
"10-3798786",Human,0,56,36406.215,650.1108872549875
"10-3121144",Northman,0,14,2021.3499,144.38214002336775
"79-1505319",Human,0,67,43599.062,650.7322366130886
"95-0468870",Demon,0,18,14860.738,825.5966652764214
"03-9770134",Human,0,15,21178.992,1411.932672627767
"05-5463358",Human,0,6,696.24,116.03999694188435
"90-2577070",Elf,0,45,67149.99,1492.221760728624
"51-5996107",Northman,1,20,124527.37,6226.368537902832
"16-4226970",Orc,0,6,53.9,8.983333269755045
"13-8015848",Human,0,24,5360.2295,223.34291823705038
"02-7724901",Elf,0,55,128470.66,2335.830182717063
"00-7080839",Human,0,9873,764928.4,77.47697464475961
"81-5204653",Human,0,68,53069.164,780.4286697585793
"88-5985026",Human,0,98,34106.477,348.02520265384595
"55-5389306",Orc,0,32,8613.761,269.1799977719784
"10-8190439",Northman,0,19,4181.8594,220.09789026410957
"31-3823957",Northman,0,13,1649.24,126.86461419325609
"67-8877129",Northman,0,30,9923.231,330.77432502905526
"64-3188593",Orc,0,17,8707.13,512.1841187196619
"75-9036777",Northman,0,14,11556.67,825.4764344351632
"33-0053757",Northman,0,46,10795.36,234.68173914370328
"66-9182434",Human,1,15,3720.7102,248.04732971191407
"44-9142036",Human,0,1,0.75,0.75
"24-2882920",Human,0,57,10102.472,177.23631398928794
"90-3450760",Elf,0,14,6879.9897,491.4278569902693
"94-7180371",Hobbit,0,36,28947.596,804.099721537696
"38-3000329",Northman,0,22,3070.9604,139.5890913659876
"49-1806155",Elf,1,38,16204.21,426.42657626204584
"18-5629449",Hobbit,0,26,20683.438,795.5169230424441
"04-5106789",Northman,0,94,75882.16,807.2565857095922
"16-9478544",Angel,0,80,61859.887,773.2482475280761
"52-2677391",Northman,0,24,8916.261,371.51082674662274
"11-0675688",Orc,0,28,126869.92,4531.06933590344
"49-7906338",Angel,0,10,4815.9097,481.59100286960603
"57-4185289",Orc,0,34,6007.84,176.70117403479185
"56-3275855",Hobbit,0,1,167.11,167.11000061035156
"14-4235616",Orc,0,15,2384.41,158.96066449483234
"97-2287706",Northman,0,55,36111.34,656.5696312644264
"88-2110008",Human,1,22,6157.2603,279.87545733018356
"41-3584070",Elf,0,42,10197.621,242.8004738035656
"11-4704937",Demon,0,22,7654.71,347.941361470656
"73-0632165",Human,0,96,16671.385,173.6602076192697
"74-6594158",Orc,0,23,108044.27,4697.577365377675
"60-8553296",Orc,0,10,4080.1003,408.00999908447267
"87-5392457",Hobbit,0,2,411.75,205.87500381469727
"36-9210922",Northman,0,7,3392.4497,484.63570037909915
"05-8918358",Human,0,42,7497.5493,178.5130934034075
"29-5062468",Human,0,35,47581.297,1359.4654284340995
"78-5381000",Orc,0,26,76425.164,2939.42926964393
"42-5575996",Hobbit,1,95,9642.288,101.49778819731192
"84-3947939",Angel,0,57,11528.7,202.2578945410879
"98-4266991",Northman,0,15,4042.6304,269.5086629231771
"20-8094807",Hobbit,0,4,1019.95996,254.99000310897827
"87-6938845",Orc,1,88,13956.941,158.60158935731107
"43-8486052",Northman,0,36,9523.7,264.5472215546502
"93-6883961",Hobbit,0,14,2223.4502,158.81785549436296
"94-5023314",Human,0,32,5951.659,185.98937463760376
"58-3339858",Northman,1,32,36013.293,1125.4153016284108
"80-1393232",Human,0,61,27713.87,454.3255754064341
"84-6947935",Angel,1,49,19347.354,394.8438720119243
"33-3091127",Northman,0,27,8684.551,321.65000364515515
"15-3018886",Human,0,28,7972.999,284.7500010899135
"82-6119820",Hobbit,0,41,30848.89,752.411943435669
"41-2762475",Hobbit,0,48,6285.6494,130.9510402182738
"56-9277512",Northman,0,57,45795.465,803.4291268733509
"57-4502613",Human,0,35,11521.532,329.1865682275168
"31-3064602",Demon,0,10,1953.94,195.39400157928466
"40-4751753",Human,0,21,8145.95,387.9023795354934
"17-7798953",Elf,1,42,18582.703,442.4452357462474
"02-3704782",Orc,0,3,498.44,166.14666748046875
"53-5598658",Human,0,3,1609.5701,536.5233357747396
"98-1921835",Human,0,118,216798.56,1837.2765169881159
"83-2665879",Demon,0,16,1594.27,99.64187431335449
"65-4091754",Human,0,41,19282.012,470.2929245311676
"33-6104693",Human,0,440,248937.72,565.7677731280977
"06-4571052",Northman,0,50,11858.466,237.16920066833495
"69-7865696",Orc,0,9,9474.201,1052.6889067755806
"81-9727036",Angel,0,39,112847.69,2893.531009478447
"19-4071334",Human,0,58,18416.014,317.5174136531764
"41-1592899",Human,0,45,7578.441,168.40977782582243
"01-7897570",Hobbit,0,367,630638.8,1718.3632142303425
"19-7657686",Orc,0,7,7239.33,1034.1899924959455
"13-8463548",Angel,0,22,2902.7197,131.94181842153722
"51-1740866",Angel,0,19,12493.289,657.5415825592844
"79-6195757",Hobbit,1,31,8440.9,272.28709559286796
"92-7105166",Northman,0,32,31387.553,980.860942363739
"75-2260570",Human,1,16,4117.5,257.34374928474426
"33-4500711",Orc,1,47,13410.09,285.32106091113803
"00-0037846",Elf,0,91,21399.803,235.1626332985176
"91-6194390",Orc,0,106,90633.02,855.0284915600183
"35-5767346",Human,1,43,20074.39,466.84627652722736
"18-2401449",Northman,0,3,134.75,44.916666666666664
"25-6607924",Elf,0,53,6163.6094,116.29452619462643
"94-6269842",Human,0,220,517702.2,2353.1896847519006
"71-3851077",Orc,0,1,643.83,643.8300170898438
"06-9643118",Human,1,99,144628.06,1460.8896973735154
"83-4209774",Human,0,177,59735.973,337.4913564563471
"38-4593231",Northman,0,31,34946.242,1127.2980462351154
"21-7048622",Human,0,54,16200.481,300.0088901343169
"95-8137026",Angel,0,12,12529.161,1044.0966796875
"84-4951268",Demon,0,66,34011.09,515.319394494548
"70-9877808",Human,0,180,206106.56,1145.0361076106421
"06-2239986",Hobbit,0,7,708.80994,101.25856951304844
"70-5251619",Elf,0,28,14333.62,511.9150025503976
"73-4272800",Human,1,18,22264.531,1236.9183349609375
"57-7828240",Human,0,103,46897.758,455.31786431618104
"38-2994928",Northman,0,33,29814.58,903.4721181464918
"95-9023451",Angel,0,31,14922.38,481.36709579344716
"17-6455900",Human,0,17,3847.2598,226.30940689760095
"12-9402092",Angel,0,24,112036.77,4668.199045101802
"09-8573173",Human,0,12,4259.7505,354.9791677792867
"45-8939418",Northman,0,114,359493.25,3153.449994271262
"18-9510904",Hobbit,0,120,87862.586,732.1881663004557
"51-9958985",Human,1,123,175188.27,1424.2948826735583
"55-1492152",Orc,1,1,4.03,4.03000020980835
"97-1321188",Hobbit,0,117,27074.994,231.41008711676312
"67-2638838",Human,0,41,37954.844,925.7278060913086
"79-8320306",Human,0,18,4952.7905,275.15500218338434
"71-6042900",Human,0,42,39620.395,943.3426229897
"31-3705111",Human,0,61,15015.422,246.15442419833823
"57-9733801",Orc,0,68,49021.35,720.9022002220154
"89-8379088",Human,0,15,17918.002,1194.5333599294224
"14-0588409",Elf,0,114,141345.52,1239.8732396385942
"29-2532117",Elf,0,85,34323.695,403.80811803200663
"55-5035885",Northman,0,2,250.79001,125.3950023651123
"28-0586569",Demon,0,34,34912.75,1026.845581741894
"50-9393686",Northman,1,36,41768.664,1160.2405501471626
"71-7115733",Orc,1,23,3702.02,160.9573912413224
"20-4862283",Human,0,5,2313.29,462.6580020904541
"31-1327252",Human,0,200,21546.172,107.7307999303937
"39-5112294",Orc,0,2,126.51,63.255001068115234
"37-8244130",Northman,0,12,13782.45,1148.5374865531921
"96-2878688",Elf,0,22,2037.1499,92.59772656180643
"35-1137848",Orc,0,11,9170.84,833.7127269398082
"13-9804530",Hobbit,1,78,7021.8794,90.02410204288287
"87-4654047",Human,0,6,9249.43,1541.571680386861
"76-9203700",Angel,0,119,165156.33,1387.8686656230639
"53-3204272",Demon,0,240,106972.17,445.71733125895264
"52-2979383",Human,0,8,10588.89,1323.6112241744995
"98-9414953",Hobbit,1,82,61777.72,753.3867070791198
"11-4118893",Elf,1,87,40578.543,466.4199985964545
"66-2815623",Elf,0,74,56468.375,763.0859453355944
"88-0162709",Human,0,27,24634.84,912.4014827586986
"91-7186823",Orc,0,53,15185.801,286.52452600620825
"86-2809790",Human,0,55,29940.559,544.3738190607592
"47-5688584",Elf,0,11,4761.3403,432.84909213672984
"65-6639629",Northman,0,106,101934.4,961.6454858240091
"22-1696354",Northman,0,23,5866.65,255.07173742418703
"25-4636517",Elf,0,4,804.70996,201.17749881744385
"11-5593955",Orc,0,87,20926.238,240.53138035193257
"42-1531994",Human,0,29,5727.0996,197.48620911302237
"69-1495265",Orc,0,10,6320.481,632.0479954481125
"58-5193558",Northman,0,9,6737.76,748.6400010850695
"66-8759854",Human,0,35,98846.805,2824.1943029218487
"59-5228191",Northman,1,12,6400.87,533.4058392842611
"51-2090111",Hobbit,0,43,27572.338,641.2172047814657
"74-3813615",Human,0,472,1720083.2,3644.2456858925902
"01-9957786",Angel,1,20,14952.68,747.6339992523193
"63-1524287",Demon,0,41,189167.06,4613.831708285867
"14-0891098",Human,1,11,3279.0398,298.09454215656626
"48-2121331",Orc,0,110,38554.242,350.49317931045186
"26-2201206",Orc,0,53,7249.7393,136.787547390416
"65-0889770",Human,0,6,10106.629,1684.4383239746094
"76-1877624",Hobbit,0,25,23899.02,955.9608135986329
"53-2954593",Hobbit,0,50,9823.9795,196.47959928512574
"83-0347285",Orc,0,15,22196.92,1479.7946380615235
"20-7342839",Demon,0,91,10337.118,113.59472457131187
"02-9613665",Human,0,44,13805.981,313.7722738981247
"90-5921677",Human,0,99,51050.03,515.6568665552621
"47-4119869",Human,0,17,1739.1299,102.30176375893986
"25-6913064",Human,0,127,98503.34,775.6169350325592
"68-0195774",Human,0,17,1430.2999,84.1352943392361
"45-7054132",Angel,0,88,43147.234,490.30931811712003
"45-9846685",Orc,1,155,71232.76,459.5660663358627
"84-7147106",Human,1,4,1943.58,485.8949909210205
"27-1474866",Orc,0,468,104038.54,222.3046373204352
"14-5463144",Northman,1,15,3770.1304,251.34200032552084
"73-7335380",Hobbit,0,27,25981.5,962.2777856897425
"41-4736443",Human,0,13,12352.54,950.1953782301682
"45-8495252",Human,0,13,19614.36,1508.7969096257136
"62-4330863",Hobbit,0,23,14272.882,620.560006942762
"83-7896759",Orc,0,47,12272.921,261.12595828543317
"94-8427022",Orc,0,4,2491.46,622.8649795055389
"50-5290952",Elf,0,7,3660.85,522.9785635811942
"87-8308894",Human,0,428,416098.47,972.1934543739064
"93-2077154",Hobbit,0,54,154476.78,2860.681308198858
"01-1734242",Northman,1,32,3187.6804,99.61500096321106
"42-8272479",Hobbit,0,2,1800.47,900.2349902391434
"26-0429800",Hobbit,0,60,41962.72,699.3786679318796
"21-5371812",Hobbit,0,110,14336.421,130.3310915816914
"11-5197257",Hobbit,0,88,55787.758,633.9518142640591
"99-4565195",Human,0,2,112.29,56.14500045776367
"68-1327909",Hobbit,1,64,47219.074,737.7978093326092
"06-0894760",Elf,0,43,91075.65,2118.0381302944447
"69-5391026",Human,0,115,85621.88,744.5379096819007
"70-5488308",Orc,0,74,13346.13,180.35310752327376
"72-5127582",Northman,0,45,42363.94,941.4208859390683
"51-1674687",Human,0,31,43346.55,1398.2758168251285
"18-5084147",Human,0,53,63210.63,1192.6533991435788
"66-6417072",Human,0,6,2250.0598,375.0100047985713
"94-4744790",Northman,1,32,18878.012,589.9378165602684
"55-7042883",Orc,0,264,16748.01,63.439394205131315
"52-4558320",Human,1,23,48627.074,2114.2204436841216
"82-2501167",Orc,0,76,4983.9097,65.57776351978904
"83-0939542",Human,0,14,72355.92,5168.279938289097
"94-3918152",Hobbit,0,78,23472.53,300.92974536245066
"46-1411074",Orc,0,24,24607.729,1025.3220771153767
"86-7767158",Human,0,31,27916.738,900.5399899021272
"16-8438694",Human,0,110,31785.459,288.9586365455931
"76-9727218",Orc,0,34,11648.071,342.5902888494379
"70-3856746",Elf,0,3,524.04,174.68000284830728
"69-4610397",Orc,0,22,63718.555,2896.2982231486926
"24-4511492",Hobbit,1,65,37092.465,570.6533859931506
"19-6405354",Northman,0,61,16784.445,275.15475332932397
"16-1088483",Hobbit,0,5,662.55,132.50999755859374
"57-2152442",Northman,0,6579,205719.83,31.26910464241274
"67-5646273",Demon,1,27,3342.6904,123.8033343774301
"40-9540497",Human,0,114,46054.32,403.9851755489383
"90-7180312",Hobbit,1,35,12980.421,370.8691403252738
"63-1612881",Orc,0,120,18122.256,151.01874861096343
"91-9995066",Orc,0,16,29078.85,1817.4281005859375
"04-1943845",Elf,0,3,370.5,123.50000127156575
"38-4907019",Northman,0,30,17782.652,592.7550070640941
"09-7750832",Northman,0,9,1010.89,112.32110902998183
"83-5545947",Orc,1,22,4251.35,193.2431792345914
"06-0602377",Human,1,37,13483.761,364.4259441736582
"41-4344998",Human,1,6,5067.56,844.5933545430502
"76-5894906",Human,0,27,11736.988,434.7033357973452
"64-9796726",Northman,0,41,12644.497,308.40243867548503
"22-2659983",Human,0,88,53966.375,613.254198229533
"15-9822636",Human,0,3,6213.7,2071.2332865397134
"13-1482924",Orc,1,24,49914.04,2079.751661936442
"66-3914692",Northman,0,207,25546.906,123.41497566849714
"47-2972794",Human,1,5,838.48,167.6959991455078
"51-1946986",Orc,0,30,8027.5293,267.5843339920044
"94-0119667",Hobbit,0,10,4038.91,403.8909952163696
"28-4236121",Demon,0,28,6194.969,221.2489262989589
"82-6609715",Human,0,45,47985.51,1066.3446655697294
"18-4977967",Human,0,14,8725.991,623.2850003923688
"44-1675149",Human,0,29,7594.16,261.86758626740556
"46-8747720",Elf,1,3,748.64,249.54666137695312
"59-0410158",Northman,0,17,16550.77,973.5746976067038
"39-3000515",Angel,0,17,6499.67,382.3335266113281
"52-9454173",Human,0,109,224501.8,2059.64979826201
"19-6983426",Hobbit,0,57,22908.363,401.9010557208145
"05-1080044",Northman,1,10,149.73999,14.973999786376954
"42-5300434",Elf,0,2,262.03,131.0149965286255
"92-7848246",Human,0,10,3609.94,360.99399318695066
"38-8856759",Hobbit,0,28,1970.22,70.36500012874603
"74-4553853",Demon,0,48,28691.42,597.7379152501622
"27-3345934",Human,0,21,2343.9797,111.61809394473121
"01-9742001",Human,1,1,374.32,374.32000732421875
"29-2327266",Human,0,35,11978.2,342.2342847551618
"79-0279907",Northman,0,3,217.03,72.3433329264323
"23-7314623",Human,0,17,2352.28,138.369410795324
"32-2140290",Demon,0,48,226442.22,4717.546337445577
"97-4966210",Angel,0,29,5123.2993,176.66551509628007
"32-4934064",Orc,0,64,20211.516,315.8048424869776
"43-8476136",Northman,0,26,5880.5386,226.17461269635422
"84-6871104",Elf,0,13,1628.2899,125.25307603982779
"71-4323141",Hobbit,0,71,58573.293,824.975774899335
"59-1059216",Human,1,4,973.23,243.30749320983887
"28-1703133",Orc,0,96,39544.96,411.926667029659
"13-2001607",Northman,0,40,19814.02,495.35050457417964
"39-4435208",Human,0,1,898.37,898.3699951171875
"38-4858200",Angel,0,5,2088.62,417.7239959716797
"30-9638154",Northman,0,152,22534.146,148.25098721604598
"53-8321397",Human,0,39,19556.691,501.45358638274365
"84-9219719",Orc,0,4,1130.43,282.6075077056885
"14-3889003",Hobbit,0,2,460.41,230.20500671863556
"37-2762251",Hobbit,0,86,32622.18,379.32755965488246
"82-9113977",Orc,1,24,5035.1196,209.79666256904602
"60-8690974",Human,0,46,12968.691,281.9280417069145
"41-3157178",Human,0,27,2781.2,103.00740698531821
"62-0043627",Angel,0,55,80753.81,1468.2510897549716
"55-5792723",Orc,1,11,763.6,69.41818237304688
"65-9897277",Orc,0,51,107791.99,2113.568269767013
"37-8300035",Orc,0,25,4439.4004,177.5759969329834
"03-7913314",Hobbit,0,42,39816.332,948.0078575497582
"11-9669829",Elf,0,22,51677.363,2348.970933567394
"37-4702292",Angel,0,90,63899.336,709.9924516889785
"60-9477921",Human,0,21,6812.5796,324.4085707437424
"56-0818133",Northman,1,88,92215.9,1047.907950910655
"53-5183439",Angel,0,39,10469.711,268.4541029318785
"69-2279335",Hobbit,0,118,119921.43,1016.2834651833874
"10-2556453",Human,1,11,2882.25,262.0227258855646
"40-5046267",Human,0,65,379795.44,5843.006922795223
"58-9344968",Demon,0,52,14215.341,273.37192541360855
"84-2589567",Angel,0,6,2137.37,356.22832397619885
"67-4735506",Orc,0,60,8095.6597,134.92766501108807
"35-8719727",Human,0,382,110719.83,289.84245974173604
"82-1820098",Human,0,1,374.32,374.32000732421875
"57-8884550",Angel,0,27,17031.549,630.7981471308956
"99-1846531",Elf,0,8,18614.78,2326.8474476635456
"10-9751670",Orc,0,86,6644.181,77.25790690266808
"97-6003067",Human,0,15,19502.02,1300.1346750895182
"50-4577714",Demon,0,123,478338.3,3888.9308995192614
"85-5045769",Northman,0,88,59209.527,672.8355675407431
"00-1485605",Orc,0,21,8100.2505,385.72618725186305
"78-7242915",Demon,0,17,1384.99,81.47000009873334
"28-7195124",Northman,0,46,28658.512,623.0110778808594
"37-1214815",Elf,0,36,18796.633,522.1286058955723
"63-2527200",Elf,0,30,6906.8096,230.2270004908244
"33-1031424",Hobbit,0,46,21452.281,466.35390953395677
"68-1229684",Northman,0,1,1122.96,1122.9599609375
"74-4274682",Orc,0,39,23235.49,595.7817965287429
"96-2503611",Hobbit,0,16,7168.4697,448.0293813943863
"89-7692298",Hobbit,0,53,7648.0894,144.30358340155402
"55-8942877",Angel,1,47,17852.22,379.8344666957855
"37-2429302",Hobbit,0,28,7710.7275,275.38320919445584
"30-5387769",Human,0,35,16674.902,476.42571323109524
"20-0002899",Hobbit,0,27,8684.21,321.6374078679968
"27-8525957",Orc,0,3,411.76,137.25333150227866
"71-1834367",Human,1,7,27786.111,3969.4442405700684
"24-1912051",Angel,0,71,25236.086,355.4377467662201
"20-1043208",Northman,0,21,10106.63,481.2680932907831
"87-9285925",Hobbit,0,45,16937.059,376.3791124979655
"87-8056979",Elf,0,19,23342.94,1228.5758099305003
"06-9574214",Orc,0,17,1395.7001,82.10000026927275
"52-8607841",Elf,0,21,4339.84,206.6590492498307
"00-6114236",Northman,0,19,5481.729,288.51210092243394
"69-5338313",Human,1,58,91144.58,1571.458277389921
"55-7207026",Human,0,739,1608260.2,2176.2660365372453
"27-8984385",Orc,0,135,80307.555,594.8707382925131
"84-2200802",Human,1,5,651.31995,130.26399726867675
"36-5662795",Orc,0,19,5397.7104,284.0900007549085
"91-3748696",Demon,1,5,4813.7397,962.7479904174804
"01-9495555",Human,1,34,22406.432,659.0126455391155
"42-2802068",Northman,0,39,7037.2207,180.44153879239008
"71-4425708",Angel,1,81,36348.46,448.7462929825724
"32-6944865",Elf,0,602,246005.86,408.64785572302304
"67-3345747",Hobbit,1,27,17427.559,645.4651748869154
"65-0708547",Hobbit,0,9,8609.36,956.5955403645834
"41-3149615",Human,0,113,87285.49,772.4378746420937
"54-7025748",Northman,0,1,149.73,149.72999572753906
"21-5652406",Human,0,8,5113.2,639.1500159502029
"77-3840165",Hobbit,0,232,303803.66,1309.4984489936253
"83-9220296",Human,0,133,38862.547,292.1994751541686
"37-8397268",Demon,0,10,2567.84,256.7840010643005
"83-4643027",Human,0,1,26.2,26.200000762939453
"74-8091834",Human,0,51,117417.055,2302.295276174358
"21-1249361",Angel,0,46,19977.443,434.292175401812
"83-5357118",Human,0,39,14072.011,360.820766045497
"31-9876986",Orc,1,1,1225.3,1225.300048828125
"49-1598063",Hobbit,0,36,8884.7705,246.79916429519653
"51-3210420",Hobbit,0,25,4777.7896,191.11160138130188
"64-5589939",Angel,0,141,29647.402,210.26531833114353
"22-0576170",Orc,0,56,14324.7,255.7982164663928
"51-3755998",Angel,0,3,3406.3,1135.433349609375
"05-9433501",Human,0,12,3061.95,255.16250056028366
"92-4994026",Northman,0,21,2588.0198,123.23904751595997
"18-9798737",Orc,0,134,78630.72,586.7961895448059
"79-3715595",Northman,1,69,125989.58,1825.9359291049018
"02-3091578",Human,0,3,26.949999,8.983333031336466
"68-8729788",Northman,0,1,82.35,82.3499984741211
"18-4685130",Northman,0,2,995.99,497.9949903488159
"43-0494079",Human,1,48,71674.695,1493.222488085429
"41-4187282",Angel,0,34,14729.439,433.2188247792861
"04-6663890",Angel,0,391,50748.57,129.79217291975874
"30-9368422",Orc,0,13,1567.94,120.61077000544621
"57-1324065",Northman,0,53,19953.053,376.4726382246557
"90-5864300",Angel,0,76,23546.625,309.8239459364038
"00-3138749",Human,0,2,8684.199,4342.099853515625
"30-2278762",Elf,0,41,62555.58,1525.745134307117
"62-4675311",Orc,1,8,1728.6,216.0749992132187
"52-0223470",Human,0,180,48447.973,269.15533510579
"32-7540051",Hobbit,0,106,13572.708,128.044434835326
"30-8657133",Elf,0,13,20138.3,1549.1000207754282
"86-9890998",Northman,1,25,33810.918,1352.4367739990353
"83-0281772",Orc,1,19,11304.441,594.9705256411904
"76-1636138",Elf,1,45,32282.04,717.3786719004313
"74-0064081",Northman,0,121,27881.924,230.42909094124786
"24-2820585",Northman,0,43,56364.91,1310.8118713207023
"56-1462617",Orc,0,62,15853.519,255.70193443375248
"57-1845150",Human,0,37,10925.439,295.28216287252064
"52-8138350",Hobbit,0,28,13674.92,488.39000047956193
"18-5096901",Orc,0,4,1160.39,290.0975036621094
"71-0437829",Hobbit,0,29,6071.5,209.36206712393925
"30-5187660",Hobbit,0,12,2231.24,185.93666525681815
"42-0926329",Human,0,46,16396.031,356.4354311878914
"03-2993254",Elf,0,14,1601.47,114.39071425715727
"38-3558145",Hobbit,1,107,19664.764,183.78280189549812
"69-3446366",Human,1,39,9898.302,253.80256345944528
"18-7663449",Human,0,32,22459.172,701.849050283432
"59-6156527",Human,0,36,20491.57,569.2102658634799
"19-9444515",Orc,0,5,866.55,173.31000289916992
"39-5694182",Northman,0,16,4732.9,295.80624985694885
"55-0865437",Angel,0,31,55818.656,1800.601618243802
"61-3033764",Northman,0,3,187.15,62.38333384195963
"59-6954263",Elf,0,143,158882.86,1111.0688068016425
"68-2197552",Northman,0,13,3915.3801,301.1830767118014
"85-4566770",Elf,0,12,2073.72,172.80999819437662
"58-9688147",Human,0,17,65281.305,3840.076518339269
"97-4160368",Northman,1,35,5503.549,157.24428714002883
"00-9731481",Orc,1,15,2220.4402,148.02933394114177
"91-1615699",Human,0,16,3413.7703,213.36062240600586
"99-1980670",Orc,0,2,868.42,434.2099914550781
"50-7083529",Elf,1,59,76124.01,1290.2371174925465
"56-0703090",Human,0,48,37231.387,775.653749704361
"59-9441001",Human,0,30,4416.659,147.22199786330262
"98-0840636",Hobbit,0,1,524.05,524.0499877929688
"13-5663441",Northman,1,79,58259.293,737.4591069312036
"18-8274197",Northman,0,53,41531.55,783.6141454026384
"86-1734903",Hobbit,1,108,40232.594,372.52416307837876
"32-1323424",Orc,0,50,42312.996,846.2599891662597
"41-2375341",Demon,0,2,134.76,67.37999820709229
"44-6051721",Elf,0,287,115333.86,401.8603828198273
"13-9569603",Elf,0,28,8089.77,288.9203553880964
"97-7441174",Northman,0,80,72713.79,908.9222540736198
"30-8609984",Orc,0,47,103701.23,2206.4087298778777
"77-6561952",Human,0,11,1792.25,162.93182130293414
"40-0498777",Human,0,22,23207.82,1054.9008906971324
"65-1018188",Orc,0,35,17106.434,488.75513959612164
"94-1184180",Human,0,86,33045.21,384.24662809870966
"28-8764210",Human,0,38,16043.86,422.20683453712417
"51-5759444",Human,0,28,6862.769,245.09892868995667
"15-6583103",Hobbit,0,222,123012.61,554.1108087462347
"27-8199654",Orc,0,29,9848.36,339.5986223960745
"43-8032072",Human,0,127,166585.62,1311.6979492367723
"02-8015603",Orc,0,46,6996.0986,152.08912928208062
"11-3246483",Human,0,65,43764.145,673.2943060984405
"63-8065974",Angel,1,30,33913.37,1130.445644124349
"91-1448758",Northman,0,3,494.09998,164.70000203450522
"35-1963742",Hobbit,0,52,21066.682,405.12846424029425
"18-3142682",Hobbit,0,10,3488.6602,348.8660051345825
"10-2194181",Human,0,26,8961.219,344.66230979332556
"27-4312028",Demon,0,17,3290.27,193.54529268601362
"65-4483997",Elf,0,66,243853.86,3694.755755337802
"74-4198249",Orc,0,41,2287.0598,55.78195126463727
"04-5561977",Elf,0,55,7864.4194,142.989453198693
"01-9093998",Northman,0,1,37.43,37.43000030517578
"68-3469803",Elf,0,577,956308.5,1657.3812152117464
"38-0110072",Hobbit,0,1,1122.96,1122.9599609375
"23-8419174",Orc,0,8,1089.27,136.1587517261505
"55-8681655",Orc,0,40,115222.984,2880.574743652344
"74-7367962",Northman,0,42,29248.95,696.4033356223788
"71-2628487",Elf,1,93,83157.31,894.1646349662815
"64-7596713",Northman,0,38,8559.139,225.24052572250366
"43-8445440",Elf,0,167,64073.76,383.6752092752628
"73-7778499",Human,0,70,26473.11,378.18714579173496
"68-2997685",Hobbit,0,155,59260.082,382.3229683937565
"95-3322686",Hobbit,0,137,38367.66,280.05576509955154
"20-2602427",Human,1,7,5647.7095,806.8157392229352
"82-9189874",Elf,0,39,2838.7,72.78718026479085
"83-4115776",Human,1,17,16110.97,947.7041381667642
"40-0119031",Human,0,3,3691.76,1230.586685180664
"68-5284810",Orc,0,13,5895.4604,453.4969312961285
"48-5049126",Northman,1,2,5989.1,2994.550048828125
"39-3246260",Angel,0,2,4.49,2.2450000047683716
"18-6505907",Elf,0,38,4463.72,117.46631602237099
"69-3434073",Human,1,14,11798.579,842.7557096481323
"28-4093684",Orc,0,2063,2556713.0,1239.317457994929
"11-0284740",Human,0,37,9996.529,270.1764849005519
"27-0948283",Human,0,7,4443.17,634.7385722569057
"02-5225131",Northman,0,1,149.73,149.72999572753906
"69-1258909",Human,0,22,1843.52,83.79636325077577
"62-9294432",Hobbit,0,8,1407.44,175.92999744415283
"83-6047473",Hobbit,0,111,84442.164,760.7400873921778
"97-2384938",Northman,0,26,6322.2495,243.16345868660852
"55-5052630",Human,0,48,17565.084,365.9391649365425
"52-4777192",Northman,0,708,303778.56,429.0666831166057
"73-5023391",Human,0,42,22000.568,523.8230987803212
"27-6892803",Human,0,1,74.86,74.86000061035156
"78-6307920",Orc,0,11,1187.02,107.91090843894266
"06-4037131",Elf,0,17,3556.0298,209.17822983685662
"40-4809866",Hobbit,0,36,6861.4487,190.59583224190607
"77-7321800",Elf,0,41,25080.7,611.724393146794
"17-2467166",Orc,0,23,5318.7803,231.25130528989047
"92-1851793",Elf,0,11,8796.511,799.6827156760476
"31-2993039",Hobbit,0,17,4050.1396,238.24352488798255
"56-2293333",Northman,1,215,445877.75,2073.8494369251785
"92-0490049",Hobbit,0,10,3499.8699,349.9869997262955
"79-7206784",Hobbit,0,255,7619.6523,29.880940911232255
"32-2877257",Elf,0,6,1557.16,259.52666600545246
"81-0869401",Orc,0,46,53689.7,1167.1671608219976
"97-0176308",Hobbit,0,75,16440.225,219.20293352457384
"66-5244283",Elf,0,17,2598.5303,152.85470536175896
"62-4704942",Orc,0,83,26687.115,321.53144408421343
"56-6471462",Hobbit,0,1,1572.14,1572.1400146484375
"41-5681306",Hobbit,1,13,4639.32,356.87076436556305
"67-3768062",Human,0,2,7935.57,3967.784912109375
"28-5754297",Angel,1,76,16638.297,218.9249991005973
"29-6560178",Elf,0,19,4999.3896,263.1257939589651
"32-1491247",Northman,0,20,8261.239,413.0620057106018
"65-8638540",Hobbit,0,47,8758.019,186.34085071594157
"58-7823613",Human,0,61,20663.982,338.75377291587535
"97-1626096",Orc,0,46,15721.445,341.77043566496474
"14-7299154",Hobbit,0,215,488230.78,2270.8410141401514
"73-6818983",Hobbit,0,101,62269.066,616.5253522986233
"13-7194824",Northman,0,150,53432.76,356.2183288828532
"59-0112416",Human,0,5,1432.9,286.5800018310547
"40-6661119",Human,0,93,127329.44,1369.1338784515217
"25-3202551",Human,0,7,3215.4001,459.34285736083984
"19-7441454",Angel,0,2,5411.6104,2705.8050537109375
"27-7878556",Human,0,17,16657.223,979.8364634794348
"11-9269656",Demon,0,99,114372.4,1155.2769682286967
"24-1028607",Human,0,58,55213.496,951.9567260577761
"84-5957137",Elf,0,50,18556.527,371.13059559822085
"31-9654079",Hobbit,0,33,7421.36,224.889697710673
"43-1810601",Northman,1,40,12220.141,305.50350084900856
"99-0759088",Northman,0,5,542.16003,108.43200168609619
"42-9229609",Human,0,59,71819.586,1217.2808433468058
"66-6368283",Human,0,45,18096.121,402.13600052727594
"21-9515397",Human,0,75,16023.952,213.6526663462321
"04-3024359",Elf,0,3,7037.21,2345.736612955729
"17-7891963",Human,0,71,16321.63,229.88211346737725
"19-8202619",Human,0,42,11425.801,272.0428576015291
"50-0223287",Hobbit,0,26,3017.03,116.03961431063138
"94-0531443",Human,0,20,4177.42,208.87100172042847
"63-0176286",Elf,0,13,3915.4001,301.1846162355863
"08-9725260",Orc,1,17,15714.85,924.4029428818646
"00-1957612",Northman,1,4,1759.3,439.8250045776367
"57-7696510",Hobbit,0,49,78460.71,1601.2387694144736
"95-3286248",Orc,0,198,453595.88,2290.8877236445746
"35-9669455",Human,0,3,2695.1,898.3666839599609
"19-6786604",Human,0,1,1399.95,1399.949951171875
"74-8872592",Hobbit,0,26,11232.381,432.0146151322585
"79-3822561",Northman,0,1,97.32,97.31999969482422
"88-4134250",Northman,0,141,51991.633,368.73503487714373
"97-8360156",Northman,1,45,9623.762,213.86133031315273
"68-6419703",Orc,0,7,1096.77,156.68142890930176
"71-4010008",Human,1,4,400.52997,100.13249969482422
"91-5463311",Northman,1,16,12710.97,794.4356269836426
"28-9710414",Hobbit,0,24,38321.3,1596.720815340678
"82-4341839",Elf,0,32,6518.39,203.6996885612607
"90-1143248",Elf,1,4,1731.8298,432.9574909210205
"81-2539181",Elf,0,14,3900.42,278.6014242172241
"32-4030347",Elf,0,35,12823.882,366.3965756280082
"47-9346041",Elf,0,14,5097.34,364.09571538652693
"86-6742282",Human,1,2,3.81,1.9050000049173832
"53-8162035",Northman,1,23,5461.329,237.44912795398545
"84-9772367",Human,0,61,22463.97,368.2618009535993
"55-6035706",Hobbit,1,1,1068.02,1068.02001953125
"04-8210857",Orc,0,26,80755.04,3105.9634465615336
"47-0649915",Elf,0,39,72610.5,1861.8074463483615
"68-7213876",Northman,0,8,875.89996,109.48750004172325
"46-8752651",Hobbit,0,88,36637.887,416.33965532888067
"96-4046811",Elf,1,1,1534.97,1534.969970703125
"88-7045477",Orc,0,5,1579.6299,315.9259979248047
"45-1320174",Northman,1,72,28851.494,400.71513336234625
"15-8881254",Human,0,8,1160.79,145.0987511461135
"98-1217102",Human,0,112,5630.7944,50.274821411286084
"53-3119545",Human,0,5,984.45,196.8900032043457
"96-9680863",Northman,0,11,1355.0299,123.18454326282848
"90-3940494",Orc,0,5,11835.99,2367.1980117797852
"14-7401748",Human,0,22,12765.85,580.2659019990401
"92-3086011",Orc,0,50,25472.43,509.4485919380188
"69-8582150",Northman,0,34,13274.101,390.41470484172595
"83-2809735",Hobbit,0,46,93990.23,2043.2656453174093
"30-9208886",Human,1,63,5972.25,94.79761856321305
"23-7327568",Elf,1,14,519.85,37.13214268003191
"50-6685875",Orc,0,1,1871.6,1871.5999755859375
"18-2993698",Northman,0,4,262.01,65.50250053405762
"06-1087660",Northman,0,2,1519.66,759.8300142288208
"88-7391710",Human,0,54,18749.646,347.21555686880043
"44-7030823",Elf,1,8,580.19995,72.52499914169312
"71-5090413",Orc,0,4,64.229996,16.05750012397766
"19-1172276",Northman,0,44,2682.7498,60.971591304649
"14-4676687",Angel,1,29,18469.66,636.8848267588122
"58-5721188",Northman,0,14,4899.84,349.98857239314486
"62-2380409",Human,1,16,4050.13,253.13312631845474
"22-7196017",Northman,0,21,19528.992,929.9519199189685
"20-1956104",Elf,0,35,23754.787,678.7082832881382
"55-9309597",Human,0,26,7746.91,297.9580735426683
"94-8643947",Human,0,1,74.86,74.86000061035156
"06-3447104",Angel,0,81,15317.1,189.09999873903064
"01-9817509",Hobbit,0,24,27288.412,1137.0170933802922
"47-2693188",Demon,1,28,26790.066,956.7882172039577
"98-1550526",Human,0,91,26789.541,294.39054635068874
"51-7087884",Hobbit,0,19,3340.34,175.8073674879576
"03-7539654",Elf,0,57,83440.48,1463.867882109525
"41-8197295",Human,0,1,1122.96,1122.9599609375
"72-9062936",Human,0,41,145653.97,3552.536795546369
"46-1106109",Elf,0,2,486.62,243.31000518798828
"66-1151960",Human,0,3,2346.2302,782.0767059326172
"04-5004960",Human,0,2,89.37,44.6850004196167
"66-0234016",Angel,0,4,504.77,126.19250011444092
"23-4009448",Human,0,68,16959.715,249.4074982159278
"68-9122230",Human,1,39,4387.75,112.50640899707109
"94-3699579",Orc,0,42,9611.19,228.8378564459937
"07-4905859",Human,0,22,19954.973,907.0440824682063
"65-5699105",Hobbit,0,33,5090.7603,154.26545252944484
"56-4225744",Hobbit,0,40,6353.4004,158.83499856591226
"84-6345675",Orc,0,17,6483.2397,381.36706363453584
"96-3241401",Orc,0,5,673.78,134.75599822998046
"86-7309014",Human,0,23,48906.37,2126.363914987315
"63-7777706",Human,1,6,5006.12,834.353343963623
"00-0971612",Hobbit,0,236,1290916.4,5469.98426726713
"26-9981662",Elf,1,38,11978.22,315.2163142906992
"61-0878525",Orc,0,82,9220.553,112.44573188118818
"77-5842639",Northman,0,50,148215.48,2964.3097591018677
"02-5365306",Human,1,42,36488.676,868.7778531029111
"44-8493146",Demon,0,60,155240.44,2587.3416811943052
"73-9202982",Demon,0,17,10132.092,596.0053061176749
"18-0784386",Elf,0,61,31078.186,509.4783625133702
"84-3163266",Elf,0,5,37.43,7.485999965667725
"14-9007244",Human,0,88,33086.492,375.98284486478025
"89-7563625",Northman,0,7,484.80002,69.25714398388352
"31-8836837",Angel,0,150,407234.53,2714.897920411428
"01-1268137",Hobbit,1,54,29938.078,554.4088923533758
"91-5947409",Orc,0,151,40558.418,268.59874156719405
"51-7385387",Elf,0,6,2695.0999,449.18332926432294
"31-4724343",Human,0,40,36862.24,921.5559979498387
"36-3731439",Angel,0,22,6086.409,276.6550025072965
"58-7734980",Hobbit,0,54,34276.434,634.7487030029297
"79-9203378",Demon,0,23,8229.421,357.8008684075397
"40-1613476",Hobbit,0,29,7134.5493,246.01896588555698
"98-5534492",Northman,0,19,6936.15,365.06052619532534
"19-2653311",Human,0,1,0.75,0.75
"60-9963893",Hobbit,0,77,113512.63,1474.1897337777275
"24-4552517",Human,0,72,119028.414,1653.1722175852499
"74-4100803",Human,0,33,9226.908,279.6033308433764
"91-2023361",Northman,0,30,102222.305,3407.4096776326496
"70-3478377",Hobbit,0,68,52557.555,772.9051482537213
"72-8513755",Orc,1,135,74485.586,551.7449587380445
"45-9654383",Demon,0,46,36197.445,786.9008722046148
"08-3403724",Human,0,20,27949.654,1397.4825035095214
"73-6234468",Orc,0,92,99774.66,1084.506846282793
"70-9057690",Orc,0,10,1815.45,181.5450008392334
"15-8466151",Elf,0,17,45741.812,2690.6947120217715
"21-7585775",Human,0,23,9665.551,420.2412985096807
"19-7069956",Angel,0,1,14.97,14.970000267028809
"74-0105273",Hobbit,0,29,4593.5806,158.39930969271165
"98-2941473",Orc,0,3,224.58,74.86000061035156
"10-1797528",Hobbit,0,6,2640.0698,440.0116602579753
"17-2279350",Orc,1,726,224034.55,308.5878123955406
"90-4874153",Hobbit,0,8,1759.3,219.9124994277954
"27-1485054",Northman,1,13,4089.0498,314.5423149695763
"63-9419987",Human,0,137,36445.258,266.02372339868197
"28-8803978",Orc,1,125,35696.285,285.57015934181214
"57-6548083",Northman,0,10,46950.984,4695.09793548584
"60-8844952",Orc,0,42,10900.148,259.5273807616461
"76-8277838",Human,0,7,1463.58,209.08286121913366
"85-2199824",Orc,0,21,1834.1101,87.33857002712432
"47-2336912",Hobbit,1,17,3741.6904,220.0994154986213
"56-7800444",Human,0,153,167854.33,1097.0874437693676
"19-0247396",Human,0,30,12022.239,400.74132843017577
"43-1342520",Orc,0,6,5932.96,988.8267033894857
"73-0847604",Human,1,44,31987.875,726.9970380609685
"35-6184041",Orc,1,42,92963.5,2213.416200478872
"44-1119053",Hobbit,0,56,76236.47,1361.3653585059303
"37-7395873",Northman,0,17,40268.35,2368.726484186509
"35-5560276",Hobbit,0,86,24214.252,281.56104245643286
"63-5260584",Elf,0,1,3368.87,3368.8701171875
"77-2979942",Hobbit,0,20,8280.59,414.02949342727663
"54-0068485",Orc,0,93,109349.914,1175.805585984261
"00-1331085",Elf,0,31,16580.879,534.8670891484907
"93-0807997",Orc,1,11,64919.73,5901.793714003129
"37-0249058",Human,1,31,6555.0103,211.45193303015924
"86-6327476",Hobbit,0,3,14549.861,4849.953460693359
"63-9720531",Human,0,3,471.64,157.2133356730143
"41-0965834",Northman,0,180,51717.938,287.32199989673165
"20-4868590",Orc,0,39,7757.2905,198.90487312659238
"22-6682798",Elf,0,76,86635.41,1139.9394801792346
"02-0691316",Northman,0,49,10880.791,222.05693883311991
"61-7983005",Orc,0,29,8752.399,301.8068918030838
"39-1289277",Hobbit,1,152,101728.28,669.2650604059821
"44-8346127",Orc,1,54,40233.363,745.0622114252161
"86-2348968",Northman,0,15,3368.8503,224.58999633789062
"72-1394670",Human,0,9,372.50998,41.38999970753988
"87-7675884",Angel,0,40,41377.934,1034.4482476579026
"55-8065953",Hobbit,0,26,8149.57,313.44500004328216
"50-4176462",Orc,0,107,26689.277,249.43252125410277
"14-3158818",Northman,0,19,10361.16,545.3242015838623
"41-8584145",Elf,0,21,14068.429,669.9252450125558
"99-7094591",Orc,0,37,7591.19,205.16729599720722
"77-7801069",Northman,0,28,31768.5,1134.5892900739398
"69-2103882",Elf,0,27,9909.38,367.01407404299135
"73-1149097",Human,0,66,13861.79,210.02712151498505
"24-6863234",Orc,1,21,21433.56,1020.6457098098028
"59-7815002",Orc,0,2,5.88,2.940000057220459
"61-9194847",Angel,0,7,9331.709,1333.101419721331
"06-5175964",Elf,0,13,2930.9402,225.45691915658804
"53-6792859",Angel,0,5,1137.94,227.58800048828124
"07-3283732",Human,1,13,1175.3801,90.41384550241324
"00-3214670",Hobbit,0,3,7785.84,2595.2799479166665
"11-1710411",Northman,0,83,47163.66,568.2367436857108
"72-8383652",Human,1,40,13371.128,334.27825167626145
"02-6804243",Hobbit,0,50,9942.603,198.8519987678528
"80-0208769",Human,0,22,16604.809,754.7640953063965
"33-5765674",Hobbit,0,14,2381.8901,170.1349996839251
"19-8099820",Human,0,100,29903.246,299.0324003329873
"95-7953747",Northman,0,659,395182.7,599.6700856247875
"03-6813978",Elf,0,1,39.44,39.439998626708984
"39-1793829",Hobbit,0,201,41789.273,207.90701417543403
"79-5310479",Orc,0,53,55915.87,1055.0162096563374
"61-4559381",Human,0,70,10182.691,145.46700048787253
"96-3866073",Elf,1,81,36401.938,449.4066643891511
"70-6066055",Hobbit,0,27,8631.7705,319.695182941578
"76-1375245",Northman,0,14,10486.801,749.057149205889
"16-1004944",Human,0,2,2320.78,1160.3899612426758
"98-4945821",Elf,0,65,9208.23,141.66507641718937
"04-5534953",Angel,1,5,9208.26,1841.6519897460937
"83-7846114",Angel,0,32,10444.28,326.38374853879213
"00-1100714",Human,1,163,99295.72,609.1762568877518
"03-0418386",Human,0,98,75740.4,772.8610280411584
"05-9043354",Human,1,46,79337.14,1724.7204312656236
"35-2814973",Northman,1,29,19690.7,678.9896488189697
"09-5686120",Hobbit,0,159,10635.418,66.8894339117614
"37-8791871",Elf,0,73,13269.601,181.77534240239288
"23-8051252",Elf,0,33,8298.679,251.475149046291
"60-8031922",Human,0,62,39274.074,633.452739530994
"83-7523152",Hobbit,0,64,23238.188,363.09656296670437
"79-5921874",Demon,0,32,7802.01,243.81281185150146
"65-5109245",Human,0,78,62103.105,796.1935696518765
"08-4582481",Human,0,148,84458.32,570.6641923658349
"02-0702454",Orc,0,282,229869.38,815.140639318642
"37-6964818",Human,1,2,845.97,422.9849901199341
"57-9717827",Hobbit,0,28,7456.4595,266.30214255196705
"93-5731650",Northman,0,8,6677.85,834.731280207634
"82-9359383",Orc,0,12,3114.3499,259.52916145324707
"74-1664991",Hobbit,1,33,8710.319,263.94909117528886
"63-4914298",Angel,0,59,8152.649,138.18050735279664
"15-8054009",Orc,0,13,2485.4697,191.18999613248386
"22-8579152",Human,0,24,13711.689,571.3204035758972
"84-5585671",Human,0,81,26213.646,323.62518538369073
"96-7004471",Human,0,28,3899.6597,139.27356937953405
"72-1470233",Demon,0,83,12495.074,150.5430119669581
"71-6602329",Human,0,17,6131.9395,360.70235398236446
"53-9958873",Northman,1,106,34809.207,328.38877403736115
"12-0652774",Orc,1,58,7040.1914,121.38258562416866
"76-4353396",Northman,0,77,25976.82,337.36116623941376
"82-8231647",Demon,1,65,15964.718,245.61092030818645
"25-1960256",Hobbit,1,26,6680.91,256.95807747198984
"88-1110409",Human,0,1,134.75,134.75
"15-3178088",Human,0,30,14244.18,474.80599473317466
"28-9151607",Human,1,21,6393.3105,304.44332304454986
"82-5369923",Human,0,78,86452.53,1108.3657683103513
"15-8927073",Hobbit,0,1,37.43,37.43000030517578
"04-6904108",Orc,0,41,91071.945,2221.266843842297
"08-3743927",Northman,0,23,10857.5,472.06522145478624
"07-7431003",Angel,0,2,172.19,86.09499740600586
"69-7829678",Elf,0,12,3192.9504,266.07916736602783
"60-4094598",Human,0,1,374.32,374.32000732421875
"88-8508519",Orc,0,7,1550.2101,221.4585669381278
"50-3900984",Human,0,38,16941.701,445.8342129054822
"93-0605092",Angel,0,32,18670.85,583.4640773562714
"29-3359532",Northman,0,57,7895.7495,138.52192713084975
"26-8645776",Elf,0,46,10988.56,238.88173776087552
"71-9448728",Northman,0,20,2186.03,109.3014995098114
"26-2363128",Human,0,127,119698.82,942.5105504037475
"95-7249287",Orc,0,1,4.6,4.599999904632568
"62-5491279",Orc,0,50,15729.292,314.5858026599884
"33-5395042",Northman,0,280,399123.16,1425.4405307224818
"50-5568082",Human,0,5,568.96,113.79199981689453
"83-2829664",Human,0,43,22166.023,515.4888387502626
"91-7841061",Hobbit,1,1,17.89,17.889999389648438
"18-6092073",Northman,0,63,19371.023,307.4765100630503
"40-2140047",Northman,0,49,53040.344,1082.4561238970075
"35-7148692",Hobbit,0,29,19142.77,660.09551964135
"93-1714721",Northman,0,7,520.3,74.32856968470982
"91-4687564",Hobbit,0,37,13957.62,377.23297085633146
"51-5483979",Human,0,14,1048.0399,74.86000061035156
"46-0622468",Northman,0,1662,64168.06,38.60893496788509
"42-8056503",Northman,1,41,14480.169,353.17487126443444
"92-3072906",Northman,0,70,96986.23,1385.5172803606306
"00-6902222",Elf,1,42,10133.594,241.27595115843275
"20-1238628",Hobbit,0,33,18460.682,559.4145410783364
"53-6014340",Northman,0,21,13108.29,624.2042847587949
"44-9752249",Human,0,63,56189.094,891.8903215499151
"55-5849593",Elf,0,16,1286.1698,80.3856251835823
"73-8738508",Hobbit,1,34,6887.58,202.57587697981472
"06-9955942",Human,0,126,229825.58,1824.0134707254076
"26-0150510",Northman,0,116,193124.89,1664.86974472013
"48-1711186",Human,0,18,9766.009,542.5561104880439
"68-1606978",Hobbit,0,26,5300.3594,203.85999976671658
"26-2346867",Orc,0,3,2123.26,707.7533135414124
"38-2690864",Angel,0,16,3563.51,222.71937561035156
"31-6184365",Orc,0,42,16301.721,388.1361910331817
"70-1045176",Angel,1,24,9690.749,403.78124872843426
"37-7673697",Northman,0,3,561.47,187.1566619873047
"31-3397735",Human,0,51,31996.73,627.3868577293321
"82-3236362",Hobbit,0,17,1620.2,95.3058804063236
"93-4458619",Hobbit,0,39,124296.57,3187.091549604367
"79-1246774",Northman,0,22,51394.05,2336.0931927074084
"24-2333702",Northman,0,15,2897.2397,193.14933166503906
"24-4224663",Orc,0,14,4829.47,344.96214239937916
"21-4822611",Hobbit,0,18,1246.38,69.24333360460069
"85-4644405",Hobbit,0,18,2538.0398,141.0022211604648
"76-4277990",Human,1,130,398912.25,3068.556079648378
"22-4487984",Northman,0,1505,72111.14,47.91437871440304
"59-1111334",Human,1,1,1871.6,1871.5999755859375
"45-9550815",Human,0,78,93036.84,1192.7802504835984
"68-6065465",Elf,0,6,29888.84,4981.473306020101
"59-8144560",Demon,1,65,7214.2495,110.98846002908853
"03-7281272",Orc,0,162,344595.06,2127.1304890314736
"44-9871332",Elf,0,20,6365.79,318.28950476646423
"24-6457699",Human,0,59,33440.21,566.7830507351181
"44-8035842",Demon,0,11,1778.84,161.7127262462269
"23-9228193",Hobbit,1,130,465984.75,3584.4989955388583
"14-9472078",Human,0,18,61902.16,3439.0088953971863
"21-0734036",Orc,0,40,70259.805,1756.494718170166
"89-4556808",Human,0,238,99016.53,416.0357952358342
"31-7866148",Demon,0,3,2253.4102,751.1366812388102
"24-8274446",Northman,0,56,53200.523,950.0092741932187
"66-1636391",Orc,0,15,748.61993,49.90800051689148
"45-1268349",Elf,1,46,44394.29,965.0930436175803
"29-4027871",Angel,0,17,40671.27,2392.4276553883274
"63-5214249",Northman,0,8,3945.33,493.1662448644638
"37-4068385",Hobbit,0,16,6868.1,429.2562494277954
"79-2358779",Elf,0,64,43922.625,686.290944814682
"32-5914448",Northman,0,164,57585.332,351.1299356774586
"67-2288266",Orc,1,101,84882.23,840.4179173601736
"09-1913845",Human,0,52,35455.51,681.8367281143481
"49-6878771",Orc,0,136,23456.973,172.47772028165704
"38-3748295",Human,0,137,52183.527,380.9017499606975
"03-1812727",Human,0,86,90632.45,1053.865691495496
"81-4929695",Human,1,22,19277.438,876.2472693703392
"51-0636039",Orc,0,81,192684.61,2378.822608311971
"48-5281905",Hobbit,0,12,7458.7803,621.5650142033895
"57-0156780",Hobbit,0,37,14658.38,396.17243133545725
"95-3422638",Northman,0,17,1343.84,79.04941246088814
"78-8318902",Hobbit,0,29,48894.008,1686.0000063139817
"08-6224002",Northman,0,161,861654.25,5351.890715699758
"17-6662680",Northman,0,1,1197.82,1197.8199462890625
"94-4968219",Orc,1,66,127602.164,1933.3659222920735
"47-7474579",Elf,0,367,527740.25,1437.9840767000287
"68-1749873",Demon,0,308,26827.39,87.10172025956116
"77-7077768",Elf,0,30,15222.939,507.43133287827175
"58-3218791",Hobbit,0,24,21530.86,897.119166692098
"15-7177741",Demon,0,59,34281.938,581.0496533603991
"61-3584935",Hobbit,0,2,935.8,467.8999938964844
"75-1175893",Human,0,25,24645.48,985.8191918563842
"88-0632639",Orc,0,56,23437.645,418.5292867251805
"74-9349802",Northman,1,1,2485.48,2485.47998046875
"56-7596865",Human,0,71,16092.98,226.66169122575033
"24-3882838",Elf,0,2,1579.63,789.8150072097778
"22-8993877",Elf,0,124,51278.35,413.5349144724108
"08-4931263",Human,0,17,7875.659,463.27411561853745
"00-8719634",Human,1,14,2208.4897,157.74928501674108
"08-0994721",Orc,0,8,3723.13,465.3912538290024
"41-5260583",Human,0,7,7411.5303,1058.7899867466517
"78-4072884",Human,0,68,42867.02,630.3973554162418
"54-3495084",Hobbit,0,9,8847.81,983.0900132921007
"54-3817961",Northman,0,107,36431.793,340.48401709182934
"63-2820404",Demon,1,40,26018.693,650.4672546386719
"81-4243642",Hobbit,1,1,0.75,0.75
"81-6109389",Northman,0,4,102.42,25.605000495910645
"66-6093532",Human,0,6,781.57,130.26166852315268
"08-8534515",Orc,1,78,23838.4,305.62038254952773
"64-9843286",Human,1,14,1328.8298,94.91642720358712
"06-3187575",Orc,0,1,107.8,107.80000305175781
"23-8924343",Elf,0,86,19061.799,221.64883549823318
"82-7575342",Hobbit,0,72,30480.607,423.34179890818064
"96-1856245",Human,0,50,41553.402,831.0679965972901
"45-4952868",Human,0,134,81689.66,609.6242490717724
"56-2344729",Angel,0,53,25269.352,476.78019001152154
"60-2718220",Orc,0,38,45547.043,1198.6065717998304
"87-8597081",Human,0,17,3155.51,185.61823419963613
"84-3062153",Elf,0,125,526542.0,4212.335217134476
"41-4692079",Hobbit,0,45,14039.4,311.9866617838542
"67-8247631",Northman,0,21,11938.241,568.4876142229352
"17-1615579",Hobbit,0,626,569183.6,909.2394410859282
"09-2903637",Human,0,19,11809.76,621.5663156509399
"54-0362867",Human,0,15,7785.8506,519.0566670735677
"26-0127916",Orc,1,43,44733.72,1040.318816961244
"44-7991375",Human,0,132,100200.875,759.0976425373193
"69-4441414",Human,0,46,44885.1,975.7630259316901
"34-0326237",Elf,0,42,12711.31,302.6502338761375
"93-2918013",Northman,0,16,1602.52,100.15749955177307
"77-5543381",Northman,0,98,44312.75,452.1707108847949
"25-7407874",Northman,0,109,40403.33,370.6726584068132
"93-1257003",Hobbit,0,24,41115.19,1713.132909933726
"62-0882572",Orc,0,60,22902.2,381.7033310572306
"67-4669094",Human,0,8,1175.3499,146.91874718666077
"15-8711329",Northman,1,54,21520.676,398.53111164658156
"45-3043270",Human,0,229,35022.45,152.93624433497675
"78-4968287",Human,0,25,27276.639,1091.0655908203125
"16-3878486",Northman,0,3,400.52,133.50666880607605
"58-7002161",Elf,0,49,63125.23,1288.2697841488584
"36-3267264",Human,0,35,65243.906,1864.1114400046213
"58-5689879",Human,1,2,225.71,112.85500288009644
"00-0472832",Human,0,6,1355.03,225.83832550048828
"08-8380347",Hobbit,0,14,8019.46,572.8185680082867
"08-9138018",Angel,0,42,7658.3706,182.34214250246683
"15-6621144",Human,0,14,4866.16,347.5828606741769
"01-3665845",Orc,0,233,54184.9,232.5533045745203
"22-2406144",Human,0,248,67827.37,273.4974186228168
"02-4210787",Elf,0,1,149.73,149.72999572753906
"07-6454480",Orc,0,42,23035.592,548.4664233752659
"22-9123814",Demon,0,50,28620.494,572.4097988510132
"30-4215023",Hobbit,0,28,6546.86,233.81642964908056
"95-8869240",Orc,0,81,7662.2188,94.59530932814987
"73-4994273",Hobbit,0,54,17661.297,327.0611064257445
"30-0186894",Elf,0,4,35129.42,8782.355041503906
"31-2680518",Orc,0,18,5488.86,304.9366669125027
"40-9886470",Human,0,19,4348.75,228.8815759859587
"98-7955556",Orc,0,11,5809.4307,528.1299944790927
"41-2701827",Human,1,3,531.52997,177.176664352417
"31-0650429",Demon,0,24,81638.016,3401.583779335022
"69-3309938",Angel,0,43,25474.232,592.4239516369132
"54-9858389",Human,0,39,19090.148,489.4910399852655
"16-5571788",Northman,0,58,5240.4995,90.35344849989332
"78-5808720",Angel,0,90,30497.3,338.8588882340325
"70-8678916",Northman,1,20,2245.9102,112.29549866914749
"60-7802795",Human,0,8,2448.06,306.00749588012695
"94-2462603",Northman,1,5,428.22,85.64400062561035
"46-9841694",Human,0,40,6604.1895,165.1047479867935
"32-9710006",Orc,0,2,257.54,128.770001411438
"81-6962046",Human,0,47,21052.113,447.91723444614007
"92-3343956",Hobbit,1,49,9981.377,203.70163233426152
"44-1138726",Human,1,9,4154.96,461.66221703423395
"91-7760462",Orc,1,96,41781.797,435.2269789362326
"32-2331868",Human,0,16,2713.7903,169.6118767261505
"88-4971581",Orc,0,20,2571.5698,128.5784989476204
"26-0119549",Hobbit,0,683,2182552.2,3195.5365460310077
"02-9360852",Angel,0,33,10266.171,311.096058325334
"90-2034137",Human,0,1,14.97,14.970000267028809
"06-7865121",Northman,1,49,55721.625,1137.1757162055192
"91-6213640",Hobbit,0,19,4389.4497,231.02368550551566
"93-0665966",Orc,0,164,71916.43,438.5148161982141
"92-7174015",Human,0,42,9234.42,219.8671406110128
"34-6847640",Hobbit,0,35,4368.67,124.81914277757917
"84-0346064",Elf,1,79,33529.848,424.42835219902327
"20-0515770",Hobbit,0,121,17560.033,145.12421467678607
"08-1164350",Northman,0,36,11044.662,306.7961109479268
"55-9858230",Hobbit,0,2,1.5,0.75
"57-5618574",Demon,1,141,49753.89,352.8643246588978
"64-7311990",Hobbit,1,19,2380.6702,125.2984195508455
"85-5805916",Elf,0,56,7306.2485,130.46874966791697
"59-9730211",Human,0,17,1579.63,92.91941205193015
"17-7964771",Human,0,11,6363.44,578.4945442893288
"98-4206479",Human,1,67,21066.027,314.4182094246594
"34-7267302",Human,1,5,4169.9204,833.9840141296387
"56-0196505",Demon,0,44,16727.53,380.1711331714283
"95-3897295",Human,0,25,73976.91,2959.0760083007813
"53-6244558",Hobbit,0,53,12869.924,242.82867775323257
"71-3156038",Orc,0,63,13251.513,210.3414268455808
"47-7712020",Human,0,12,3245.3298,270.444162050883
"95-6133316",Human,0,38,15019.552,395.25131426986894
"59-8367261",Hobbit,0,24,14463.72,602.6549898783366
"64-3635290",Human,1,1,74.86,74.86000061035156
"14-6417595",Human,1,24,4791.29,199.63707947731018
"94-2854935",Northman,0,160,355576.9,2222.3565582945944
"24-0794110",Hobbit,0,4,786.06995,196.5175018310547
"21-4360544",Northman,0,22,10393.68,472.4400003714995
"95-7625523",Northman,0,18,1529.59,84.97722223069933
"83-8620020",Elf,1,53,11639.451,219.61225876718197
"91-8909003",Human,0,64,30102.783,470.3559355735779
"70-0180225",Northman,1,20,3417.5894,170.8794996857643
"76-7996228",Human,0,9,16095.75,1788.4166683620876
"28-7967881",Northman,0,52,6747.7593,129.76461537067706
"80-2683522",Northman,0,9,11630.891,1292.3211093478733
"40-4625712",Elf,1,27,13569.08,502.55851399457015
"16-9476915",Northman,1,52,5024.449,96.62403853581502
"07-2720438",Human,0,39,17481.283,448.23794556657475
"03-6565096",Human,1,4713,166137.2,35.25088686004808
"75-9389640",Demon,0,68,17637.18,259.37029617323594
"32-0084253",Demon,1,29,9491.4795,327.29241555312586
"70-4634330",Hobbit,0,8,1422.4299,177.80374717712402
"08-6613082",Human,0,2,449.18,224.58999633789062
"51-4986939",Demon,0,39,6627.2393,169.92922982497092
"79-8743636",Orc,0,7,3151.75,450.24998365129744
"37-2676221",Human,1,41,12115.5,295.49999833106995
"20-4236911",Orc,0,1,14.97,14.970000267028809
"29-8154879",Human,0,4,370.72998,92.68249893188477
"70-7102567",Orc,0,24,5586.8496,232.78541405995688
"84-7425687",Elf,0,7,16975.36,2425.0514357430593
"01-9159899",Hobbit,0,67,109573.555,1635.425965095634
"43-2301065",Hobbit,0,2,145.98,72.98999977111816
"40-7173116",Human,0,40,126969.734,3174.2432510375975
"07-9907680",Human,0,36,5257.0596,146.02944592634836
"05-1925118",Northman,0,100,52793.26,527.9325020313263
"21-8439315",Northman,0,3,374.32,124.77333068847656
"90-6411902",Orc,0,89,154503.34,1735.9930153750302
"62-9550808",Northman,0,43,19106.129,444.32836844477544
"29-0857244",Human,0,69,7924.2217,114.84376892145129
"74-2685595",Human,0,15,4154.9204,276.99466603597006
"21-9264570",Hobbit,1,39,16532.75,423.91666498551
"83-7979983",Hobbit,0,72,46702.934,648.6516739792294
"07-0516733",Orc,0,29,3139.7803,108.2682749649574
"59-8092549",Human,0,6,369.88,61.646666844685875
"96-5512287",Hobbit,0,73,7895.539,108.1580829522381
"38-8240902",Human,0,4,1489.79,372.44750213623047
"67-5757446",Hobbit,0,66,41448.344,628.0051519220525
"64-4770195",Demon,0,61,28351.873,464.7847515794097
"13-1011147",Hobbit,0,37,19364.258,523.3583756266413
"91-6637651",Human,0,140,63887.96,456.3424276828766
"69-6834229",Orc,0,37,57222.758,1546.5610836937622
"88-8893649",Human,0,30644,1363469.8,44.490280481442326
"87-2417454",Northman,0,4,1272.69,318.1725044250488
"71-6458993",Hobbit,0,2,3.81,1.9050000049173832
"14-1784363",Elf,0,17,5834.15,343.18528882194965
"17-2842355",Northman,0,6,4896.1,816.0166575113932
"67-3110193",Human,0,45,4816.72,107.03822201622857
"90-6093310",Human,0,32,5800.819,181.2756237089634
"60-1470550",Northman,0,6,2927.18,487.86332607269287
"23-1947015",Human,0,47,51293.637,1091.3538157889184
"50-7577736",Human,0,10,10675.59,1067.5590118408204
"15-3429090",Northman,0,32,57838.453,1807.4515894949436
"18-0527111",Northman,0,56,92545.35,1652.5957219728402
"53-9587980",Elf,1,296,2051828.0,6931.850929334357
"64-9251668",Elf,0,93,106698.8,1147.2989303014613
"40-7338544",Elf,0,42,25327.744,603.0414244788034
"51-0654935",Hobbit,0,124,86142.125,694.6946747456827
"91-2729455",Human,0,13,1710.6599,131.58922929030197
"75-7402744",Elf,0,7,3314.78,473.5400025503976
"40-8241416",Human,0,211,160665.67,761.4490462389037
"98-5898903",Elf,0,4,2919.69,729.9224891662598
"05-7989843",Demon,1,9,1836.83,204.09221692879996
"00-0566380",Hobbit,0,12,2616.2603,218.02166966597238
"40-3351063",Orc,0,8,436.31,54.53874886035919
"24-2908082",Orc,0,121,486614.97,4021.6115649849917
"16-8795405",Human,0,29,12499.858,431.02965532089104
"88-3356735",Orc,0,235,300279.16,1277.783789237002
"27-1260354",Orc,0,64,29299.69,457.80765579640865
"63-4836495",Demon,0,15,1205.2899,80.3526647567749
"34-3762833",Hobbit,0,12,1842.77,153.5641650557518
"30-1476697",Elf,0,99,165497.03,1671.6877866128477
"93-4097122",Northman,1,163,249196.83,1528.8151489913098
"96-6942386",Human,0,33,9296.609,281.7154555338802
"45-3093218",Northman,0,121,16400.008,135.53718997063962
"95-2174747",Northman,0,111,649159.7,5848.286776087306
"46-9592909",Elf,0,10,12746.3,1274.630002593994
"81-8906790",Orc,0,30,18704.902,623.4966654459636
"82-0757771",Human,0,874,557770.75,638.1815215546288
"07-3971617",Orc,0,10,3095.8398,309.5839988708496
"47-6154787",Orc,0,37,23855.418,644.7407982800457
"50-6830497",Elf,0,87,38129.637,438.2716124578454
"31-4788357",Northman,0,13530,378671.47,27.987838847224833
"04-4479364",Hobbit,0,46,2509.7202,54.55913048464319
"64-0503358",Hobbit,1,163,124852.1,765.963860827721
"10-9856483",Hobbit,1,68,13241.152,194.7227937333724
"94-1946395",Orc,0,35,10331.89,295.1968567439488
"18-4357601",Northman,0,13,7627.87,586.7592427363762
"73-9606407",Hobbit,0,2,389.29,194.64500379562378
"42-4400848",Hobbit,0,18,5319.08,295.50444339381323
"98-7143319",Elf,0,77,14040.839,182.348570609054
"60-9316290",Hobbit,0,1,7.49,7.489999771118164
"05-3243408",Elf,1,2,224.59,112.29499816894531
"92-0470132",Orc,0,24,20460.69,852.5287435849508
"19-1177347",Human,0,30,19834.74,661.1579933166504
"59-2775439",Elf,0,11,4869.8794,442.7163585316051
"27-3354248",Human,0,45,28686.322,637.4737782584297
"31-5246930",Northman,0,29,16734.582,577.0544770668292
"97-1509439",Elf,0,28,27883.053,995.8232220922198
"13-7098111",Hobbit,0,27,14456.21,535.41519052011
"96-6948647",Orc,0,15,3417.56,227.83733506202697
"18-2791867",Hobbit,0,41,23621.775,576.1409743471844
"42-7294688",Hobbit,0,26,29069.664,1118.0638542175293
"40-3408320",Angel,1,14,12973.95,926.7107265362782
"64-0190304",Hobbit,0,5,1624.54,324.9080060958862
"88-0920423",Hobbit,0,4,452.91998,113.2299981713295
"29-4985732",Orc,0,32,10480.96,327.5299983024597
"74-6456434",Angel,0,18,9315.409,517.5227744844225
"42-2604091",Human,1,4,935.79,233.94750380516052
"50-8877020",Hobbit,1,3,4042.65,1347.5499877929688
"33-6743292",Orc,0,1707,211120.5,123.67914443918328
"05-4959874",Elf,0,40,33361.656,834.0412481725216
"32-4841573",Human,0,34,13069.892,384.40852714987363
"65-1043237",Elf,0,169,71632.516,423.8609463251554
"37-9384495",Human,0,39,6805.1196,174.49025616890344
"77-1205087",Human,0,9636,566043.1,58.74240454844106
"85-8512500",Orc,0,63,26037.652,413.29602240759226
"64-3992342",Northman,0,1,119.78,119.77999877929688
"10-3212306",Orc,0,103,29419.334,285.624561025101
"87-8816072",Human,0,27,1458.3599,54.01333350605435
"67-5327439",Demon,0,9,2545.3499,282.81666056315106
"83-5202346",Northman,1,9,3668.33,407.5922207302517
"30-6262484",Demon,0,20,9015.87,450.79349197149276
"75-1440634",Northman,0,29,10521.75,362.81896005827804
"96-4072696",Hobbit,0,45,30504.143,677.8697705162896
"93-2545686",Elf,0,99,87377.32,882.599092165629
"94-4122487",Orc,0,22,13877.44,630.7927300201899
"88-6418729",Human,0,45,9585.44,213.00977653927274
"27-0129297",Human,0,44,65839.81,1496.3590838692405
"46-6625137",Human,0,4,9208.27,2302.067543029785
"76-6734200",Elf,0,3,2894.6401,964.8800048828125
"52-1178893",Human,0,359,190009.42,529.2742888103953
"62-1296134",Northman,0,33,9546.869,289.2990885069876
"51-4850037",Elf,0,32,6742.0894,210.69031435251236
"51-0692029",Demon,0,11,5755.7397,523.249080137773
"87-5457130",Northman,1,62,63049.2,1016.9224237934236
"95-9449930",Human,0,51,34117.11,668.9629378973269
"13-7323735",Human,1,26,9133.39,351.28423221294696
"34-0286573",Hobbit,0,52,10315.57,198.3763461296375
"22-4683373",Elf,0,26,43466.816,1671.8003567915696
"27-8631501",Hobbit,1,6,5786.99,964.498322168986
"88-5294877",Northman,0,39,13469.909,345.3823088866014
"79-6326025",Human,1,16,2894.2397,180.89000129699707
"93-2708877",Angel,0,2,1534.7101,767.3550148010254
"34-4225126",Northman,0,8,1871.6001,233.95000076293945
"04-5735917",Human,0,38,13172.772,346.6518390053197
"17-3652962",Orc,0,8,8145.1904,1018.1487481594086
"20-3590974",Human,0,23,5172.1396,224.8756544900977
"89-7941579",Northman,0,46,11199.781,243.4734776745672
"95-4699828",Human,1,9,2570.0698,285.56333287556964
"06-8752052",Angel,0,5,4993.43,998.6860105514527
"33-1151987",Northman,0,45,26963.383,599.186219490899
"81-9088336",Northman,0,43,13222.1,307.4906958480214
"79-0298315",Orc,1,80,84857.1,1060.7136158704757
"91-9386691",Hobbit,1,55,22249.682,404.5396315921437
"36-2326552",Orc,0,43,9249.42,215.10278994538064
"81-2947311",Hobbit,0,131,20185.496,154.08770889544306
"30-2006563",Human,0,52,9387.919,180.53692153783945
"02-7482315",Hobbit,0,21,26883.75,1280.1785939080376
"09-5811938",Elf,0,175,41983.434,239.90525747435433
"21-1844294",Orc,0,35,13329.5625,380.84457081386023
"76-9684513",Elf,1,11,173.05002,15.73181840506467
"44-7594998",Human,0,19,5674.6797,298.6673715992978
"41-2544500",Human,0,9,11454.15,1272.683302137587
"76-3960846",Human,0,18,8438.301,468.7944439782037
"39-0134156",Angel,1,3,3376.3699,1125.4566275278728
"51-1764549",Northman,0,196,199385.42,1017.2731080274193
"36-2788586",Elf,0,30,12765.09,425.50299933751427
"00-5880378",Northman,1,5,1495.48,299.0960037231445
"19-8564748",Demon,0,12,11154.221,929.5183226267496
"13-6184006",Hobbit,0,310,40407.14,130.3455166547529
"54-2882679",Northman,0,20,7174.1104,358.70549492836
"58-4383535",Demon,0,26,12290.751,472.72114772063037
"57-1577167",Elf,0,20,3436.2302,171.81150093078614
"73-1243855",Orc,0,20,45607.582,2280.3789908409117
"93-0410466",Hobbit,0,48,18693.498,389.4479181567828
"67-4163096",Human,0,35,18864.762,538.9931405203683
"63-2685751",Orc,0,28,38607.293,1378.831799370902
"48-1043290",Demon,0,11,4435.6997,403.2454445578835
"33-9814097",Human,0,313,61457.92,196.35134269901738
"72-4473234",Elf,1,31,20610.03,664.8396766416488
"41-3188060",Human,0,37,29976.604,810.1783764555647
"36-0407053",Northman,0,230,268007.7,1165.251427938627
"40-7466451",Hobbit,0,36,11267.021,312.9727776845296
"16-0831914",Orc,0,2,193.15001,96.57500171661377
"75-7969821",Orc,0,109,34484.953,316.37568772385976
"49-6568591",Elf,0,204,1436150.9,7039.950406252169
"71-8672644",Elf,0,5,3417.91,683.5820037841797
"38-4645022",Human,1,5,396.07,79.21399946212769
"83-3135323",Orc,0,27,6045.1396,223.89407468725133
"00-2301130",Human,0,89,11939.452,134.15112289351023
"74-4131567",Hobbit,0,1,1122.96,1122.9599609375
"24-5650572",Orc,0,33,54582.684,1654.0206072258227
"60-5484802",Human,0,80,4494.37,56.17962477207184
"58-5983735",Northman,0,36,24420.65,678.3513840654244
"64-5505739",Human,0,9,12491.311,1387.9233436054653
"21-0909663",Northman,0,11,4117.5103,374.3190952647816
"40-1634384",Elf,0,33,25532.312,773.7063596393123
"45-1456330",Orc,1,5641,378010.6,67.01158128046272
"58-9732190",Human,1,33,55880.7,1693.3545333977902
"45-3504928",Human,0,18,3148.0103,174.88944556978015
"12-2485673",Hobbit,0,34,45236.18,1330.475878554232
"41-3342228",Northman,0,8,9404.42,1175.5524787902832
"90-0677790",Elf,0,85,289515.5,3406.064855743857
"22-7218253",Angel,0,38,11218.34,295.21947225771453
"52-4913955",Elf,0,64,73838.23,1153.7220322936773
"75-7474506",Hobbit,0,7,7935.5796,1133.6542707170759
"81-3918246",Northman,0,157,51102.574,325.4940110407058
"37-3346278",Northman,0,9,87551.79,9727.976576063367
"06-6144334",Elf,0,25,33709.812,1348.3923864990472
"34-6325009",Hobbit,1,90,38631.76,429.2416686269972
"88-0955849",Orc,0,3,1122.96,374.32000732421875
"04-5989996",Elf,0,54,23842.355,441.52500149055766
"96-4743422",Orc,0,4,1340.07,335.0174889564514
"88-1438230",Human,1,20,23248.88,1162.444013595581
"76-1877808",Demon,0,212,27311.262,128.82665062175607
"60-9402158",Elf,1,137,417859.16,3050.067664390063
"18-1638708",Human,1,2,33.69,16.844999313354492
"81-2239308",Orc,0,119,37768.605,317.38319406990246
"43-7097855",Northman,0,40,2908.4204,72.71049936413765
"71-8022063",Human,0,94,179167.23,1906.0346788446955
"38-6258619",Human,0,7,1902.29,271.75571319035123
"24-2522984",Northman,0,54,32390.602,599.8259230896278
"13-1965691",Hobbit,0,63,17791.4,282.4031758043501
"85-1873891",Human,0,22,2242.17,101.91681615872817
"00-8010185",Hobbit,1,110,62121.992,564.7453625744039
"25-1920945",Human,1,17,3722.26,218.95647295783547
"67-7615077",Human,1,134,45955.09,342.94843332091375
"86-7590021",Demon,0,61,82768.47,1356.8601554710358
"57-7731893",Orc,1,4,1673.13,418.28250885009766
"46-1367988",Human,0,30,9149.94,304.9980008761088
"42-6174150",Northman,0,23,5786.96,251.6069561087567
"02-5523050",Orc,0,3,22.45,7.483333428700765
"57-0965148",Hobbit,0,39,16254.0,416.7692323342348
"15-4708235",Orc,0,25,2622.8298,104.9131999206543
"35-4347404",Orc,0,88,202310.72,2298.984966061332
"16-7460741",Human,0,1,2994.55,2994.550048828125
"71-7863830",Elf,0,7,3331.44,475.9199992588588
"17-4983418",Human,0,17,29316.727,1724.5134941549861
"10-2026451",Northman,0,13,31517.691,2424.437719491812
"35-3117926",Northman,0,5,9512.35,1902.4700317382812
"70-5691915",Hobbit,0,145,47285.89,326.1095845087849
"88-3695287",Hobbit,0,9,1028.71,114.30111185709636
"93-6140119",Orc,0,9,1202.6099,133.62333297729492
"14-3644332",Angel,0,38,9588.631,252.33236855758648
"01-2097413",Human,1,6,2245.9202,374.32000223795575
"30-6515845",Orc,0,9,37461.098,4162.344411214192
"24-2656293",Northman,0,43,31199.69,725.5741896074871
"46-3265605",Human,0,17,1104.2198,64.95411755056942
"54-7722929",Demon,1,100,22725.186,227.25169763565063
"73-6954877",Human,0,15,45747.223,3049.814647420247
"09-7678598",Elf,0,1,59.89,59.88999938964844
"76-8621517",Hobbit,0,46,6758.8203,146.93086912839308
"82-6933897",Northman,0,212,27689.15,130.60910272317113
"45-9111721",Hobbit,0,29,8231.319,283.83861630538416
"56-4926837",Human,1,3,31.449999,10.483332951863607
"27-4021239",Human,1,22,4957.0903,225.3222716071389
"35-3661975",Hobbit,0,148,54355.09,367.2641188639241
"36-7760901",Angel,0,26,24599.96,946.1523117652306
"31-1097362",Human,0,93,277913.16,2988.314617895311
"59-0092419",Angel,0,79,32174.965,407.2779768780817
"89-8848452",Demon,1,10,4117.77,411.77699584960936
"45-4106558",Orc,0,39,43278.344,1109.700768201779
"63-5286639",Human,0,30,5641.3486,188.04499753316244
"51-5255196",Hobbit,0,84,124452.875,1481.5819234798353
"04-1818200",Northman,0,315,446216.34,1416.560348447164
"66-8705363",Human,0,61,57096.477,936.0075348908784
"59-5425995",Orc,0,10,786.06995,78.60699892044067
"01-7713037",Demon,0,9,1804.2198,200.46888563368054
"48-1810120",Orc,0,1,374.32,374.32000732421875
"41-0426328",Human,0,67,155848.61,2326.0990986610527
"77-8316866",Orc,0,3,314.16,104.72000122070312
"49-3817984",Orc,0,1,1122.96,1122.9599609375
"86-4316114",Orc,0,80,23305.559,291.3193741440773
"55-1468124",Demon,1,2,224.59,112.29499816894531
"60-3348209",Northman,0,6,905.8599,150.97666549682617
"03-3822888",Angel,0,64,76425.71,1194.15187831223
"66-4197830",Demon,1,51,69410.67,1360.9935264587402
"71-4809194",Human,0,3,376.11,125.37000020345052
"72-0054420",Human,0,16,22152.521,1384.5325025320053
"39-3225753",Human,0,70,87079.06,1243.9864161355156
"58-3051160",Demon,0,61,8731.07,143.13229352919782
"37-1233964",Human,0,10,2711.9697,271.1969964981079
"82-2150634",Angel,0,73,18292.184,250.57780828214672
"27-2838249",Hobbit,0,11,1006.92,91.53818282214078
"05-5061599",Hobbit,0,18,8878.85,493.2694443596734
"23-6878685",Demon,0,3,1647.01,549.0033365885416
"59-9606872",Elf,1,23,11648.279,506.44695456131643
"80-4616749",Hobbit,0,49,16888.549,344.66428221488485
"28-2421244",Human,0,37,85116.484,2300.4454194403984
"58-7685769",Orc,1,30,26897.94,896.5980044126511
"50-0725267",Human,1,97,15924.01,164.16505159115053
"79-7213914",Northman,0,1,1122.96,1122.9599609375
"41-5791035",Human,0,5,5502.49,1100.4980163574219
"04-0617554",Hobbit,0,81,22826.225,281.8051840111061
"48-3181808",Orc,0,54,121495.6,2249.918896851716
"03-9918758",Elf,0,96,1722433.8,17942.021313349407
"84-5723204",Demon,1,34,31201.27,917.6844062805176
"73-5697650",Orc,0,63,13852.853,219.88650711377463
"68-4085826",Northman,1,25,38824.418,1552.9767898559571
"03-7949684",Orc,0,53,15538.67,293.18244984914674
"38-1101129",Demon,1,761,49989.863,65.6896847553561
"06-2574550",Orc,0,39,5323.5186,136.5005121231079
"83-2007630",Hobbit,0,4,209.60999,52.40250015258789
"12-9694470",Hobbit,0,34,2242.9097,65.96794049880084
"24-4530937",Hobbit,0,224,66525.375,296.988214126655
"29-8363211",Hobbit,0,20,30340.441,1517.0219898700714
"42-9511375",Northman,1,1,17.97,17.969999313354492
"20-6332957",Human,0,154,17549.121,113.95525965186489
"31-7779154",Human,0,199,114348.17,574.6138702882969
"52-8268640",Northman,0,33,4903.5806,148.59333431359494
"56-0814709",Hobbit,0,18,2138.1,118.78333485126495
"18-1347848",Human,0,13,12195.319,938.1015214186448
"10-7045903",Elf,0,3,291.97003,97.32333628336589
"61-5676453",Elf,0,53,10242.12,193.2475468257688
"21-1032901",Human,0,23,5841.2603,253.96782377491826
"15-8322487",Orc,0,31,14687.981,473.8058032297319
"02-5612157",Northman,0,1,748.64,748.6400146484375
"13-0514663",Elf,0,3,101.4,33.80000019073486
"08-0900018",Human,0,141,25719.225,182.40588707619526
"49-5962317",Hobbit,0,7,546.84,78.12000247410366
"91-6707290",Orc,0,1,74.86,74.86000061035156
"09-4503560",Elf,0,19,14835.16,780.7978875009637
"12-1980721",Northman,0,20,6014.2603,300.7130025863647
"18-1084471",Human,0,20,6441.7896,322.0895024299622
"25-6949022",Human,0,16,2904.47,181.52937430888414
"20-9941740",Human,0,1,2096.19,2096.18994140625
"34-2958266",Human,1,27,10128.342,375.12369735152635
"17-0505140",Northman,0,16,2029.3398,126.83374726772308
"27-6200711",Orc,1,11,950.76996,86.43363484469327
"28-9824215",Northman,0,1,374.32,374.32000732421875
"51-6483768",Northman,0,4,1002.42004,250.60499954223633
"28-5942970",Human,0,81,171531.03,2117.6673013192635
"30-8808487",Hobbit,0,1,42.89,42.88999938964844
"21-3884741",Human,0,1,37.43,37.43000030517578
"57-8216968",Demon,0,47,44484.133,946.4708603043506
"46-5888308",Northman,1,222,56643.145,255.14945715504723
"78-6164428",Demon,0,23,7198.159,312.9634764298149
"91-2073391",Angel,0,32,16485.63,515.1759319901466
"14-5396446",Human,0,12,2642.7002,220.22500093777975
"83-5170039",Northman,1,12,1618.5499,134.87916493415833
"06-6287163",Hobbit,0,229,52137.56,227.67502043601206
"52-2206388",Human,0,34,18015.994,529.8820626875934
"18-7346084",Orc,0,9,7381.2695,820.1411089367336
"29-0199512",Elf,1,236,101104.805,428.4103376029407
"67-9310257",Human,0,14,60138.15,4295.582124982561
"54-1024011",Orc,0,1,3.74,3.740000009536743
"20-3613502",Human,1,254,202861.34,798.6666527545358
"37-7169011",Angel,1,106,315796.78,2979.214844001914
"24-8925367",Human,0,42,56125.086,1336.3112130392165
"76-4030345",Hobbit,0,87,114418.15,1315.151258252133
"39-1201086",Human,0,6,3705.7603,617.6266810099283
"01-2267883",Northman,0,33,9560.13,289.7009079095089
"63-3246514",Orc,0,39,25717.986,659.4356397971129
"42-0666711",Angel,0,25,12460.98,498.43919574022294
"28-8366783",Northman,0,4,673.77997,168.44499969482422
"91-7981264",Orc,0,16,19503.412,1218.9631171226501
"99-0552460",Hobbit,0,22,11259.37,511.7895456227389
"62-1036376",Human,1,12,8546.471,712.2058404286703
"50-0401312",Northman,0,67,57900.508,864.1865763023718
"56-1589279",Human,1,198,35148.668,177.51843198140463
"30-5706336",Human,0,4,786.07996,196.52000427246094
"79-6668984",Northman,0,75,67617.08,901.5607925478618
"45-2928715",Hobbit,0,28,9130.32,326.0828559015478
"59-0050407",Human,0,45,22162.8,492.5066660079691
"25-7122608",Northman,0,36,10064.7,279.5749999483426
"67-2044381",Orc,0,48,35014.215,729.4627073208491
"95-8921400",Demon,0,23,5670.18,246.52956100132155
"59-3147488",Northman,0,229,75230.26,328.51633233014155
"95-4374772",Orc,1,25,12169.11,486.7644065952301
"46-1620701",Human,1,73,9711.652,133.03630048934727
"83-6371694",Hobbit,0,32,6518.99,203.71843711286783
"42-1344089",Demon,0,14,52406.305,3743.3078389848984
"07-9657836",Northman,0,48,4695.6895,97.82687487701575
"57-9730420",Northman,0,8,489.89996,61.23749893903732
"07-4610068",Hobbit,1,104,98977.76,951.7091169173901
"88-9274738",Human,0,2,5465.06,2732.5301208496094
"52-8803359",Orc,0,115,73659.61,640.5184324264526
"08-3307550",Orc,0,45,14931.6045,331.81333004633586
"48-9176480",Orc,0,57,21181.969,371.6135119095183
"19-1184767",Hobbit,0,40,6497.18,162.4295007750392
"42-5141768",Human,0,110,277239.5,2520.3592696482483
"25-6005165",Elf,0,57,16121.891,282.84017214022185
"03-7440922",Orc,0,204,130494.03,639.6766175803016
"65-6157991",Angel,0,68,57720.06,848.82426869168
"66-9356432",Elf,0,10,968.72,96.87200088500977
"94-3437116",Orc,1,46,5456.8096,118.62630455390267
"49-4891378",Elf,1,29,6614.2593,228.0779274249899
"93-1161690",Angel,0,29,15264.762,526.3710336356328
"35-9456905",Orc,0,19,6329.74,333.1442108154297
"61-8729757",Hobbit,0,2,748.64,374.32000732421875
"48-1439304",Demon,0,8,524.01996,65.50250053405762
"41-3745490",Human,0,95,30048.678,316.3018942832947
"22-9551035",Northman,0,19,8085.289,425.541583412572
"15-5516177",Elf,0,49,7712.1396,157.39061151718607
"69-4362845",Hobbit,0,9,5727.15,636.3500137668517
"37-8555314",Human,0,185,145780.3,788.0015615836994
"49-3914915",Elf,0,69,44009.324,637.8160841240399
"10-0891315",Hobbit,0,148,130287.734,880.3226999543808
"69-8445783",Orc,0,11,16934.21,1539.473651192405
"58-3980644",Human,0,2,374.32,187.15999603271484
"94-7706414",Elf,1,30,6464.5703,215.48566648165385
"87-7150681",Human,0,114,89450.68,784.6550806447079
"14-3324414",Human,1,32,58580.96,1830.6550178527832
"67-1940259",Northman,0,55,19424.965,353.18109472448174
"02-2437930",Human,0,2,1572.1499,786.0749664306641
"15-0772896",Human,0,10,11086.6,1108.6599815368652
"96-1156732",Orc,1,10,15372.57,1537.2570007324218
"51-9725189",Demon,0,60,157623.42,2627.0570486307142
"34-9425730",Demon,0,38,82653.336,2175.087650901393
"89-4052681",Elf,0,185,297924.47,1610.4035090575346
"63-7753967",Orc,1,42,40189.3,956.8878491719564
"22-4319349",Human,0,22,23136.682,1051.6672706604004
"83-9373432",Northman,0,16,12674.081,792.1299968361855
"49-7698588",Elf,0,7,728.80005,104.11428615025112
"26-4984879",Orc,0,36,17681.422,491.1505565378401
"63-3529576",Northman,0,50,53628.094,1072.5617904663086
"08-1599191",Hobbit,0,45,34140.0,758.6664545324113
"88-0147228",Hobbit,0,9,7587.4604,843.0511067708334
"23-4331035",Orc,0,85,13659.37,160.6984710107174
"71-6198915",Elf,1,89,13607.185,152.8896622523833
"47-7899742",Northman,0,3198,3061670.5,957.3709680273654
"13-1215905",Northman,0,29,12548.0205,432.69034072615466
"10-9514287",Demon,1,89,55923.6,628.3549348022161
"57-0153979",Orc,0,62,168240.28,2713.5537106913903
"78-3451553",Hobbit,0,70,48851.465,697.8779957464764
"58-9741360",Hobbit,0,11,5715.8496,519.6227295615456
"10-7965478",Demon,1,15,5465.0503,364.3366678873698
"33-0791718",Elf,1,15,8534.4795,568.9653157552083
"26-9639352",Human,1,36,26433.62,734.2672132088078
"72-5443237",Northman,1,58,18100.582,312.0789635428067
"16-2123581",Northman,0,37,14014.521,378.7708070084855
"33-0069707",Human,1,48,22298.904,464.56041006247204
"19-0578247",Human,0,39,59412.848,1523.4061559285874
"72-7186516",Human,0,7,1167.79,166.82714574677604
"10-7719410",Demon,0,55,3934.8594,71.542908633839
"50-9767344",Human,1,4,1156.1699,289.04250580072403
"47-0234063",Northman,0,5,4229.81,845.9620132446289
"87-3036884",Elf,1,30,5945.819,198.1940004984538
"61-0382619",Angel,0,13,19141.35,1472.4115411318267
"31-4024530",Orc,0,12,3365.1199,280.4266651670138
"43-9657023",Angel,0,39,6371.199,163.364101654444
"35-5332058",Orc,0,4,1122.95,280.73749923706055
"91-9532012",Northman,0,32,5654.4194,176.70062566548586
"84-6373792",Human,0,185,114929.52,621.240967839473
"70-7177014",Human,1,23,12558.441,546.0191290482231
"08-3854777",Hobbit,0,29,5407.34,186.45999984083505
"57-0376362",Hobbit,1,46,23162.875,503.5408698424049
"65-4957179",Human,1,18,1478.5099,82.13944477505154
"95-3950042",Human,0,42,65812.58,1566.9659545535133
"30-0739517",Human,0,27,2166.54,80.24222089626171
"94-3912405",Human,0,61,30484.512,499.7460650303325
"12-7092782",Human,0,30,31584.617,1052.8206718444824
"53-1112499",Human,1,3,14411.301,4803.766713460286
"03-8822623",Northman,0,48,9449.399,196.86249766747156
"64-6720486",Angel,0,21,6385.9,304.0904766264416
"70-9733982",Angel,0,27,20419.049,756.2610954708523
"22-8656146",Elf,0,83,96874.64,1167.164203701249
"06-2973213",Human,0,44,22585.76,513.312728990208
"06-1622930",Hobbit,0,61,9225.81,151.2427869507524
"48-8681909",Orc,1,12,7365.12,613.7600061893463
"29-1794118",Demon,0,24,1469.7998,61.24166746934255
"46-8595769",Elf,0,124,53374.7,430.4410454650079
"53-7699933",Human,1,50,57234.766,1144.6951985798032
"27-7355979",Human,0,13,563.71,43.362307860301094
"97-3035916",Demon,1,1,187.16,187.16000366210938
"29-8743179",Orc,0,44,36088.17,820.1856726733121
"11-3681138",Hobbit,1,62,23802.248,383.90725589567614
"51-5154137",Human,1,116,442803.5,3817.2729624386493
"93-8270559",Human,1,27,24345.904,901.6999933543028
"58-6666929",Hobbit,0,3,604.14996,201.38332748413086
"62-9567311",Elf,0,559,107212.95,191.79427481891858
"73-8166785",Human,0,25,15981.85,639.2739890289307
"03-6799271",Orc,1,30,15627.09,520.9029958089193
"52-2114972",Human,0,4,647.57,161.8924961090088
"63-1686041",Northman,0,1,112.3,112.30000305175781
"36-7554477",Northman,0,37,16191.46,437.607026810783
"78-2266272",Hobbit,0,1,149.73,149.72999572753906
"12-2357863",Orc,1,295,530333.0,1797.738026405593
"55-6266434",Hobbit,0,4,4444.67,1111.1674981117249
"42-8231961",Angel,0,115,76237.55,662.935043962235
"79-4951986",Hobbit,0,18,20063.469,1114.6372290717231
"01-0116125",Hobbit,0,3,1920.26,640.086680094401
"58-2322831",Elf,0,66,25020.5,379.0984820019115
"01-1627226",Northman,0,336,752730.8,2240.2703916685923
"94-9508135",Orc,0,84,50615.78,602.5686852931976
"25-4860824",Hobbit,0,11,6462.25,587.4772741144353
"83-9752805",Angel,0,7,22977.951,3282.564284188407
"63-3990106",Hobbit,0,14,5011.48,357.9628631728036
"04-1119302",Hobbit,0,67,91153.49,1360.4998557247334
"96-9248849",Human,0,116,313264.3,2700.555346869189
"07-3922057",Demon,0,448,58191.797,129.89243269859747
"41-4454207",Human,1,7,2533.0898,361.8699929373605
"94-3183276",Hobbit,1,53,22507.871,424.6767895064264
"48-1543451",Human,0,148,62548.703,422.6264186120919
"52-9368890",Hobbit,1,10,2699.1497,269.91499891281126
"73-1569800",Human,0,793,493740.78,622.6242610323953
"01-7306927",Human,0,78,27380.734,351.03500270385007
"69-6840440",Hobbit,0,79,30845.652,390.4511405274838
"57-2671153",Northman,0,62,41115.3,663.1500015412607
"23-4188796",Hobbit,0,27,4200.72,155.58222134245767
"87-2199906",Demon,0,50,21642.992,432.85979705810547
"68-9234327",Demon,0,3,404.37,134.78999816874662
"61-5046594",Hobbit,0,26,40411.48,1554.2876757108247
"39-9641725",Human,1,73,16128.224,220.93452042797963
"22-9451608",Angel,0,95,404402.88,4256.87265313801
"22-2653140",Northman,0,11,3526.1099,320.55545408075506
"24-6968162",Orc,0,86,348512.3,4052.468765879786
"60-8761454",Northman,0,4,9582.58,2395.645034790039
"84-1120013",Elf,0,8,124432.65,15554.081239700317
"71-6092524",Elf,0,46,6101.37,132.638477968133
"68-8987815",Human,0,62,64469.863,1039.8362869139642
"34-8895215",Orc,1,41,6164.9897,150.3656073546991
"10-3904682",Orc,0,1,224.59,224.58999633789062
"83-3964361",Northman,0,32,8497.051,265.5328112244606
"86-2840560",Human,0,78,15906.33,203.92730680490152
"99-6823486",Northman,0,360,541018.5,1502.8297630839877
"22-4289573",Angel,0,20,6727.3296,336.3664947509766
"74-0831632",Human,0,69,43915.32,636.4539108397844
"35-2368137",Human,1,84,49602.79,590.5092882897172
"27-8650288",Northman,0,6,2096.1902,349.36500549316406
"50-0734287",Hobbit,0,64,26892.613,420.1970319636166
"15-6039350",Northman,0,20,16260.431,813.021491575241
"68-8943640",Elf,0,59,33490.684,567.6386445296013
"65-1060775",Northman,0,150,119725.266,798.1687267494202
"84-1201432",Human,0,11,14264.33,1296.7572692524302
"72-4157594",Northman,0,43,1666.9398,38.76604625236156
"43-5227692",Northman,0,14,146710.72,10479.33657176154
"95-6219195",Northman,0,337,31217.197,92.63261159095991
"39-7571484",Northman,1,56,196211.8,3503.782346521105
"23-9446619",Northman,0,5,64265.402,12853.079946899414
"68-4920359",Human,1,22,5150.64,234.11999719793147
"60-6715548",Human,0,24,9413.18,392.21582953135174
"00-2334565",Orc,0,96,26456.71,275.59072712560493
"25-8900611",Orc,0,42,13454.531,320.3459512619745
"07-5581522",Human,0,3,763.62,254.53999837239584
"79-9865531",Northman,0,19,4499.321,236.80631597418534
"09-5070412",Human,1,247,234091.06,947.7374089352998
"62-6132851",Orc,0,55,34474.844,626.8152727603913
"06-9140329",Demon,0,88,9249.573,105.10875085952945
"13-1174983",Orc,1,9,2237.67,248.62999640570746
"49-8725932",Elf,0,22,8459.621,384.528183687817
"46-1768756",Northman,0,28,9233.901,329.78214396749223
"56-1578117",Elf,0,21,56215.27,2676.9176366896854
"27-6215979",Hobbit,0,4,288.22,72.05499911308289
"27-5294127",Human,0,57,8711.151,152.8271933020207
"99-4286216",Hobbit,0,147,763319.75,5192.650743707153
"74-5905604",Northman,0,7,2947.7998,421.11428506033764
"89-4593977",Northman,1,75,7080.682,94.40906771580379
"20-0486189",Human,0,8,17233.541,2154.1925134658813
"03-5840562",Hobbit,1,34,9223.21,271.27088557972627
"90-7139515",Hobbit,0,21,10847.779,516.5609455108643
"93-7378123",Human,0,40,9244.2,231.1049983084202
"45-9656194",Orc,1,13,1082.14,83.24153941411238
"35-9179239",Elf,0,111,108109.88,973.9627958761679
"82-6608220",Elf,0,124,94680.55,763.5528261132779
"25-5015451",Demon,0,1,374.32,374.32000732421875
"57-7874956",Orc,1,6,212.63,35.43833351135254
"90-5305345",Elf,0,21,2081.37,99.11285739356563
"04-1500679",Elf,0,18,5427.6997,301.53888363308374
"11-7215671",Hobbit,1,107,19801.607,185.0616815424411
"96-5270628",Angel,1,50,37034.23,740.6845974349976
"30-3220034",Hobbit,0,17,7815.78,459.751761043773
"51-3266437",Orc,0,71,13566.172,191.07281573809368
"35-6564438",Demon,0,43,5989.793,139.29744344533876
"87-1081390",Orc,0,36,15656.2705,434.8963836828868
"82-1592581",Human,0,4,1070.55,267.6375045776367
"33-4712537",Orc,0,30,6797.649,226.58833293914796
"51-5208150",Orc,0,34,6269.8394,184.40705608620362
"21-2010154",Human,0,11,5131.6,466.5090859153054
"34-1716621",Northman,0,2,1562.4099,781.2049713134766
"36-7755309",Elf,0,46,23413.629,508.9919529168502
"48-4032084",Northman,0,34,5817.6094,171.1061728701872
"68-6352264",Human,0,43,7591.91,176.55604555994967
"49-4214179",Elf,0,9,848.5399,94.28222134378221
"76-4283271",Orc,1,21,31395.764,1495.036186399914
"16-8265258",Demon,0,52,24108.213,463.6194207118108
"07-8293577",Angel,1,25,29861.672,1194.4668077850342
"90-1316595",Human,0,20,22163.469,1108.1734997868539
"58-8120430",Northman,0,97,98911.17,1019.702779558516
"15-6460843",Human,0,2,2433.08,1216.5399780273438
"43-7777100",Elf,0,67,67594.586,1008.8741738191292
"29-5633954",Orc,0,72,16286.87,226.2065292596817
"15-5159766",Elf,0,478,1466847.8,3068.719716285562
"31-7124004",Hobbit,0,9,7426.5005,825.1666632758247
"57-8122597",Elf,0,127,180438.58,1420.7765302451576
"97-1576131",Northman,0,32,24896.441,778.0137407779694
"06-1111604",Hobbit,0,22,2096.88,95.31272744048725
"81-3949505",Human,0,303,55922.94,184.56409176495603
"34-1348037",Angel,0,164,5432.9004,33.12737830092267
"90-7242961",Angel,0,10828,598366.25,55.261025131467456
"66-2989389",Elf,0,6,5592.29,932.0483245849609
"84-5815265",Human,0,69,18326.412,265.6001468741375
"65-3926893",Orc,0,111,110790.234,998.1101800385896
"70-4683380",Human,0,18,7456.45,414.2472200393677
"81-3241860",Elf,0,53,14407.491,271.83943628365137
"27-4432394",Hobbit,0,25,3127.82,125.11280041694641
"09-5454226",Human,0,518,2489077.5,4805.1708462919505
"45-4221314",Human,0,34,18430.662,542.0782348408419
"63-5238426",Orc,0,6,1766.78,294.46333567301434
"80-2622755",Human,0,74,80160.51,1083.2501332567804
"63-6714702",Human,0,76,56440.594,742.6392081411261
"72-9123825",Elf,0,33,29178.176,884.1872807199305
"76-6518423",Human,0,127,29350.41,231.10550856778002
"70-1622273",Human,0,4,1713.34,428.33498626947403
"04-1000457",Orc,1,1,224.59,224.58999633789062
"83-3808658",Human,1,16,8279.91,517.4943890571594
"36-1609755",Elf,1,2,1160.39,580.1949806213379
"95-6902853",Demon,0,4,1280.1699,320.04249811172485
"65-6172797",Demon,1,8,163.71,20.46374997496605
"67-5117345",Demon,1,19,7328.03,385.6857856951262
"71-5843567",Hobbit,0,56,5072.2397,90.57571375795773
"62-5736153",Northman,0,25,3226.6199,129.0647986984253
"77-3265491",Hobbit,0,20,12869.198,643.4600122451782
"19-3045246",Human,0,4,3518.6099,879.6525001525879
"68-9609068",Angel,1,53,27542.385,519.6675427994638
"46-3417229",Orc,0,47,108983.66,2318.8010968764092
"70-6796746",Hobbit,0,36,5567.1704,154.64361066950693
"37-1382757",Human,0,118,32911.336,278.90966177794894
"21-9487011",Elf,1,28,21127.66,754.5593052676746
"50-0389011",Human,0,11,1959.11,178.10090949318626
"93-8481604",Demon,0,31,6787.899,218.96451157139194
"44-7349081",Hobbit,0,39,30269.416,776.1387131030743
"59-9877959",Orc,0,49,77014.234,1571.7187568898103
"37-8524388",Human,0,117,16276.891,139.11871789255713
"42-4135834",Human,0,32,22095.55,690.4859299659729
"15-7305337",Angel,0,13,3342.1099,257.0853851024921
"10-8732936",Human,1,46,60086.47,1306.227602922398
"13-5272012",Orc,1,6,8313.64,1385.6066732803981
"42-7250067",Hobbit,0,7,11678.76,1668.394271850586
"62-2560772",Human,0,153,23510.81,153.6653591168472
"90-7665062",Orc,0,87,13673.929,157.1714915790777
"74-8986603",Angel,0,5,1647.41,329.4820050057024
"92-9797194",Orc,0,3,374.31,124.76999918619792
"09-6202748",Orc,0,50,35222.45,704.4489896440506
"14-0261858",Orc,0,24,14422.529,600.9387512207031
"71-1847922",Orc,0,59,40300.13,683.0530530476974
"74-0155894",Human,0,42,23910.57,569.2992881820315
"39-7997453",Hobbit,0,34,8744.069,257.178526317372
"25-2840978",Angel,0,298,100248.26,336.4033192924205
"16-7521283",Human,0,38,33798.094,889.4234145897392
"45-4069868",Angel,0,110,56640.047,514.909546086463
"53-5470296",Northman,0,19,27786.541,1462.4494732806556
"89-7929333",Human,0,2,288.22,144.11000061035156
"94-2478067",Orc,0,3,17.78,5.926666736602783
"88-0460380",Hobbit,0,53,69242.41,1306.460380901846
"96-0377959",Demon,0,17,2981.97,175.4100024279426
"62-5547795",Orc,0,3,82.350006,27.450000762939453
"34-2783864",Northman,0,27,2584.3,95.71481351499204
"79-2857207",Northman,0,23,12562.15,546.1804333562436
"27-3183591",Human,1,12,32634.516,2719.543268839518
"80-2189502",Elf,0,1,74.86,74.86000061035156
"58-6261203",Hobbit,1,31,15489.338,499.6561279912149
"60-2495725",Angel,0,77,112559.65,1461.8135039589622
"59-5669711",Human,0,20,7529.16,376.4579963684082
"28-0981856",Hobbit,0,14,7374.09,526.7207134791782
"23-5551842",Northman,0,22,3076.9004,139.85908928784457
"44-1794956",Northman,1,57,14067.851,246.8043860719915
"03-9868932",Elf,0,103,153821.72,1493.4144645506897
"63-9204179",Human,0,4,1010.66003,252.6650047302246
"36-3514641",Hobbit,1,57,15561.75,273.0131617261652
"76-5882432",Hobbit,1,23,2635.2402,114.57565167675848
"87-3356578",Northman,0,29,42968.79,1481.6824176064854
"07-1403403",Angel,0,151,37146.68,246.00450121172216
"20-8040281",Hobbit,0,22,1064.23,48.37409143014388
"09-2673365",Hobbit,0,109,202446.23,1857.3052588121607
"49-3916573",Northman,0,31,10187.08,328.6154814381753
"74-9587369",Angel,0,116,175271.53,1510.961290292185
"81-1022959",Orc,0,22778,3356097.2,147.33830347017863
"22-8177362",Angel,0,94,40659.246,432.54531884264753
"88-3212568",Elf,1,26,5465.0503,210.19423059316782
"01-3904693",Northman,0,60,39814.867,663.580992269516
"30-3828178",Human,0,161,92011.13,571.4977073750881
"78-7568919",Human,0,2,44.92,22.460000038146973
"65-4995767",Hobbit,0,37,13415.679,362.5859436859956
"85-1530254",Demon,0,17,5105.6997,300.335293489344
"45-6843579",Orc,0,63,34114.664,541.5025392032805
"41-6208499",Northman,0,3,2152.9402,717.6466636657715
"42-3226170",Orc,0,54,18426.98,341.2403668695026
"62-7848529",Human,0,56,28734.285,513.1121459007263
"68-8063995",Hobbit,0,12,2138.78,178.2316619505485
"71-7413304",Northman,1,394,86611.47,219.82604008882785
"85-9907336",Hobbit,0,39,20509.09,525.8741032527043
"58-0796406",Angel,0,16,6040.089,377.5056240558624
"31-5685651",Northman,0,52,68609.78,1319.4186578530532
"21-6913744",Northman,0,110,36830.918,334.8264532240954
"02-5052249",Human,1,48,31779.746,662.0779155989488
"28-8921277",Human,0,28,16223.761,579.4200002806527
"01-8540361",Human,1,20,105203.19,5260.160064697266
"20-6270649",Northman,0,4,134.76999,33.6924991607666
"34-4466684",Demon,0,23,5427.6597,235.98521423339844
"02-6361965",Human,0,80,11432.433,142.90537310540677
"65-4590396",Northman,0,160,307602.5,1922.5163118839264
"02-3511758",Orc,0,60,36775.63,612.9271651903788
"53-3370862",Angel,0,43,27351.553,636.0825632671978
"63-0882132",Northman,0,1,580.19,580.1900024414062
"75-5451512",Hobbit,0,15,3795.6104,253.0406707763672
"02-3043161",Northman,1,109,45206.316,414.7366924307762
"25-0794022",Hobbit,0,128,34454.918,269.1789822205901
"86-6740525",Hobbit,0,38,12608.923,331.81368315847294
"02-1473847",Human,0,75,71329.41,951.0589365959167
"47-3282474",Human,0,120,131070.23,1092.2518243789673
"48-0716288",Northman,0,531,60962.33,114.80666587087843
"45-3885575",Angel,0,35,13648.641,389.9611470392772
"92-7194895",Hobbit,0,14,4436.68,316.9057220901762
"78-6747959",Human,0,36,22321.719,620.0477757520146
"77-2081671",Human,0,57,7034.7,123.41578934485452
"61-2298497",Northman,0,216,20834.473,96.45592538846864
"85-3668109",Demon,0,29,3791.7798,130.7510341693615
"86-5358489",Hobbit,0,59,14238.141,241.32440400527696
"91-5957418",Hobbit,0,1,4491.83,4491.830078125
"91-1378630",Human,0,2,973.23,486.61500549316406
"05-2485461",Orc,0,1,3.74,3.740000009536743
"52-9915302",Angel,0,40,5573.59,139.33974962234498
"02-0553123",Human,0,41,15855.104,386.7097556881788
"51-6278246",Orc,1,94,75346.74,801.5610641925892
"39-1004439",Human,0,1,1871.6,1871.5999755859375
"22-3092287",Elf,0,13,4021.55,309.35000333419214
"96-5586190",Human,1,54,87214.52,1615.0833162378383
"32-9757219",Orc,0,138,9859.299,71.44413044141686
"20-1602006",Human,0,12,11061.15,921.7625088691711
"74-7858009",Elf,1,90,19674.027,218.60022323131562
"29-7289368",Elf,0,16,14501.149,906.3218632936478
"96-3833316",Human,0,41,9021.07,220.02609848394627
"01-9079140",Hobbit,0,21,3943.4307,187.78238057274194
"01-4279334",Northman,1,91,55824.195,613.4527504653721
"13-5296172",Northman,0,337,737103.5,2187.25202960238
"73-5679234",Human,0,7,988.19995,141.17142813546317
"35-5097432",Hobbit,0,439,90178.84,205.41874661260965
"65-4385546",Northman,1,1,374.32,374.32000732421875
"67-7392262",Northman,0,69,21762.953,315.40507520108986
"34-2275935",Human,0,193,187913.34,973.6444488683513
"32-6619127",Orc,0,76,43378.71,570.772633981744
"26-9199218",Human,1,8,1744.3298,218.04124760627747
"07-8865082",Human,0,3,771.1,257.03333791097003
"35-5866171",Human,0,76,10322.062,135.81657799921538
"33-7846604",Elf,0,64,35783.22,559.1126527746674
"75-7477321",Orc,1,41,2837.3098,69.20268268119997
"49-7323368",Human,0,17,325.24,19.13176453814787
"44-9026809",Orc,0,2,224.59,112.29499816894531
"58-9053570",Elf,0,3,449.18,149.72666676839194
"55-8789708",Human,0,3,218.92,72.97333145141602
"75-1943757",Northman,0,2,114.69,57.345001220703125
"69-8361604",Angel,0,180,66691.734,370.509721883138
"33-7554418",Demon,0,46,13681.932,297.43326016353524
"47-7511281",Human,0,4,726.17004,181.54250144958496
"84-8048111",Orc,1,15,1718.8801,114.59200212160746
"88-9586478",Northman,0,119,87209.14,732.85007792561
"45-4376178",Human,0,6,3181.73,530.288340250651
"83-5280341",Orc,0,27,8979.4,332.5703666828297
"10-0461861",Hobbit,0,88,74711.125,848.9902208718387
"67-3816339",Orc,0,3,15.73,5.243333180745442
"50-4167759",Human,0,22,6763.949,307.4522755471143
"24-4098526",Elf,0,8,5565.44,695.6799862682819
"93-0794227",Hobbit,0,60,14695.802,244.93000453710556
"36-7582651",Orc,0,57,24599.719,431.5740417011997
"83-5711018",Human,1,4,1378.6101,344.6525020599365
"67-2532403",Hobbit,0,1,1512.25,1512.25
"97-8299484",Elf,1,32,14522.39,453.82468992471695
"40-3957781",Angel,1,195,57381.094,294.2620506973221
"12-2108294",Human,0,27,3190.631,118.17148296921341
"64-8144457",Human,1,39,5448.5806,139.70718061618317
"18-7281246",Hobbit,0,10,1602.09,160.20900230407716
"95-4732229",Human,0,28,3368.8506,120.31607059070042
"03-9916070",Human,0,7,2556.2998,365.1857136317662
"71-5658601",Northman,0,12,13756.24,1146.3533356984456
"17-2838902",Orc,0,1,149.73,149.72999572753906
"88-9550850",Elf,1,10,16842.12,1684.212010383606
"00-7043366",Human,0,41,50000.406,1219.5219519080185
"51-9197784",Human,0,44,33889.402,770.2136434641751
"15-4159677",Elf,0,19,9501.951,500.10264302554884
"36-6390838",Orc,0,64,8859.94,138.43656241719145
"25-9588961",Elf,1,9,4086.0706,454.0077768961589
"27-9588905",Orc,0,25,5929.24,237.16959725379945
"06-1065968",Human,0,78,37273.312,477.8629457828326
"12-3721749",Demon,0,10,35088.71,3508.87100982666
"16-6587405",Northman,0,6,1006.46,167.74333477020264
"53-1328549",Northman,0,180,43747.133,243.03977571063572
"52-1256627",Angel,0,6,308.44,51.4066667954127
"96-6486377",Orc,0,30,29447.24,981.5746692895889
"15-2408026",Demon,1,66,22129.059,335.28863285527086
"59-4464361",Orc,0,10,1015.74,101.57400135993957
"95-4904252",Northman,0,6,5564.74,927.4566790262858
"34-6590489",Hobbit,0,186,194078.56,1043.4337551465599
"86-7751522",Northman,1,133,29273.67,220.10285654910524
"56-9924111",Human,0,67,16529.906,246.71507197707447
"52-0083306",Human,0,22,29339.74,1333.6245294050736
"85-3268565",Orc,0,245,84773.17,346.0128174373082
"81-5666014",Demon,0,15,3934.1,262.27333029173315
"62-1154805",Human,0,5,1167.88,233.57600440979004
"71-2561137",Northman,0,1,53.75,53.75
"33-8738052",Hobbit,0,37,5963.161,161.16648633516317
"13-6499064",Human,0,146,109569.875,750.4784912801769
"44-7741984",Human,0,27,13729.66,508.50591621134015
"81-1497802",Demon,0,20,12690.15,634.5075059890747
"29-8132961",Human,0,99,23475.977,237.13101127894237
"48-8187998",Northman,0,3,5614.8,1871.5999348958333
"20-6856381",Hobbit,0,2,1048.1,524.0500030517578
"38-7316290",Angel,0,17,12187.86,716.9329304414637
"79-5288156",Northman,0,232,48206.387,207.7860778426302
"03-8379640",Orc,0,21,4996.6396,237.93523461478097
"13-5584476",Northman,0,110,28601.738,260.0157238049941
"60-1907623",Human,0,1,7.49,7.489999771118164
"94-3131656",Hobbit,0,9,7465.0303,829.4477767944336
"66-6626188",Hobbit,0,4,1173.48,293.37000274658203
"48-2120398",Human,0,11,11791.061,1071.9145577170632
"41-8310734",Elf,0,29,2798.4497,96.49827567687065
"77-7058096",Northman,0,325,78673.53,242.07227598849397
"75-8452791",Human,0,77,20473.459,265.8889654332941
"04-8313823",Hobbit,0,33,14508.238,439.6436278603294
"21-5172063",Elf,0,8,10308.83,1288.6037688637152
"28-9226845",Human,0,33,23915.262,724.7048476826061
"14-4528870",Human,0,98,39611.016,404.1940820971314
"96-4022786",Elf,0,6,2006.36,334.3933350245158
"99-9797418",Elf,0,109,62218.113,570.8083456194865
"56-6773469",Orc,0,6,3675.8198,612.6366729736328
"34-1999139",Northman,1,94,66526.61,707.7297875931922
"24-9450562",Northman,1,62,38385.336,619.1182302505739
"50-0224557",Hobbit,1,36,28836.57,801.0158182316356
"44-9874088",Elf,0,68,73720.51,1084.1251475740883
"14-0363262",Human,1,57,24855.252,436.0570149045241
"07-3300909",Human,1,1,74.86,74.86000061035156
"12-1231350",Angel,0,79,12556.127,158.93835344193857
"99-3825207",Elf,0,12,6153.8003,512.8166626294454
"89-9448328",Human,0,111,15621.272,140.73216201808
"36-6165761",Demon,1,111,33282.977,299.8466647111618
"10-7970882",Hobbit,1,19,4547.99,239.3678986900731
"48-5755710",Human,0,62,26618.87,429.3366059180229
"07-9107566",Human,0,24,76866.48,3202.769990285238
"43-0956649",Human,0,170,38739.92,227.88193995952605
"79-3599129",Orc,0,168,46520.332,276.90672200634367
"46-3653466",Human,1,34,7855.68,231.04940875663476
"58-5605759",Orc,0,1,374.32,374.32000732421875
"54-2902471",Human,0,30,10069.191,335.63966414133705
"59-0784821",Hobbit,0,37,12255.208,331.2218892703185
"61-5703494",Human,0,37,20119.621,543.7735106834286
"62-3337437",Human,0,14,10289.311,734.9507059369769
"02-2843030",Elf,0,9,10169.52,1129.9466794331868
"17-4537282",Hobbit,0,104,47316.977,454.97086423406233
"65-7472085",Demon,0,365,1144490.2,3135.5896102088773
"15-3965516",Northman,0,1,265.8,265.79998779296875
"66-8551041",Human,0,46,175021.16,3804.8078541962996
"27-6246645",Northman,1,2,53901.98,26950.990966796875
"70-6186851",Northman,0,6,3668.33,611.3883310953776
"20-6404829",Human,0,2,14.98,7.489999771118164
"59-1574211",Orc,0,87,23006.438,264.441725730896
"31-3773457",Human,0,7,2889.59,412.7985575539725
"11-5529346",Human,0,19,2642.6802,139.08842036598608
"81-8679719",Human,1,314,626627.25,1995.6295722586335
"72-4266357",Human,0,21,3533.87,168.27952604066758
"33-0304525",Northman,0,261,202917.06,777.4604940122115
"08-4616674",Human,0,83,107308.68,1292.875664814409
"91-5355020",Hobbit,0,32,6427.049,200.8453112617135
"97-5165964",Hobbit,1,17,6238.8896,366.99352815571956
"93-4130664",Orc,0,49,11482.709,234.34101811233833
"47-8000487",Hobbit,0,29,61495.11,2120.5210198533946
"66-7175580",Hobbit,0,22,13355.73,607.0786296671087
"57-0822866",Northman,1,36,21477.684,596.6022236612108
"85-0598608",Human,0,1,0.07,0.07000000029802322
"83-7869391",Human,0,23,12577.119,546.8312948475714
"29-5523402",Hobbit,0,36,15460.629,429.46194479200574
"17-9118717",Hobbit,0,5,1122.96,224.5919982910156
"52-8536659",Orc,0,162,276808.0,1708.6921735692906
"93-0634825",Angel,0,16,4611.65,288.2281217575073
"97-8244767",Northman,0,87,87277.07,1003.1847109301336
"59-8867998",Northman,0,10,2365.7,236.56999816894532
"67-0675420",Orc,0,62,23213.094,374.4046723342711
"24-2976235",Angel,0,2,7486.38,3743.18994140625
"34-2300994",Hobbit,0,1,374.32,374.32000732421875
"34-6041023",Hobbit,1,13,27092.572,2084.043847010686
"86-9322310",Human,1,121,94456.125,780.6290882958854
"27-0613980",Human,0,84,29381.098,349.7749961103712
"49-7939751",Hobbit,0,21,11383.08,542.0514266604469
"09-2476262",Orc,0,32,33554.0,1048.5624804496765
"04-8145836",Human,0,19,18742.191,986.4310516558195
"49-7422675",Northman,0,96,65565.055,682.9691629838975
"47-7109360",Orc,1,45,14947.302,332.1622186024984
"22-9433712",Northman,1,25,3885.5906,155.42360206604005
"15-1458620",Elf,0,45,10596.998,235.48889062669542
"64-2580066",Elf,0,42,13217.962,314.7133319491432
"18-8500439",Human,1,102,376702.16,3693.1590312064864
"06-2736632",Orc,0,26,26658.975,1025.344999753512
"16-5010850",Orc,0,2,238.74,119.37000274658203
"19-4693815",Orc,0,116,102985.0,887.8015501108663
"89-6603059",Hobbit,0,2,527.79,263.89499390125275
"99-2783598",Human,0,96,68660.81,715.2166666189829
"87-3795077",Northman,0,12,3106.87,258.9058297475179
"14-3309405",Orc,1,1,187.16,187.16000366210938
"79-0771247",Demon,0,109,236668.58,2171.2711921963123
"71-3884031",Hobbit,0,39,6269.07,160.74538431412134
"97-5977779",Human,0,1,104.81,104.80999755859375
"37-7645814",Human,0,17,2706.3103,159.19470461677102
"99-9919822",Hobbit,0,32,13369.3545,417.79218953847885
"30-7605508",Hobbit,0,59,23641.97,400.7113560013852
"19-3990815",Human,1,22,8292.72,376.9418210685253
"42-5813112",Orc,0,11,40899.336,3718.120883768255
"64-5615574",Human,0,23,4399.0396,191.26260400855023
"30-7013249",Human,0,77,26169.242,339.8602606816725
"12-0282371",Elf,0,12,3713.24,309.4366620381673
"73-8250679",Human,0,1,467.9,467.8999938964844
"36-8351691",Northman,0,25,4229.8003,169.19199928283692
"08-9156873",Angel,0,12,4536.75,378.06250286102295
"91-2117535",Angel,0,4,3395.83,848.957501411438
"14-0032244",Elf,0,23,9674.609,420.6352207764335
"94-7662986",Angel,0,21,5680.6704,270.5080939701625
"64-7551438",Demon,0,20,7861.43,393.0714948654175
"53-8087012",Hobbit,1,35,38150.65,1090.0185715334756
"45-0654899",Human,0,35,17049.053,487.1157122612
"73-0837499",Orc,0,17,9511.299,559.4882325004129
"73-5833889",Human,1,5,571.96,114.39199790954589
"59-5410090",Human,0,1,374.32,374.32000732421875
"35-6293064",Northman,1,1,74.86,74.86000061035156
"10-1198977",Human,0,46,10563.69,229.64543290760207
"47-1691633",Angel,0,18,45007.21,2500.400550842285
"82-5641104",Human,0,46,9868.89,214.5410827761111
"37-9787614",Demon,0,45,32127.96,713.9546670701768
"52-1685021",Elf,0,49,35635.21,727.2491822534678
"56-0152909",Orc,0,9,41661.75,4629.083409627278
"17-5985570",Orc,0,5,1501.02,300.2039997577667
"88-7743473",Human,0,255,898111.3,3522.0060802983303
"87-3098725",Hobbit,1,16,7771.62,485.726251617074
"97-4767939",Human,1,26,14199.741,546.1438498863807
"71-0245748",Northman,1,9,8730.559,970.0621927049425
"58-2020033",Demon,1,1,374.32,374.32000732421875
"32-9634009",Orc,0,6,1319.6299,219.93832651774088
"15-8567769",Elf,0,31,8618.11,278.00354674554643
"51-9802076",Orc,0,71,3982.0393,56.08507019701138
"56-3456420",Hobbit,1,13,17175.453,1321.1884816243098
"17-6633081",Orc,1,85,7579.34,89.16870662539321
"35-5142564",Northman,1,48,16952.764,353.1825023939212
"02-1411026",Human,0,32,16370.109,511.5659387111664
"60-5828086",Human,0,146,114374.03,783.383762844009
"43-0140758",Northman,0,55,34137.93,620.6894569050182
"42-4518685",Hobbit,0,13,3607.6904,277.5146126380333
"53-7289391",Orc,0,38,27426.45,721.7486759549693
"43-4190038",Human,0,29,6577.399,226.80689667011129
"58-4325288",Orc,1,40,18633.854,465.8462528400123
"69-3687112",Human,0,1,1212.79,1212.7900390625
"20-4305398",Northman,0,23,14114.769,613.6856530230979
"62-1549974",Orc,0,10,823.87994,82.38800010681152
"52-8257915",Hobbit,0,118,75987.18,643.9589826833078
"39-5692742",Northman,1,70,25472.94,363.8989965575082
"12-5213971",Orc,0,46,98196.875,2134.715012840603
"52-9264052",Hobbit,0,82,16626.22,202.75877937383768
"10-4041265",Hobbit,1,44,29352.658,667.1059130972081
"48-2999700",Northman,0,47,22562.49,480.05297522849224
"69-3753307",Human,0,12,3286.5298,273.87749735514325
"48-2974105",Orc,0,1,299.46,299.4599914550781
"34-3722488",Northman,0,14,4551.7104,325.12213686534335
"12-5247943",Human,0,46,12935.001,281.1956555480542
"89-8197227",Human,0,6,982.81,163.8016675313314
"86-8275870",Human,0,99,61138.0,617.5554475784302
"35-8027962",Human,0,6,771.1,128.51666927337646
"44-6791167",Hobbit,0,1,37.43,37.43000030517578
"08-1264268",Human,0,71,45564.41,641.7522510609157
"26-1668651",Orc,0,13,2582.8,198.67692199120154
"01-1531866",Human,0,50,14476.523,289.5303984832764
"42-2442188",Demon,1,72,62491.234,867.9337416754829
"31-3221654",Elf,0,19,2234.7,117.6157889115183
"49-0035842",Elf,0,5,1909.03,381.80599822998045
"17-9978385",Human,0,36,42069.758,1168.6041781902313
"02-9778484",Northman,0,44,58618.453,1332.2374961159446
"10-9975649",Human,0,3,6002.04,2000.6800359090169
"63-2767468",Orc,1,100,64035.26,640.3525967121125
"29-4067917",Northman,0,12,3825.54,318.7949981689453
"96-3716900",Elf,0,38,43282.15,1139.003935017084
"55-8915299",Northman,1,2,187.16,93.58000183105469
"18-8281531",Hobbit,0,12,15683.98,1306.9983139038086
"48-4477031",Human,0,24,7336.67,305.6945827106635
"05-3194696",Hobbit,0,20,6841.52,342.0760003209114
"91-4608460",Human,0,14,1048.0399,74.86000061035156
"20-9300017",Hobbit,0,2,97.32,48.65999984741211
"25-8855204",Angel,0,45,16380.232,364.005111863878
"96-6994128",Human,0,87,31407.484,361.0055188255748
"59-5080181",Human,0,2,57.649998,28.82499885559082
"72-4448077",Northman,0,30,5581.832,186.06099666754406
"42-8003133",Human,1,33,10207.662,309.3230307896932
"97-6891734",Hobbit,0,22,4184.87,190.22136342525482
"93-7023442",Human,0,46,43162.805,938.3217359211134
"23-6801292",Northman,0,60,25342.912,422.3818320274353
"11-4592071",Demon,0,154,385338.1,2502.195319287189
"31-2567096",Hobbit,0,41,11138.319,271.6663391306633
"23-6756157",Northman,0,35,17632.031,503.7722884178162
"60-0575420",Orc,0,8,1384.98,173.12249755859375
"48-2315243",Demon,1,127,379909.72,2991.41600077171
"71-1839109",Elf,0,184,67935.89,369.2167908921838
"27-5184400",Elf,0,10,2373.1702,237.31700134277344
"08-1613290",Hobbit,0,73,48869.617,669.4467144861613
"98-9076842",Northman,0,83,6234.3403,75.11252983219653
"76-7486326",Human,1,30,6633.0195,221.10066360856095
"38-3844246",Human,0,23,8703.32,378.40521758535635
"57-0464512",Elf,0,11,4027.6804,366.1527343229814
"00-5958157",Hobbit,0,6,1759.3099,293.2183303833008
"86-4582001",Northman,0,71,5569.892,78.44915492433897
"10-8057964",Human,0,15,19120.19,1274.6793158213297
"60-9179170",Elf,0,18,7850.9897,436.16610685984296
"69-8668446",Hobbit,0,70,28175.031,402.50042544773646
"73-6730867",Northman,0,28,4240.9805,151.46357277461462
"86-3508936",Hobbit,0,67,77948.25,1163.4067239654598
"64-5126922",Hobbit,0,11,4536.7495,412.4318098588423
"56-5962497",Human,0,49,19409.209,396.1063270179593
"51-0165604",Elf,0,3,30694.18,10231.39306640625
"05-7743493",Northman,0,229,83873.55,366.26013117325067
"13-7532740",Human,0,52,23574.404,453.35384115805994
"59-9794370",Hobbit,0,19,4599.6504,242.08683818265013
"32-4491480",Human,0,72,116512.99,1618.236658109559
"15-7875021",Angel,1,29,63468.207,2188.558620058257
"37-8578176",Human,0,45,22915.184,509.22622525956893
"06-7154108",Human,0,31,14583.502,470.435487685665
"51-5387109",Human,0,24,15557.88,648.244999329249
"46-5118403",Human,1,11,4791.3,435.5727282437411
"62-8859745",Angel,0,61,54406.637,891.9119644527797
"12-1058351",Elf,1,216,148215.66,686.1837017337481
"14-9981713",Angel,0,21,2934.7302,139.74904667195818
"27-0973305",Angel,0,28,20273.16,724.041414294924
"75-2061110",Demon,0,8,3144.29,393.03625297546387
"40-1176448",Human,0,4,1010.6699,252.66749954223633
"99-7714113",Northman,0,29,3335.2605,115.0089663801522
"97-2740343",Elf,0,45,24728.064,549.5124451597532
"62-6088016",Northman,0,44,21951.572,498.8993211659518
"90-1705771",Human,0,10,1633.53,163.35299584958702
"00-1052230",Orc,1,9,1066.37,118.48555745018854
"62-8700833",Human,0,46,15193.56,330.29478320479393
"93-2356587",Hobbit,0,2080,45717.65,21.979620170927284
"09-8471881",Northman,0,10,3174.22,317.42199935913084
"53-0078381",Hobbit,0,13,1576.8999,121.30000163958623
"81-1979450",Human,0,6,2021.24,336.8733409245809
"63-4518511",Hobbit,0,18,18731.523,1040.6400184631348
"78-9854933",Orc,0,95,89961.31,946.9610508165862
"42-0510559",Hobbit,0,46,61025.285,1326.6365245736163
"95-2852221",Hobbit,0,4,447.38998,111.84749841690063
"62-7582431",Elf,1,31,4601.11,148.4229028917128
"69-8240717",Human,0,4,2075.98,518.9950065612793
"72-9087764",Northman,0,20,7547.7705,377.3884964585304
"06-7869044",Demon,0,1,449.18,449.17999267578125
"48-1373348",Human,0,82,14947.959,182.29219486873325
"00-3492248",Hobbit,0,7,2477.99,353.9985637664795
"27-6632994",Human,1,36,20261.898,562.8305515713162
"60-5395959",Orc,0,18,7999.2295,444.4016680187649
"95-8568976",Orc,1,31,60659.047,1956.7435345803538
"94-6876186",Elf,0,33,7549.8496,228.7833291906299
"00-4464648",Orc,0,22,8017.929,364.4513617428866
"98-0968757",Hobbit,0,36,37920.03,1053.334169824918
"16-5754561",Orc,0,53,22583.781,426.1090532698721
"72-8407501",Angel,0,28,11229.582,401.05642645699635
"98-2446809",Elf,0,48,23035.623,479.90874576568604
"06-9979233",Human,0,48,40528.973,844.3535364146034
"42-3773673",Elf,0,139,38712.227,278.5052504093527
"17-4641036",Hobbit,1,1,149.73,149.72999572753906
"83-7153807",Human,1,29,4985.94,171.9289629706021
"25-9616466",Northman,0,22,13777.968,626.2713716680354
"33-7032626",Orc,1,42,8832.371,210.29452281906492
"61-9511409",Human,0,19,5771.98,303.7884204262181
"08-1183748",Hobbit,0,10,1841.6599,184.16599731445314
"31-1052844",Human,1,17,1444.7499,84.98529456205227
"60-0463387",Human,0,8,1834.1699,229.2712516784668
"16-7163618",Hobbit,0,72,95879.3,1331.6568049722248
"54-0773997",Demon,0,1,3.74,3.740000009536743
"35-7789691",Elf,1,17,5185.0894,305.005293004653
"38-9328776",Human,1,35,8137.7,232.50571528843471
"88-1742373",Hobbit,0,88,52957.188,601.7861347957091
"78-2378108",Orc,0,63,47444.22,753.0826946629418
"39-9562836",Orc,0,66,97087.78,1471.0268144788165
"07-4385019",Human,0,12,11164.0,930.3333133955797
"61-9749721",Hobbit,0,158,283155.22,1792.1220893859863
"84-0069726",Human,0,40,17657.328,441.4332431077957
"06-6124833",Human,0,34,12566.01,369.58852535135605
"77-4817844",Demon,0,2,131.02,65.51000118255615
"04-9121460",Elf,0,12,1767.3799,147.28166707356772
"92-4124992",Human,1,2,190.91,95.45500183105469
"94-6272167",Orc,0,83,71042.81,855.9377087907619
"27-5952941",Orc,0,36,5374.8203,149.30055575900607
"05-3406970",Human,0,153,237521.8,1552.4303197517893
"87-1616166",Orc,0,9,2695.1003,299.45555792914496
"22-0760786",Human,0,6,2150.83,358.4716618855794
"93-8722508",Northman,0,17,15100.031,888.237076254452
"47-8519437",Human,0,7,1085.52,155.07428523472376
"79-3161224",Demon,0,21,23349.137,1111.8638171241396
"01-6192162",Human,0,16,2370.93,148.1831243187189
"16-8196373",Orc,0,17,10233.88,601.9929383221795
"24-7383772",Elf,1,215,98986.695,460.403158844349
"07-9554135",Human,0,7,5032.98,718.9971374103001
"92-9897517",Elf,0,88,54683.816,621.4069327237931
"94-4135884",Elf,1,1,119.78,119.77999877929688
"66-7426046",Orc,0,113,131933.22,1167.55053491508
"97-8082224",Human,0,11,1826.6799,166.0618153485385
"93-6004555",Elf,0,2,1497.28,748.6400146484375
"03-0488568",Elf,0,8,720.93994,90.11749935150146
"99-2612534",Hobbit,0,38,13003.889,342.20763113624173
"80-2362675",Hobbit,0,38,27092.785,712.967901832179
"60-7308086",Elf,0,34,39355.168,1157.5049991747912
"57-2994411",Human,1,26,16511.23,635.047311425209
"51-2951456",Northman,0,18,3170.3904,176.13277542591095
"00-4585118",Hobbit,0,84,28195.848,335.6647611295893
"54-8985783",Angel,0,1,7.49,7.489999771118164
"01-5051565",Human,1,5,1048.1,209.6199951171875
"74-6875559",Demon,0,39,11141.723,285.6851264268924
"21-2642967",Hobbit,0,50,11359.861,227.1971995162964
"57-4015275",Human,0,6,1294.09,215.68166732788086
"37-9192342",Northman,1,19,5399.2104,284.1689423385419
"87-4386658",Hobbit,0,19,5308.71,279.40578882317794
"41-7607981",Elf,0,39,17297.312,443.52076251690204
"68-1108386",Angel,1,49,13575.799,277.0571427247962
"69-6925638",Human,0,65,67617.02,1040.2618543111362
"10-4029024",Northman,0,19,4748.5806,249.92526581412866
"16-5716879",Human,0,35,10921.03,312.0294288090297
"67-7824040",Demon,0,42,13317.872,317.09214405786423
"19-8036314",Orc,1,10,6491.45,649.1449983596801
"78-7299029",Hobbit,1,28,1718.0598,61.359286069869995
"41-0324122",Northman,1,20,4367.93,218.39649658203126
"43-4137097",Hobbit,0,37,30026.56,811.528649562114
"54-2528378",Human,1,2,2245.92,1122.9600219726562
"83-4249391",Human,0,200,105234.47,526.1722465002537
"92-3208570",Elf,0,15,2355.78,157.05200198491414
"49-8003729",Human,0,1,18.81,18.809999465942383
"33-7731673",Human,0,71,33813.453,476.24577025292626
"05-3864894",Elf,1,20,7119.599,355.9800003051758
"64-6450975",Northman,0,20,9560.13,478.0064987182617
"52-5541593",Human,0,13,6116.389,470.4915266770583
"15-4821540",Elf,0,40,52102.266,1302.5564942121505
"65-3605254",Demon,0,52,13018.873,250.3628800878158
"26-1533699",Orc,0,69,10356.0205,150.0872461968574
"66-0441943",Hobbit,0,7,703.70996,100.52999932425362
"10-5741444",Human,0,50,16773.973,335.4794012451172
"00-6804149",Demon,0,20,5483.77,274.1885006904602
"58-5977210",Northman,0,3,3593.47,1197.8233337402344
"48-5596535",Orc,0,100,36130.438,361.3042979955673
"58-5157190",Northman,0,101,12235.131,121.13989911584349
"00-5992394",Northman,0,114,67560.586,592.6365806345354
"91-1899256",Angel,1,23,9283.13,403.6143475408139
"88-2354193",Human,0,237,51134.64,215.7578913531726
"48-5520491",Human,0,25,24900.182,996.0071813964844
"86-9067182",Northman,0,90,10900.95,121.1216658897284
"94-8877380",Hobbit,0,37,36690.477,991.6343269863644
"98-1358689",Northman,0,9,1166.1499,129.57222196790906
"67-7290393",Hobbit,0,601,250173.22,416.2618931551741
"07-7910593",Human,0,104,100465.77,966.0170261126298
"15-1780850",Northman,0,2,74.93,37.46500030532479
"09-0884637",Northman,0,7,204.42,29.202856745038712
"78-0524592",Human,0,3,1235.2501,411.75001017252606
"47-1000246",Human,0,87,50224.625,577.294366614679
"56-5292430",Hobbit,0,128,22684.754,177.22460872703232
"89-2587905",Hobbit,0,117,275667.9,2356.1358142428926
"46-6003856",Hobbit,0,7,969.48,138.49714265550887
"56-9808827",Hobbit,0,1743,307903.34,176.6513482900748
"56-7612572",Human,0,22,62604.785,2845.671840949492
"30-2588391",Northman,1,3,5240.47,1746.8233846028645
"47-7008884",Northman,1,1,930.57,930.5700073242188
"21-5071513",Orc,0,125,34920.61,279.36487970161437
"36-3855889",Demon,0,50,7020.249,140.40499897003173
"22-2452791",Orc,0,28,3735.1504,133.39821481704712
"27-1587469",Human,1,33,22717.45,688.4075765898733
"43-6467242",Human,1,29,15347.939,529.2393126652158
"16-8139696",Elf,0,36,4783.7505,132.88194402721194
"08-6757415",Human,1,52,29417.643,565.7238465455862
"87-8975855",Orc,0,45,33561.445,745.8099924723307
"00-9792606",Northman,0,43,26767.473,622.4992962077606
"46-5232506",Human,1,23,23821.676,1035.7247692605724
"96-9497875",Hobbit,0,11,4454.41,404.9463591142134
"67-2384166",Angel,0,31,3017.3103,97.33258060029438
"25-3948858",Elf,0,52,60768.53,1168.6253639918107
"57-1882344",Orc,0,34,16036.262,471.6547042832655
"81-6271498",Human,0,43,10659.309,247.89092796347862
"93-0697480",Demon,0,4,1272.6799,318.1699924468994
"42-9686973",Human,1,41,6717.3296,163.83731557101737
"34-6039296",Hobbit,0,38,5225.4995,137.5131577441567
"10-6701457",Orc,0,10,6101.4,610.1400001525878
"04-3121457",Human,0,9,890.7999,98.97777642144098
"35-0121903",Northman,0,12,11219.621,934.9683256149292
"41-3432123",Orc,0,20,4738.9,236.94499664306642
"06-5915617",Angel,0,12,3410.7903,284.2325019836426
"68-6321403",Human,0,63,14057.738,223.1387289743575
"63-5606751",Hobbit,1,36,14128.3,392.45277219348486
"54-8693883",Elf,0,18,16400.11,911.1172197129991
"85-0327857",Hobbit,0,137,131186.06,957.5624815182094
"67-0578110",Demon,1,59,30886.064,523.4925378702454
"33-4521166",Hobbit,0,32,12470.792,389.71218740940094
"86-9491200",Human,0,21,13778.81,656.1338083176386
"61-3089005",Northman,0,49,29583.934,603.753674648246
"94-3190277",Human,0,15,5931.1,395.40667044321697
"26-3279426",Hobbit,0,146,128631.06,881.0348658431067
"71-7077353",Orc,0,9,2203.2703,244.80777825249567
"47-1741854",Orc,0,56,42578.812,760.335892030171
"52-9799598",Orc,0,4,2601.52,650.380012512207
"30-5415158",Hobbit,0,2,110.8,55.39999961853027
"26-3222336",Hobbit,0,17,5899.2705,347.01588305305035
"94-8674818",Human,1,10,187.2,18.719999313354492
"03-1270313",Orc,1,16,16961.34,1060.083753824234
"42-8780134",Hobbit,0,18,6501.7905,361.21055192417566
"04-2016958",Human,0,37,5596.37,151.2532443549182
"29-1740103",Human,0,25,5557.1006,222.28400100708006
"07-5981160",Human,0,46,45180.4,982.1823964326278
"59-7316087",Northman,0,99,12712.563,128.40969755914477
"95-0793218",Hobbit,1,19,11603.892,610.7310542056435
"51-3991920",Orc,0,156,671939.6,4307.306934203857
"01-9288581",Human,0,53,35813.11,675.719053592322
"21-0468053",Elf,0,424,70306.695,165.81768804274606
"42-4709442",Angel,0,38,14258.9,375.23421092409836
"79-5172575",Human,1,2,2022.07,1011.0349731445312
"02-7824555",Human,0,4,673.70996,168.4275026321411
"85-7398170",Demon,0,330,1135055.8,3439.561117795945
"60-1575725",Northman,0,20,12315.11,615.7554969787598
"51-1892018",Human,0,3,935.8,311.93333689371747
"04-9122557",Elf,0,39,7860.6504,201.5551279019087
"14-7516492",Orc,0,7,93.3,13.328571553741183
"54-5551390",Demon,1,53,16988.115,320.5303751027809
"10-3941649",Orc,0,12,34537.97,2878.1641693115234
"10-5366586",Hobbit,0,4,733.67,183.41750144958496
"73-7250819",Demon,0,19,1445.9198,76.10105313752827
"03-4180948",Hobbit,1,117,102051.664,872.2364944700056
"76-5775046",Hobbit,0,328,325142.88,991.2898731914962
"11-6037196",Orc,0,3,3518.6099,1172.8699544270833
"11-0176456",Hobbit,0,46,26102.424,567.4439125061035
"58-5283355",Human,0,4,2485.48,621.3699834346771
"71-1741953",Hobbit,0,4,270.26,67.56499934196472
"65-7428770",Hobbit,1,1,112.3,112.30000305175781
"57-6599812",Orc,0,21,37481.98,1784.8561961001583
"82-7575736",Orc,0,1,299.46,299.4599914550781
"98-6250121",Orc,0,143,12614.093,88.21041956216983
"92-1968242",Human,0,150,16107.777,107.38519963423411
"92-6268395",Northman,0,17,9820.95,577.7029406603644
"07-6180217",Northman,0,23,9180.79,399.16478260703707
"52-9191363",Northman,0,136,65098.58,478.6659534959232
"28-1897703",Human,0,16,4678.9697,292.4356164932251
"62-9807350",Orc,0,1,451.43,451.42999267578125
"61-0869710",Angel,0,14,6658.79,475.627849225487
"07-6596015",Orc,0,2,1609.5701,804.7850036621094
"67-9360094",Orc,0,3,1422.4,474.1333363850911
"36-8254180",Elf,0,30,30346.82,1011.5606722195943
"77-1627150",Human,0,16,2886.0098,180.375628054142
"21-7784780",Orc,0,4,4124.25,1031.062484741211
"33-8296244",Orc,1,15,1200.5099,80.03400039672852
"67-3169101",Demon,0,46,51941.27,1129.1578209270601
"38-5595725",Northman,0,36,24569.094,682.4747203191122
"20-6249894",Human,0,5,12726.859,2545.3719116210937
"87-1836732",Orc,0,3,2021.33,673.7766723632812
"77-2925551",Orc,1,27,110783.53,4103.093941582574
"15-8141380",Human,0,1,3.74,3.740000009536743
"42-2361079",Northman,0,33,9257.81,280.539695299033
"68-7492011",Hobbit,0,1,149.73,149.72999572753906
"84-0693055",Orc,0,40,12878.661,321.9665047287941
"18-0881244",Orc,0,31,24492.69,790.0867865777785
"84-9322709",Human,0,15,15436.931,1029.1286694844564
"60-4081036",Orc,0,125,86584.46,692.6756725769043
"20-1806112",Human,0,19,898.8901,47.31000031922993
"44-9587225",Northman,1,138,133213.33,965.3137655983801
"05-3941169",Northman,0,23,33988.223,1477.7486877441406
"13-1131187",Demon,0,74,18903.64,255.4545949149776
"70-6559315",Human,0,28,11522.893,411.53177969796315
"59-1063584",Northman,1,142,110254.586,776.4406307314483
"37-9285701",Northman,0,2,1347.55,673.7749938964844
"82-0014877",Elf,0,3,801.04004,267.0133310953776
"34-3112187",Human,0,18,12577.16,698.731095208062
"16-8108776",Demon,0,58,8690.61,149.8381016584884
"90-6195851",Elf,0,381,21467.139,56.34417334504015
"04-2717361",Human,0,82,206551.8,2518.9246289381167
"88-7743176",Orc,0,1,149.73,149.72999572753906
"74-7624015",Demon,0,8,1918.0,239.74999809265137
"49-7245132",Human,0,30,75730.375,2524.34567527771
"50-1955354",Human,0,43,38017.61,884.1304654853288
"54-2640574",Hobbit,0,18,5839.37,324.4094453917609
"60-4083536",Hobbit,0,117,60305.33,515.430083045147
"31-2188466",Hobbit,0,5,314.43,62.885999298095705
"42-2368127",Elf,0,25,6074.0903,242.96359802246093
"02-5475092",Orc,0,17,3860.8704,227.1099986416452
"55-0887136",Human,1,48,68507.01,1427.2291696928442
"99-6378872",Hobbit,0,18,15335.881,851.9933263990614
"39-5299301",Northman,0,16,2152.3398,134.52125024795532
"76-8435741",Elf,0,4,2043.79,510.94750213623047
"13-7945593",Angel,0,23,457846.34,19906.36269013778
"63-3473938",Elf,0,15,3728.9602,248.59733047485352
"15-7869616",Orc,0,25,18038.479,721.5392066955567
"04-7002972",Angel,0,120,37085.152,309.04291692376137
"81-7881129",Human,0,38,33875.676,891.4652604115637
"39-2063674",Human,0,1,3743.19,3743.18994140625
"24-1234102",Northman,0,8,4417.12,552.1399975586683
"40-5221118",Northman,0,19,15564.219,819.1694689298931
"28-2358234",Elf,0,59,48811.258,827.3093234886558
"60-4076048",Human,0,9,11008.7295,1223.192220899794
"29-1364038",Orc,0,7,1250.22,178.60285840715682
"40-7958983",Northman,0,20,5151.41,257.57049798965454
"93-9815283",Demon,0,45,13241.922,294.2648877302806
"43-3996862",Hobbit,1,3,224.58,74.86000061035156
"67-5523982",Elf,0,21,14126.809,672.7052365257626
"97-8196466",Human,0,52,11448.19,220.15749659905066
"73-7461811",Northman,1,79,17057.746,215.9207564969606
"64-0308735",Human,0,20,8133.9487,406.6974971294403
"79-2207857",Demon,0,106,26766.371,252.5129250458108
"55-8996774",Northman,0,1,0.05,0.05000000074505806
"45-8266730",Human,0,18,37970.95,2109.497203403049
"59-0148998",Angel,1,8,1070.05,133.75624930858612
"65-4981058",Orc,0,8,1364.01,170.50124335289001
"01-6093681",Human,0,1,374.32,374.32000732421875
"64-5218346",Orc,1,4,621.37,155.3425009250641
"11-5406905",Northman,0,18,53050.62,2947.2565744188096
"35-4143254",Human,1,59,88414.26,1498.546776981677
"75-4419317",Human,0,48,13519.94,281.6654130021731
"71-4493122",Orc,0,45,27396.092,608.8019994947646
"30-9573192",Orc,0,71,41512.094,584.67746515677
"90-7080620",Angel,0,89,43305.836,486.5824678372801
"84-4732428",Human,0,4,2244.42,561.1049842834473
"19-2036111",Orc,1,16,13228.44,826.7774877548218
"02-9208834",Hobbit,0,3,15272.22,5090.739842732747
"60-0707965",Human,1,2,127.26,63.630001068115234
"40-6124453",Orc,0,13,33968.73,2612.979194054237
"13-9910849",Elf,0,28,6569.3,234.61785810334342
"16-4060978",Elf,0,8,3985.0898,498.1362524032593
"30-4605122",Angel,0,102,114405.195,1121.6192258619794
"13-7238859",Human,0,191,16599.904,86.91047119095687
"82-9183893",Orc,0,326,43667.06,133.94797599169374
"31-2080898",Angel,0,670,4269111.5,6371.802745289589
"60-8636837",Angel,1,65,33089.914,509.07553350008453
"79-8783000",Elf,0,56,166111.3,2966.2735353878566
"75-6362717",Northman,1,105,29674.305,282.612380590893
"98-6187901",Human,0,9,3907.88,434.20888264973956
"73-8220088",Angel,0,51,11737.311,230.1433359267665
"06-1303339",Northman,0,5,2051.28,410.2559944152832
"57-7829015",Angel,0,35,19404.18,554.4051406587873
"06-6408548",Human,0,20,6359.6797,317.9839997291565
"16-2865821",Human,0,42,59472.855,1416.0202433722359
"65-8083531",Hobbit,0,29,5423.8804,187.03034331880767
"51-8908079",Hobbit,0,21,3416.0505,162.6690459592002
"30-1627970",Human,1,9,6823.841,758.2044552961985
"96-9972356",Northman,0,232,135339.6,583.3604745279098
"11-6360612",Northman,1,1,3668.33,3668.330078125
"53-1032836",Orc,0,17,3082.9001,181.34705801571116
"89-0049088",Hobbit,1,11,1910.29,173.6627271825617
"36-4430287",Orc,1,3,690.99,230.32999674479166
"94-1450072",Orc,0,87,835438.8,9602.747901784962
"29-9051266",Northman,0,31,12625.793,407.28354700150027
"55-1614598",Human,1,51,35935.953,704.6264648484249
"04-4432591",Elf,0,39,6888.2295,176.62128174610626
"19-4019787",Orc,0,31,14950.329,482.26870899815714
"09-5511707",Human,0,54,61840.227,1145.189248703834
"00-9125378",Elf,0,29,7771.75,267.99137806070263
"78-2828084",Human,0,5,763.61,152.7220001220703
"83-3721194",Orc,0,72,52536.297,729.6708275477091
"30-1227181",Human,0,96,68502.11,713.5634343028069
"49-5538848",Demon,1,125,33636.39,269.09112071990967
"34-7750133",Orc,0,1,449.18,449.17999267578125
"91-6299452",Human,0,1,2994.55,2994.550048828125
"24-1034608",Northman,0,67,31642.627,472.2780591907786
"13-8074813",Human,0,3,8759.07,2919.689982096354
"79-9950003",Human,0,24,4492.5103,187.18791476885477
"46-6223552",Northman,0,30,4485.2104,149.50699898401896
"22-9811140",Hobbit,0,51,45798.85,898.0166499941956
"71-2583952",Human,0,6,2245.91,374.31832869847614
"39-2083230",Orc,0,125,25000.254,200.00200035476684
"89-7066368",Human,1,46,15231.054,331.109776413959
"24-6005443",Orc,1,1,7.49,7.489999771118164
"22-3585473",Elf,0,16,1987.6798,124.22999930381775
"65-1362657",Human,0,20,9466.7705,473.33850288391113
"99-9869877",Hobbit,0,55,87688.87,1594.3427103401584
"87-1627714",Orc,0,3,124.33,41.44333362579346
"97-5221083",Northman,0,120,71681.23,597.3436625779917
"54-4602465",Human,0,11,3114.3298,283.120906309648
"34-4735559",Hobbit,0,4093,340239.5,83.12665293922008
"34-5540603",Orc,0,156,83175.74,533.1778177022934
"41-7358441",Northman,0,2,262.02002,131.01000213623047
"87-4320510",Orc,0,33,22597.672,684.7778706406102
"36-6649679",Orc,0,73,20872.393,285.9231505589942
"62-8260759",Hobbit,0,2,208.87,104.43499755859375
"01-1808657",Northman,0,5,980.72,196.14399604797364
"14-8104402",Human,0,71,125450.695,1766.9114063155482
"21-4583981",Demon,0,2,22.46,11.230000019073486
"29-8678498",Hobbit,0,2,97.32,48.65999984741211
"55-4789064",Human,0,11,21860.25,1987.295475352894
"64-8767106",Northman,1,149,278789.88,1871.0740240660289
"11-9260871",Human,0,254,309674.6,1219.191844009039
"33-3370060",Hobbit,0,15,4338.7207,289.24800295035044
"90-7691338",Orc,0,79,37198.375,470.865440867464
"36-3104325",Angel,1,50,26246.578,524.9313957595825
"48-6135694",Northman,0,5,12955.881,2591.176019895077
"55-9027079",Hobbit,0,2,1122.96,561.4800109863281
"46-1466131",Elf,0,82,118856.57,1449.4703578134863
"66-7928145",Demon,0,61,27023.379,443.00606509505724
"12-3299294",Human,0,8,10909.63,1363.703711271286
"36-0970872",Human,0,139,123404.62,887.8028709699781
"25-0835789",Human,0,32,14306.511,447.07844215631485
"23-0702523",Demon,0,41,26450.89,645.1436531020374
"63-5671203",Orc,0,22,6146.3096,279.37773062966085
"24-7656829",Elf,0,518,13683.439,26.415887872454743
"28-4896081",Angel,0,61,7490.8716,122.80114684339429
"69-7972516",Human,1,3,1654.5,551.4999828338623
"19-6133052",Orc,0,153,385913.78,2522.313083115746
"78-0857021",Human,0,10,19539.459,1953.9459899902345
"77-3609675",Human,0,48,13908.973,289.7702041119337
"51-0474810",Human,0,3,3892.93,1297.643290201823
"58-2916320",Orc,1,15,2827.58,188.50533294677734
"84-2040861",Northman,0,33,19417.852,588.4196830229325
"39-2028248",Northman,1,44,12279.622,279.0822720744393
"66-0673808",Hobbit,0,16,3319.7703,207.48562628030777
"44-6530886",Orc,0,8,5865.5903,733.1987380981445
"67-5726256",Northman,1,30,24705.082,823.5026652018229
"19-3145159",Human,0,65,8513.038,130.96984609101827
"85-6617308",Hobbit,1,51,16571.104,324.92352960623947
"84-1281478",Northman,0,65,31039.326,477.52800057117753
"79-7073999",Elf,0,94,86370.87,918.839152559321
"97-9678666",Human,0,31,7097.078,228.93806605185233
"11-2910410",Northman,1,43,12668.24,294.61023371718653
"90-1001386",Human,1,129,69609.125,539.6056549549103
"41-3389609",Elf,0,28,22921.76,818.6342845303672
"35-8348224",Orc,0,46,14337.923,311.69391329910445
"78-4887202",Orc,0,63,234549.94,3723.01464922466
"50-1904462",Northman,1,25,60729.58,2429.18281457901
"30-4911375",Human,0,78,25087.885,321.6394894978939
"04-4466129",Human,0,61,67335.71,1103.863929435855
"97-0901654",Angel,0,24,3743.1804,155.9658337434133
"87-2709567",Elf,0,68,96904.56,1425.0670528411865
"98-4157149",Human,0,58,89196.59,1537.8720700494175
"55-4004971",Orc,0,33,8271.689,250.65727401502204
"10-6065448",Orc,0,137,94112.86,686.9551011823444
"25-5562621",Hobbit,0,5,426.8,85.35999994277954
"28-0441693",Human,0,417,209881.11,503.3117021199325
"86-1021540",Human,0,36,13897.704,386.0472200181749
"20-9257062",Elf,1,2,1553.42,776.7100219726562
"62-4485046",Hobbit,0,18,11738.66,652.1477763917711
"57-5815936",Northman,0,76,11441.42,150.54499935250925
"09-7452951",Human,0,10,1744.3298,174.4329978942871
"74-9480126",Elf,0,11,6812.62,619.3291001753373
"40-2895543",Human,0,67,19771.55,295.09761114262824
"09-0204343",Hobbit,0,146,27635.588,189.28479335029698
"62-9351350",Northman,0,91,43107.24,473.70582476815025
"23-7577501",Demon,0,22,6937.22,315.3281849947843
"08-0462375",Human,0,14,9769.73,697.8378541128976
"38-2618707",Human,1,50,6891.2207,137.82439972877503
"03-0743140",Hobbit,0,19,4103.21,215.9584169011367
"77-0796300",Elf,0,43,12182.819,283.3213955247125
"90-8334749",Northman,0,3,909.0,302.99999833106995
"66-7678976",Northman,1,76,15880.022,208.94762942665503
"60-3945019",Orc,0,290,437480.2,1508.5532738660943
"71-0905035",Orc,0,13,4424.44,340.3415339543269
"49-0701460",Human,0,10,2528.98,252.89800186157225
"27-5519140",Human,1,6,1459.84,243.30666478474936
"05-6162995",Human,0,22,3750.69,170.48590872504494
"27-3036889",Elf,0,41,6835.6895,166.72414597069346
"85-6418939",Hobbit,0,7,5027.11,718.1585430417742
"65-7035885",Human,0,142,376614.25,2652.2130984185446
"62-2555272",Orc,0,11,1235.26,112.29636469754305
"31-8605765",Northman,0,60,14721.629,245.36049744288127
"58-9577523",Elf,0,48,23937.709,498.70229409138364
"20-7135256",Human,0,76,57916.668,762.0613182720385
"63-2181506",Elf,0,2,374.32,187.15999603271484
"90-3386174",Orc,0,110,96755.555,879.5959936315363
"37-8890830",Demon,0,49,14060.34,286.94571219658366
"53-4164128",Human,0,51,23620.01,463.1374477451923
"29-2696737",Orc,0,99,161691.11,1633.243132109594
"63-6653391",Northman,1,52,21625.174,415.8686483318989
"94-3795279",Northman,0,26,6236.1904,239.85345642383282
"08-1995784",Orc,0,27,7934.5903,293.87370553060816
"67-4268009",Angel,0,8,977.32996,122.16624820232391
"96-5939754",Orc,0,32,14786.819,462.08812046051025
"65-4526298",Orc,1,7,2545.3699,363.62428283691406
"66-3825275",Orc,0,37,6188.7993,167.2648639678955
"40-2130698",Human,0,51,17281.58,338.85451150407977
"73-0113570",Elf,0,120,60794.188,506.618084192276
"13-1994085",Northman,0,6,509.06998,84.84500153859456
"84-5282587",Elf,0,46,9045.05,196.63152156705442
"87-6091511",Northman,0,16,12846.649,802.9156084060669
"10-7917033",Hobbit,0,42,16087.624,383.0385722278484
"86-0485027",Orc,0,8513,324150.66,38.07707159633479
"77-1680277",Human,0,24,9103.44,379.3099978367488
"32-0702226",Human,0,67,20113.64,300.2035825928645
"88-0542476",Human,0,57,12628.451,221.55175414838288
"32-3628516",Orc,0,14,3459.9,247.1357148204531
"01-4624711",Northman,0,14,11461.68,818.6914254597256
"44-1190504",Human,0,79,56353.99,713.3413874952099
"92-6311955",Orc,0,4,2923.44,730.860003054142
"69-0923066",Elf,0,39,10795.36,276.80410206623566
"25-4311953",Hobbit,0,18,3776.2803,209.7933325767517
"58-1264322",Elf,1,6,1243.5001,207.25000158945718
"62-5827852",Human,1,45,13350.29,296.6731103685167
"52-9966244",Human,0,128,72449.35,566.0105452612042
"15-5803210",Elf,1,8,2717.55,339.69375026226044
"80-1134123",Hobbit,0,427,261611.48,612.6737917957596
"49-0988829",Northman,0,88,32620.191,370.68397604606366
"51-9379267",Northman,0,39,48759.63,1250.2466639983347
"15-6198938",Hobbit,0,14,1914.28,136.73428646155767
"69-6025381",Human,0,81,81946.31,1011.6824621035729
"55-1438456",Orc,1,1,37.43,37.43000030517578
"88-3611668",Elf,1,26,39976.61,1537.561538696289
"31-4942345",Orc,0,8,8459.62,1057.4525127410889
"87-4517660",Northman,0,3,164.02,54.673332850138344
"81-0493503",Orc,1,68,1425.3795,20.96147032695658
"24-5832490",Human,0,38,35446.715,932.8081664788095
"30-6345433",Angel,0,36,9352.4795,259.79110872745514
"08-7248175",Human,0,2,48.71,24.35499906539917
"01-7851887",Demon,1,24,30769.062,1282.044158299764
"79-5118638",Elf,0,32,7415.261,231.72687470912933
"49-5912531",Northman,0,9,2923.8198,324.8688865237766
"48-3057208",Hobbit,0,38,41496.68,1092.017877428155
"05-6801277",Orc,0,17,4907.3203,288.6658815636354
"63-7180447",Northman,0,15,3800.0398,253.33599917093912
"90-5966657",Hobbit,0,10,8305.41,830.5409927368164
"65-6141066",Demon,0,116,67000.56,577.5908612005798
"10-7634291",Elf,0,20,5502.5005,275.12499804496764
"12-9485085",Orc,0,37,34232.36,925.1989306630315
"90-9440238",Angel,1,37,8292.54,224.12270149024758
"72-6836815",Angel,1,78,58952.676,755.8034633489756
"32-2059718",Human,0,37,9339.17,252.40999874553165
"86-2602797",Angel,0,16,7374.0996,460.881245136261
"38-1267547",Northman,0,25,13842.329,553.6932028198243
"58-2837409",Elf,0,94,124966.51,1329.4308496739002
"92-7209775",Human,0,167,16103.982,96.4310176600953
"08-3688352",Orc,0,2,112.29,56.14500045776367
"92-4678229",Human,0,40,2678.1094,66.95274996757507
"75-3898689",Elf,0,101,97805.516,968.3713852769077
"13-8791690",Hobbit,0,6,807.77997,134.62999852498373
"43-3343250",Human,0,160,58704.605,366.9037485674024
"95-9020490",Human,0,17,3148.49,185.20529174804688
"92-3467203",Orc,0,19,25095.922,1320.837888014944
"21-3757076",Hobbit,1,1,748.64,748.6400146484375
"67-9291883",Hobbit,0,40,24168.252,604.2062466621398
"70-0965535",Hobbit,1,359,342829.03,954.9571277889369
"58-1203222",Hobbit,0,36,19292.41,535.9002802107069
"01-0506260",Elf,0,2,106.49,53.24499988555908
"01-6978020",Hobbit,0,69,64688.13,937.508990826814
"14-3369531",Angel,0,43,23725.342,551.7520972185357
"64-2120750",Human,0,16,3915.3801,244.71124458312988
"21-8110838",Northman,0,54,33735.11,624.7242599416662
"76-6177573",Orc,0,1,74.86,74.86000061035156
"52-4067695",Human,0,4,1257.71,314.42749404907227
"32-2685513",Orc,0,46,17470.24,379.78782165050507
"03-2359010",Elf,0,95,24962.334,262.76136706753783
"75-4672182",Elf,0,91,28795.607,316.43516204121346
"01-7619154",Northman,0,3,327.15997,109.05333073933919
"89-3329228",Angel,0,73,29941.723,410.160542840827
"34-1681829",Orc,0,108,42560.105,394.07499646919746
"08-7116361",Elf,0,78,34503.74,442.3556400384658
"17-5018937",Elf,0,1,149.73,149.72999572753906
"43-9775924",Human,1,84,175636.72,2090.9133420671737
"68-2471283",Northman,0,12,3101.23,258.4358317057292
"39-8795909",Hobbit,0,736,165844.1,225.33180741625637
"31-8537351",Human,1,49,10835.668,221.1361241729892
"31-0817416",Demon,0,32,9038.1,282.4406237453222
"01-9096171",Human,0,15,3350.15,223.343327776591
"94-3141409",Hobbit,0,34,17744.709,521.9032298817355
"78-4651580",Orc,0,42,13151.411,313.1288101701509
"09-5663153",Northman,1,62,27498.201,443.5193519592285
"57-9126257",Orc,0,41,38984.605,950.8438941211235
"62-9771166",Angel,1,133,21001.209,157.90383538805452
"32-3995869",Orc,0,110,20299.326,184.5392707824707
"96-0648042",Hobbit,0,7,18229.36,2604.194233485631
"93-5037470",Hobbit,0,2,756.13,378.06500720977783
"64-9136622",Elf,0,10,1437.38,143.7380001068115
"99-7442307",Human,0,96,44053.625,458.8918750484784
"64-7784543",Human,0,53,77881.08,1469.4541549682617
"20-4801489",Elf,0,1,27.33,27.329999923706055
"96-6760210",Elf,1,19,1417.1898,74.58894749691612
"39-6631074",Northman,0,16,4718.89,294.93062562169507
"74-3397872",Northman,0,4,136.48001,34.1200008392334
"58-1250894",Northman,0,98,35042.574,357.5772434552105
"69-8309002",Elf,1,5,4701.4497,940.290005493164
"33-3878691",Hobbit,0,33,19856.451,601.7106030493071
"07-4058756",Orc,0,60,200545.27,3342.421847788493
"01-2020198",Orc,0,84,11792.583,140.38785613150824
"57-1900926",Elf,0,17,9501.53,558.9135315277997
"62-0438957",Hobbit,1,86,7879.3096,91.61988395868346
"41-0845219",Northman,0,20,9125.16,456.25800013542175
"20-4697131",Northman,0,28,3627.5806,129.55642787047796
"18-7234202",Human,0,66,26267.365,397.99030081431073
"97-8420653",Human,0,18,7406.5405,411.47444396548804
"62-9035016",Human,0,2,524.04,262.0199966430664
"64-0702606",Hobbit,0,5,588.73,117.74600148200989
"89-3796974",Hobbit,0,35,10791.603,308.3314294883183
"04-7074342",Orc,0,70,101629.8,1451.854273230689
"37-0102760",Orc,0,27,7198.17,266.5988864986985
"27-8275981",Hobbit,0,53,139134.39,2625.1769711116576
"62-9588694",Northman,0,25,5405.149,216.20599807739256
"72-0779454",Hobbit,0,56,17518.162,312.8242882319859
"33-8874342",Orc,1,26,7327.34,281.820768062885
"03-5692409",Northman,1,118,126778.12,1074.3911823418182
"44-3980635",Elf,0,92,53297.742,579.3231538275014
"26-3979392",Human,1,64,62746.2,980.4093786589801
"13-6613437",Elf,0,145,46986.31,324.0434441665123
"17-0685565",Human,0,107,160678.33,1501.666555014726
"71-1050266",Hobbit,1,8,9223.2295,1152.903715133667
"29-3695800",Angel,0,117,82478.76,704.9466622262938
"26-2587109",Orc,0,41,11480.461,280.0112185669018
"67-3549563",Angel,0,45,25497.863,566.6191114425659
"48-2332635",Demon,1,1,0.75,0.75
"30-9080282",Orc,0,8,1321.35,165.1687505543232
"41-3829559",Elf,0,107,202592.31,1893.3864655717512
"60-8294254",Orc,0,29,5192.46,179.05034468091768
"34-3811158",Human,1,7,17967.34,2566.7629045758927
"48-1420280",Angel,0,53,12678.889,239.22433669724555
"54-1586832",Orc,0,1,50.16,50.15999984741211
"12-2565375",Angel,0,5,3069.47,613.8939796447754
"18-1846153",Human,0,24,5886.9097,245.287917137146
"49-0981297",Human,0,1,374.32,374.32000732421875
"56-5114021",Orc,0,19,5240.4805,275.81473581414474
"63-8342800",Northman,0,30,3241.5505,108.05166575113932
"88-4696466",Elf,0,26,6419.7295,246.91269078621497
"88-7091616",Northman,1,36,13127.09,364.64139202568265
"19-1448856",Human,0,84,62847.312,748.1820227305094
"68-7114005",Human,1,9,301.71002,33.52333312564426
"85-1484686",Hobbit,0,31,44366.547,1431.1787313645887
"10-5475167",Angel,1,34,15781.32,464.1564669118208
"02-7424672",Human,0,167,71779.57,429.81772238551497
"60-9357143",Northman,0,278,229872.94,826.88104453703
"33-9401084",Elf,0,69,18715.953,271.24565371914184
"01-7782368",Human,0,4,872.16,218.03999763727188
"82-9530454",Human,0,37,2331.5898,63.01594658155699
"03-5200029",Hobbit,0,41,31666.191,772.3460825536309
"65-9540703",Elf,0,6,1879.0898,313.1816682815552
"81-7961527",Northman,1,297,58454.01,196.81484880712298
"49-5626938",Angel,0,57,35806.664,628.1870122876084
"93-3408004",Orc,0,7,13400.64,1914.3771558489118
"68-8730781",Angel,0,18,1987.6702,110.4261114332411
"48-4568600",Elf,1,115,54242.72,471.6756501123957
"15-2307956",Human,1,35,4919.3003,140.55142809322902
"83-5089419",Orc,0,54,20949.984,387.9625895641468
"86-3136652",Human,0,21,3048.56,145.16952360563334
"31-0801311",Demon,0,34,50637.188,1489.3291186164406
"55-6418798",Elf,0,20,3084.43,154.22149696350098
"60-6231317",Northman,1,269,224154.58,833.2887313246284
"03-6480837",Human,0,7,2732.5298,390.36142294747486
"28-9473455",Northman,0,9,8272.449,919.1611251831055
"69-5906715",Northman,1,26,2893.0298,111.27038373396947
"05-9691365",Human,0,20,11218.338,560.9170099258423
"21-1666289",Orc,0,22,9372.96,426.0436415238814
"18-4270238",Northman,0,25,6632.9697,265.3188021469116
"81-3928728",Hobbit,0,20,6043.0693,302.15349740982055
"70-5980087",Angel,0,169,143944.7,851.7439581321983
"11-6516741",Hobbit,0,17,5255.4497,309.1441165699678
"75-4128063",Northman,0,46,5052.27,109.83195604448733
"46-7609990",Hobbit,0,14,3316.4602,236.88999611990792
"71-2992890",Human,0,38,14532.168,382.4255273216649
"09-0014486",Orc,0,57,14626.639,256.60771403396336
"60-7084933",Hobbit,1,47,6335.501,134.79787170633355
"72-3545408",Northman,0,19,16547.238,870.9073389956826
"82-5034352",Human,0,88,365412.7,4152.4176340970125
"22-4639197",Demon,0,7,5631.8604,804.5514242989676
"74-4969574",Hobbit,1,1,74.86,74.86000061035156
"83-0874471",Human,0,55,11575.812,210.469270437414
"40-9967112",Demon,0,3,255.77,85.25666777292888
"53-5849359",Northman,0,64,126370.164,1974.5339041799307
"55-6213823",Hobbit,0,85,23978.836,282.1039995698368
"10-2175527",Orc,0,43,46637.926,1084.6030152453932
"86-8280579",Hobbit,0,5,681.25,136.25
"54-6741720",Hobbit,0,6,5276.0596,879.3433208465576
"49-2842852",Elf,0,136,39156.1,287.9124975998283
"59-8677765",Human,0,32,13622.993,425.71844106912613
"66-9057716",Hobbit,1,114,29877.293,262.0814004195364
"45-1129146",Elf,0,4,598.91003,149.72749710083008
"88-5112184",Human,0,6,22635.84,3772.6398836771646
"23-3169307",Angel,0,10,2601.2,260.11999502182005
"92-9869868",Hobbit,0,27,5538.6797,205.13629815975824
"72-4495028",Hobbit,0,1,4491.83,4491.830078125
"77-5743257",Human,0,160,35625.977,222.6624383866787
"21-3604919",Northman,1,29,19531.53,673.5010295736379
"77-5552304",Human,0,183,280205.75,1531.179066007906
"10-1695451",Orc,0,2,398.16,199.0800018310547
"68-9234829",Orc,0,9,839.24994,93.25
"53-0138541",Human,0,3,1824.51,608.1699879964193
"61-7098121",Elf,0,57,15698.394,275.41035062806645
"14-1670266",Hobbit,0,27,6580.54,243.72370719909668
"13-1353285",Human,0,47,26056.363,554.3906384376769
"15-0760970",Elf,0,26,11273.7705,433.6065368652344
"61-8141376",Angel,1,1,374.32,374.32000732421875
"90-6575670",Human,1,27,8106.09,300.225552700184
"49-9174948",Hobbit,0,461,62988.723,136.63492443246076
"74-1117875",Northman,0,22,11762.621,534.6645400307395
"14-2865862",Northman,1,22,49185.56,2235.7068051424894
"99-2334992",Hobbit,0,126,90186.32,715.7643644620501
"11-9176854",Angel,1,98,17287.713,176.40520471942668
"27-6944429",Orc,0,30,4918.5195,163.9506677945455
"39-8448824",Human,1,23,19616.459,852.8895746314007
"78-0480488",Hobbit,1,5,1496.2399,299.247989654541
"10-4932717",Hobbit,0,40,31919.633,797.9907520532608
"94-4452856",Hobbit,1,40,27005.637,675.1409986257553
"47-4103639",Human,0,30,10499.233,349.97433136701585
"65-9356434",Human,0,3,2245.92,748.6399892171224
"25-1335418",Angel,1,56,86806.12,1550.1087630305972
"56-2821634",Hobbit,0,12,4679.0107,389.9174979527791
"16-1975048",Angel,0,13,4256.7603,327.44307253910944
"10-0609119",Human,0,3,16245.459,5415.1533203125
"69-1234482",Northman,0,131,48298.082,368.6877126821125
"15-0026163",Elf,0,188,115243.695,612.9984568230649
"00-0045747",Orc,0,8,5124.43,640.5537371635437
"80-3844684",Northman,0,74,37404.3,505.46350802924184
"67-8097296",Human,0,68,33008.555,485.41985305968456
"29-1702050",Human,0,8,278.65,34.83125030994415
"34-0951698",Human,0,45,18603.701,413.4155522664388
"70-6268891",Human,0,14,4518.6406,322.7599998201643
"93-2477244",Hobbit,0,31,14694.3,474.00967948667466
"31-3218136",Human,0,13,738.1599,56.78153899999765
"20-3306613",Northman,0,31,17732.19,572.0061222814744
"76-9066102",Northman,0,47,324716.62,6908.864251846962
"70-7922842",Human,0,65,144723.19,2226.510619035134
"25-5071533",Hobbit,0,67,37000.562,552.2471618171949
"95-6931261",Orc,0,45,33019.1,733.7577737172445
"17-6486328",Hobbit,0,33,16182.603,490.38182258605957
"05-4863441",Human,0,4,524.0,130.99999696016312
"57-7188454",Orc,0,2,149.72,74.86000061035156
"21-7061010",Hobbit,0,179,20721.12,115.76044715516394
"36-4308794",Orc,1,74,5644.3594,76.27513517560186
"73-7168009",Hobbit,1,36,6576.04,182.667778412501
"21-3209481",Orc,0,22,13056.32,593.4690946232189
"49-9124909",Human,0,15,3797.0903,253.13933308919272
"58-7088487",Demon,0,109,42103.28,386.2685311387438
"59-7151220",Orc,1,1,3.74,3.740000009536743
"87-4253869",Angel,0,104,100235.88,963.8062379921859
"18-2610826",Human,0,1,262.02,262.0199890136719
"92-9968852",Northman,0,5,576.81,115.36199957281352
"64-7389712",Northman,0,1,149.73,149.72999572753906
"89-4617931",Angel,0,20,8706.68,435.3339916229248
"05-7860925",Human,0,1,374.32,374.32000732421875
"24-6495635",Orc,0,34,93799.78,2758.8170727000515
"20-8388172",Orc,0,5,685.75006,137.1500015258789
"83-3766985",Northman,0,37,7967.759,215.34486179094057
"32-1498363",Hobbit,0,9,1010.65,112.29444630940755
"39-7352732",Hobbit,0,151,21914.9,145.1317209913241
"41-9406121",Orc,0,63,33588.453,533.1499988370472
"44-4609736",Orc,0,1,374.32,374.32000732421875
"54-0150604",Human,0,156,19714.857,126.3772417316452
"94-7588478",Orc,0,363,155412.94,428.1349057649614
"25-7086410",Hobbit,0,35,15850.72,452.87772102355956
"13-7744615",Northman,0,222,112482.984,506.67999818011583
"12-5236463",Orc,0,24,17016.572,709.0237493515015
"45-0248024",Elf,0,46,4908.9805,106.71695606604867
"73-8993141",Human,1,1,7.49,7.489999771118164
"71-7781318",Hobbit,0,24,31249.752,1302.0729173148673
"68-4047145",Hobbit,1,1,74.86,74.86000061035156
"47-7150109",Elf,0,14,24242.102,1731.5785720688957
"17-1969536",Northman,0,90,14114.753,156.83055689930916
"39-2573923",Northman,0,126,55830.633,443.10007957428223
"38-4571880",Orc,0,13,11079.86,852.2969084519607
"30-3790679",Human,0,12,6064.21,505.35083084305126
"46-3170102",Northman,0,17,28852.508,1697.2065207677729
"49-0069873",Hobbit,1,78,16919.768,216.92012798786163
"44-5574757",Northman,0,41,13086.18,319.17512498250824
"14-0715815",Human,0,71,28906.504,407.1338003722715
"71-9281819",Northman,0,34,5770.5103,169.72088320816263
"63-4620485",Orc,0,31,10409.819,335.8006394601637
"01-8334686",Orc,0,51,31956.027,626.5886273103602
"51-5302777",Northman,0,76,9395.069,123.619341025227
"65-0446660",Elf,0,7,1086.2799,155.18285369873047
"87-7466058",Northman,0,34,17037.51,501.1032315422507
"70-7966347",Human,0,112,46967.21,419.34991070628166
"31-4252123",Elf,0,48,35200.996,733.3539596001307
"76-1595901",Hobbit,0,4,3398.83,849.7074861526489
"21-6898603",Elf,0,118,39212.918,332.3128828244694
"88-9294336",Hobbit,0,61,50424.57,826.6321323269703
"46-3571416",Orc,0,46,35949.67,781.5145651775857
"87-0710715",Elf,0,33,21664.861,656.5109161608146
"24-9006807",Northman,1,10,11042.421,1104.2419990539552
"14-8492287",Demon,0,48,5876.789,122.43312366803487
"15-9352513",Hobbit,0,41,25628.686,625.0897522437863
"26-1017013",Human,0,4,613.87,153.4674985408783
"96-1597626",Angel,0,1,3.74,3.740000009536743
"71-5699245",Northman,1,5,5652.2197,1130.4439880371094
"10-3175898",Orc,1,80,47374.527,592.1814982160926
"46-6459295",Elf,0,104,86138.73,828.2571094219501
"04-6527902",Orc,0,106,29134.51,274.8537715695939
"63-4598069",Hobbit,0,236,461330.9,1954.7918499930431
"36-6007052",Hobbit,0,2,4192.37,2096.1849670410156
"88-3090961",Human,0,26,47710.742,1835.0284787324758
"65-4709895",Human,0,39,4606.159,118.10666632040953
"10-3149679",Northman,1,15,2942.14,196.14266363779703
"51-3367322",Hobbit,0,32,45367.55,1417.7356395721436
"28-7844517",Demon,1,86,11012.502,128.05232603050942
"13-1582584",Elf,0,38,14995.238,394.61157718457673
"13-5126365",Hobbit,0,17,34063.082,2003.710589240579
"79-8798972",Human,1,12,6363.44,530.2866719563802
"79-6863455",Northman,0,99,36045.453,364.09545578198
"65-8650134",Hobbit,1,42,27156.895,646.5926310448419
"64-7318167",Elf,0,47,17730.742,377.2497851645693
"31-9364103",Human,0,16,1286.5701,80.41062474250793
"20-2310546",Orc,1,17,4753.8604,279.6388235653148
"79-1511504",Hobbit,0,1,33.69,33.689998626708984
"15-5923853",Hobbit,0,19,3584.4402,188.65473697060034
"16-0965879",Demon,0,18,11948.369,663.798335287306
"83-4565360",Angel,0,26,8017.9097,308.3811539870042
"36-9871356",Human,0,7,4165.13,595.0185559817722
"49-9078976",Orc,0,60,32362.527,539.3753396034241
"91-2217757",Demon,0,3,174.56999,58.1899995803833
"09-9482542",Northman,1,32,19370.32,605.3224939778447
"02-7918864",Hobbit,0,37,20190.822,545.6978401751131
"40-1370747",Elf,1,38,11833.028,311.395524301027
"24-1177260",Elf,1,2,6859.96,3429.97998046875
"99-5884258",Hobbit,0,61,31216.752,511.7500023685518
"83-4840803",Angel,0,13,10619.431,816.8792455563179
"61-0549249",Angel,0,89,135119.83,1518.200794734312
"69-1781326",Northman,0,16,2627.72,164.23249673843384
"99-4835175",Hobbit,0,4,821.25,205.31249816901982
"67-7905085",Elf,0,5,1081.03,216.20600357055665
"92-9406818",Hobbit,0,97,15890.736,163.82195702778924
"66-7573384",Demon,1,1,22.46,22.459999084472656
"82-5829675",Northman,1,4,1721.87,430.467493057251
"49-6862165",Elf,0,3,374.32,124.77333323160808
"15-2060252",Northman,0,7,3383.85,483.4071371895926
"30-7611838",Demon,0,6,13524.148,2254.024976094564
"27-0365780",Northman,1,2,331.08002,165.54000091552734
"49-7125353",Orc,1,80,140514.98,1756.437477326393
"71-6347263",Angel,0,59,101787.03,1725.2037350049843
"70-7318281",Hobbit,1,25,24525.406,981.0163991641998
"64-1949244",Hobbit,0,87,8070.3706,92.76287377291712
"43-2589616",Human,0,11,3612.1802,328.3799917047674
"61-9976951",Human,0,18,1635.7902,90.87722227308485
"64-0705423",Human,1,60,106531.52,1775.5253380139668
"49-9215444",Orc,0,17,8110.889,477.11116790771484
"93-3680439",Hobbit,0,25,3373.5999,134.94400013923644
"50-0557886",Hobbit,0,71,36869.727,519.2918300360021
"30-4572181",Northman,0,98,6035.4736,61.58642826236937
"56-7354642",Orc,0,3,905.86,301.95333162943524
"25-8051896",Human,0,13,19358.95,1489.1499733558069
"72-5359380",Human,0,26,34244.582,1317.099236708421
"57-0439319",Hobbit,1,44,10288.421,233.82772692767057
"47-0414290",Hobbit,0,10,3093.1902,309.31900374889375
"81-5358176",Orc,1,54,30647.8,567.5518554051718
"41-3182276",Elf,1,75,5051.9,67.3586664422353
"35-5133243",Northman,0,3,157.20999,52.403333028157554
"46-4674312",Human,0,7,3188.3,455.4714344569615
"01-4913209",Elf,1,2,35.940002,17.97000026702881
"42-3540538",Hobbit,0,56,45847.64,818.7078459603446
"09-8640643",Orc,1,13,3368.8801,259.1446134127103
"17-6957319",Orc,1,28,11049.211,394.61464190483093
"00-8320940",Angel,0,60,21063.473,351.0578281402588
"77-4015737",Hobbit,0,8,10031.7705,1253.971284866333
"15-1811967",Elf,0,5,2197.7798,439.5559944152832
"50-6559750",Hobbit,0,4,1332.57,333.14250564575195
"08-1429974",Human,0,116,8618.16,74.29448303066451
"06-6345157",Human,0,19,5068.34,266.7547341898868
"46-5536539",Human,0,7,10484.689,1497.812839269638
"12-0327606",Human,0,7,2251.79,321.68428543635775
"66-1461407",Orc,0,4,419.25,104.8125
"68-9203681",Hobbit,0,1122,166340.17,148.25340392574694
"59-2414134",Human,0,21,8148.9297,388.0442777361189
"29-8475197",Northman,0,13,36196.68,2784.3600557767427
"18-7716286",Human,0,8,3133.05,391.6312463283539
"82-0174112",Hobbit,0,72,80033.414,1111.5751425425212
"07-1018029",Angel,0,10,9840.87,984.0869842529297
"89-8724616",Orc,0,25,10226.421,409.0568088531494
"51-6619275",Hobbit,0,1,598.91,598.9099731445312
"14-1258520",Human,0,38,28591.371,752.4044666290283
"19-3865785",Human,0,3,1048.09,349.3633270263672
"00-6338870",Human,1,34,145310.78,4273.846792782054
"27-0622784",Northman,0,4,1998.8599,499.71499395370483
"71-8404091",Hobbit,1,70,14093.872,201.34099873134068
"04-2578689",Elf,1,59,321580.4,5450.516591217558
"63-6682026",Hobbit,0,113,38929.348,344.5073471438568
"01-3950822",Hobbit,1,17,4620.0293,271.7664697520873
"49-1780312",Orc,0,85,68686.08,808.071405433206
"08-1932774",Human,0,2,48.81,24.404999926686287
"28-0304841",Elf,0,14,70259.75,5018.553438459124
"34-8296333",Northman,1,1,97.32,97.31999969482422
"62-8890560",Hobbit,1,22,12678.259,576.2845424305309
"84-6889959",Human,0,6,7950.5303,1325.088358561198
"55-2618550",Hobbit,1,37,8203.18,221.70756726651578
"25-8474411",Angel,0,20,12400.331,620.0164970397949
"15-0610679",Elf,0,25,21477.71,859.1083996582031
"71-9132407",Human,0,132,86903.36,658.3587077693505
"38-9353641",Elf,0,129,49239.633,381.70255518329236
"77-3079429",Orc,0,47,47851.902,1018.1253132515765
"74-4164101",Orc,0,120,42399.504,353.32916610439617
"43-4423389",Orc,0,87,499889.8,5745.8607921984
"14-9100043",Hobbit,0,4,823.5,205.875
"22-9229802",Human,0,45,69333.516,1540.7448887295193
"18-5918616",Human,1,16,4642.31,290.14437222480774
"50-3453648",Demon,0,35,11211.609,320.3317108767373
"06-9718744",Human,0,8,3565.77,445.7212357521057
"26-0613818",Demon,1,34,14401.56,423.5752918860492
"35-8102567",Elf,0,5,3013.72,602.7440063476563
"47-0225277",Elf,0,30,59213.586,1973.7859970172246
"52-6105932",Human,0,29,117044.445,4036.0154675450817
"12-9923552",Human,1,103,84904.56,824.3161130669048
"35-7633203",Hobbit,0,59,30358.973,514.5588096844948
"72-4818828",Northman,0,1,44.84,44.84000015258789
"16-1219718",Hobbit,1,28,4559.2603,162.83071412492012
"51-2465988",Orc,0,3,711.21,237.07000668843588
"11-2086033",Northman,0,48,25369.146,528.5237492918968
"83-4757832",Northman,1,32,9036.13,282.3790619468782
"65-1362675",Northman,0,61,49694.68,814.6665537318245
"33-4917010",Human,0,1,378.06,378.05999755859375
"15-5943623",Human,0,237,546135.3,2304.369197173115
"47-2720158",Human,0,33,8318.149,252.06514850529757
"12-7790702",Human,0,135,31272.64,231.64903612628027
"20-0541204",Human,0,28,11549.252,412.4732062561171
"82-6471093",Human,0,67,13241.142,197.6289549692353
"33-3137333",Northman,0,9,1759.3098,195.478887769911
"27-3885871",Human,0,7,880.4,125.77143110547748
"70-7917194",Northman,0,95,17210.586,181.16399727244126
"85-1925170",Hobbit,1,33,80635.84,2443.5103013009734
"75-6985488",Orc,0,6,72623.57,12103.928641319275
"24-1622602",Orc,0,11,13126.411,1193.3099975585938
"66-4631819",Human,0,48,22201.81,462.53770849108696
"22-1419172",Elf,0,6,4454.4004,742.3999938964844
"79-2394008",Northman,0,28,11443.631,408.7010695678847
"62-0796431",Demon,0,20,11398.46,569.922999572754
"57-9937273",Northman,0,11,1843.8098,167.61908999356356
"40-8637298",Human,0,48,18925.521,394.28167130549747
"49-5448929",Human,0,78,31855.623,408.40538241313055
"04-4276662",Human,0,27,17318.15,641.4129696598759
"80-5561274",Human,1,25,7957.24,318.2895980834961
"37-5637007",Hobbit,0,32,20131.402,629.1062464118004
"93-1165436",Elf,0,276,105989.25,384.01894741818523
"05-8659564",Orc,0,42,7572.44,180.29618751435052
"16-6844527",Elf,0,27,17425.959,645.4059311548868
"75-1754049",Human,0,88,23696.406,269.2772721702402
"14-3898402",Human,0,1,598.91,598.9099731445312
"47-8378211",Hobbit,0,6,2934.67,489.11166699727374
"81-4356534",Human,0,315,1537174.0,4879.916760665651
"68-5016338",Hobbit,0,3,1160.39,386.79667409261066
"88-0406728",Northman,0,98,94747.73,966.8134600143044
"90-9013509",Northman,1,66,88021.44,1333.6584979259605
"05-8979688",Orc,0,68,20574.826,302.57102834477143
"38-9659645",Northman,0,3,1048.09,349.36333719889325
"45-5859653",Elf,1,3,524.04004,174.67999776204428
"31-2888657",Orc,0,9,4671.52,519.0577617221409
"01-5891249",Human,1,12,7016.329,584.6941677232584
"45-1049788",Orc,1,7,21448.51,3064.0729217529297
"30-8482893",Angel,0,19,4590.6504,241.61315797504625
"56-5149210",Angel,0,1,112.3,112.30000305175781
"00-2709445",Orc,0,2,149.72,74.86000061035156
"15-1308488",Northman,1,9,13879.89,1542.2100177341038
"35-4070954",Northman,0,5,2777.45,555.4900115966797
"95-1971346",Hobbit,0,7,1231.51,175.92999880654472
"78-6733105",Human,0,34,47086.38,1384.8935239805894
"04-3836718",Human,0,17,7183.2095,422.54176403494444
"19-5037258",Orc,0,3,38.18,12.726666450500488
"60-3820165",Demon,0,7,51528.79,7361.255774361746
"00-2773154",Angel,0,17,2425.5898,142.68176364898682
"21-4813464",Hobbit,0,6,2058.75,343.12500254313153
"21-4784513",Northman,0,6,175.94,29.323333779970806
"81-5960233",Northman,0,20,13692.621,684.6310028076172
"87-9544326",Human,1,2,168.45001,84.22500324249268
"95-9419718",Elf,0,117,49096.207,419.6255549813947
"02-0492717",Orc,1,22,4203.5903,191.0722740346735
"79-4427104",Northman,0,12,1205.2699,100.43916765848796
"56-9382290",Hobbit,1,187,17830.123,95.34823556762328
"58-4947426",Northman,1,56,26718.922,477.1235719408308
"70-1334273",Human,0,107,343123.4,3206.7621567628094
"91-3056154",Orc,0,8,1287.6599,160.95749521255493
"61-5523032",Orc,0,59,16746.99,283.847285771774
"84-5490160",Hobbit,1,38,10725.793,282.2576307560268
"14-8823118",Human,0,44,104648.99,2378.3861745325003
"23-2532134",Elf,0,4,995.68,248.9200038909912
"56-5947766",Northman,0,14,4738.8804,338.49142674037387
"74-5835375",Orc,0,22,9492.581,431.4809088273482
"96-3758141",Orc,1,35,65243.914,1864.1117263793944
"31-8002412",Hobbit,0,17,4821.2495,283.6029357910156
"12-3903055",Hobbit,1,17,22188.527,1305.2076568603516
"04-7471292",Hobbit,0,38,6414.671,168.8071075834726
"93-3191286",Human,0,103,85530.4,830.3922291727899
"78-2664289",Human,0,32,30873.895,964.8090678453445
"64-1924270",Hobbit,0,129,42456.637,329.1212391668512
"52-0752757",Human,0,10,2436.7,243.6699938774109
"39-2870781",Northman,0,23,4894.3003,212.79565107304117
"00-8113601",Human,0,17,12362.23,727.1899953168981
"76-9964841",Angel,0,116,37080.332,319.6579287154921
"63-9974131",Elf,0,21,3212.8303,152.99190432684762
"32-6475849",Northman,0,131,171385.31,1308.2853454342326
"08-8679957",Hobbit,0,2,112.29,56.14500045776367
"67-6432546",Elf,0,8,10271.9795,1283.9974927902222
"47-6612156",Hobbit,1,5,2620.23,524.0460006713868
"16-4017821",Hobbit,0,1,74.86,74.86000061035156
"57-3956865",Elf,0,18,2940.6501,163.3694438007143
"87-8714144",Hobbit,0,98,18250.299,186.22744928087508
"49-4003481",Angel,0,16,20639.988,1289.9993982315063
"43-1852553",Human,0,58,83310.35,1436.3853395067413
"41-6198989",Orc,0,6,2044.86,340.8099988301595
"14-5499698",Northman,1,22,10674.261,485.1936343799938
"80-2599480",Hobbit,0,10,965.30994,96.53099918365479
"50-4272389",Hobbit,0,36,49797.906,1383.2749987708198
"01-4928191",Elf,0,96,54476.008,567.4583243057132
"04-0287028",Human,1,12,14336.441,1194.703327178955
"87-1199704",Angel,1,31,3247.7695,104.76677343922276
"52-4326159",Hobbit,0,32,17610.2,550.318754196167
"92-1810065",Hobbit,0,6159,220753.66,35.84243221267154
"49-3622923",Human,0,321,34839.73,108.53514051511651
"36-4694115",Elf,0,21,3690.8005,175.75238315264383
"70-0352716",Demon,0,14,1414.9198,101.06571294580188
"76-9663585",Orc,0,6,1796.7301,299.45500564575195
"42-8957748",Demon,0,139,25880.537,186.19086286832962
"85-4032639",Hobbit,0,26,2571.26,98.89461488907153
"65-8703359",Orc,0,138,50947.414,369.1841277903405
"16-0339738",Northman,0,21,3069.52,146.16761672248444
"94-8263430",Angel,0,14,4398.25,314.16071810041154
"84-6542213",Northman,0,7,489.59998,69.94285692487445
"52-0949244",Angel,0,175,212836.83,1216.210908617292
"24-1426131",Northman,0,71,127519.375,1796.0477156605518
"98-5226247",Hobbit,0,3,5779.49,1926.4966837565105
"89-9473428",Hobbit,1,8,4147.46,518.4325025081635
"10-0530308",Demon,0,113,85955.09,760.664334592566
"20-5586959",Orc,1,1,1497.28,1497.280029296875
"97-2651871",Hobbit,0,47,37427.555,796.3308492011213
"07-6256757",Elf,0,48,20741.297,432.1102040410042
"11-4903729",Human,0,46,7598.649,165.18804251629373
"85-3565904",Human,0,3,561.48,187.15999857584634
"59-1769523",Human,0,7,898.3599,128.33714076450892
"80-8964955",Human,0,53,12543.452,236.66886487996803
"04-8452576",Orc,0,42,66792.266,1590.292131753195
"72-0303751",Human,0,11,3443.7703,313.0699962269176
"43-4653234",Demon,0,252,46749.176,185.51254014647196
"21-7858125",Elf,0,6,1310.6,218.43333518505096
"23-6995703",Elf,0,88,102793.2,1168.1045352762396
"54-7790761",Hobbit,1,2,5.24,2.6200000047683716
"60-5009714",Hobbit,0,34,4072.6204,119.78294013528263
"14-9694722",Hobbit,0,16,15137.471,946.0918970108032
"73-4141578",Northman,0,4,344.37,86.09250116348267
"62-7750359",Hobbit,0,20,888.4199,44.42099916934967
"50-4262661",Demon,0,24,86537.73,3605.7391921679177
"05-5728979",Orc,0,37,4832.2197,130.60053909791483
"05-1664851",Hobbit,0,24,15613.601,650.5666634639105
"79-5377543",Northman,0,172,701303.5,4077.349141464677
"87-2503086",Human,0,109,110035.5,1009.5001840503937
"13-0884135",Elf,0,8,4387.02,548.3774929046631
"18-0624763",Human,0,25,17181.242,687.249609451294
"70-0955667",Northman,0,30,3407.07,113.56900113423666
"04-6722722",Human,1,59,9886.36,167.56542450909393
"62-7061615",Human,0,18,2249.62,124.97888831297557
"05-0569452",Human,1,30,11970.7295,399.0243307431539
"14-2220294",Hobbit,0,63,4518.049,71.71507934933263
"62-6263958",Angel,0,6,15429.432,2571.571743329366
"32-0540256",Northman,0,50,30482.24,609.6448015594483
"12-1646701",Hobbit,0,18,14506.391,805.9105511771309
"98-2711927",Orc,1,21,5835.6694,277.8890497570946
"72-5603647",Angel,1,116,17390.846,149.92103333103245
"18-3392285",Northman,0,16,2594.0203,162.1262469291687
"79-1856678",Orc,0,57,13895.543,243.7814019897528
"28-5834833",Human,0,62,38798.703,625.785492773979
"66-9071815",Hobbit,0,144,63318.055,439.7086800489989
"22-7272012",Elf,0,21,6882.9297,327.7585707335245
"17-9661020",Demon,0,31,6333.4893,204.3061274866904
"27-8692886",Human,0,12,3099.36,258.2799949645996
"51-6329085",Orc,1,79,7114.1006,90.05189828027653
"82-5184374",Hobbit,1,7,4263.49,609.0700037819998
"95-4947315",Orc,1,7,11319.421,1617.060043334961
"09-0223340",Hobbit,0,31,5095.1914,164.36096680548883
"10-6411829",Angel,0,6,15421.95,2570.3249740600586
"17-6195067",Orc,0,2,187.16,93.57999801635742
"70-8764827",Human,0,3,2373.19,791.0633341471354
"43-7895757",Orc,1,3,454.28,151.42666371663412
"57-4350774",Northman,0,485,290014.3,597.9676686028845
"69-5112982",Orc,0,5,381.8,76.35999946594238
"40-8039380",Human,0,145,27873.125,192.2284126174861
"68-4579294",Orc,1,89,27388.195,307.7324713964141
"93-5830317",Demon,0,42,5191.7803,123.61380870001656
"00-6479395",Human,1,32,2588.4104,80.88781278580427
"57-7185211",Human,0,16,1897.81,118.61312246322632
"31-7706539",Northman,0,20,2646.4602,132.3229995727539
"31-8608922",Human,0,4777,413365.03,86.5326038288034
"62-6088992",Northman,0,23,8602.2295,374.01000214951193
"59-7345366",Orc,0,6,2507.94,417.9900042215983
"24-9704923",Angel,0,11,1057.85,96.16818046569824
"41-9626660",Orc,0,2,898.37,449.1850051879883
"50-9305720",Hobbit,0,1,74.86,74.86000061035156
"43-8697231",Human,1,91,33883.105,372.3417572922759
"02-9416533",Elf,0,41,22290.73,543.6763410393785
"17-2812387",Hobbit,0,25,5169.1904,206.767599029541
"96-5019557",Northman,0,4,561.48,140.36999893188477
"06-9444188",Hobbit,0,4,408.01,102.00250345468521
"72-9403778",Elf,0,47,11855.151,252.23723374021813
"90-5207667",Orc,0,171,53976.805,315.6537429212827
"31-5320360",Hobbit,0,32,8796.49,274.8903113603592
"64-8792987",Northman,0,33,15551.31,471.2518186858206
"93-0447478",Human,0,9,2290.83,254.5366668701172
"78-5947800",Human,1,89,18158.92,204.03280745999197
"38-3601700",Orc,0,95,31263.17,329.0858921452572
"96-3292943",Angel,0,17,2120.91,124.75941209232106
"66-9653636",Human,0,59,14988.2,254.0372870776613
"86-5756427",Hobbit,0,14,1650.7499,117.91071455819267
"51-5286334",Hobbit,0,261,108227.41,414.6645577888565
"25-4762307",Human,0,2,1122.96,561.4799880981445
"92-7142357",Northman,0,54,69999.555,1296.2879689534504
"13-3437067",Northman,0,70,43262.914,618.0417129516602
"64-1023878",Angel,1,24,24046.293,1001.9287268320719
"58-6153194",Orc,0,33,5198.9614,157.54424332240313
"27-7484120",Hobbit,0,286,174110.89,608.7794023211394
"79-7101017",Hobbit,0,44,70281.7,1597.3109039935198
"55-6280299",Hobbit,1,1,74.86,74.86000061035156
"81-4175599",Hobbit,0,15,1801.9698,120.13133176167806
"56-2183379",Angel,0,21,11331.76,539.6076149713425
"18-6928353",Elf,0,8,2814.73,351.84124279022217
"11-9628359",Northman,0,39,70068.836,1796.6366649529873
"70-9203812",Northman,1,97,26078.008,268.8453598219095
"92-2935216",Hobbit,0,23,22088.111,960.3525983976281
"43-2734816",Elf,1,131,108545.44,828.5909920484966
"45-8042781",Hobbit,0,84,13422.95,159.79690491550025
"74-0652453",Human,0,11,7467.68,678.8799892772328
"00-9700945",Elf,0,97,83112.79,856.8326839565002
"92-3566837",Northman,0,57,5642.4688,98.99070168665627
"77-8799326",Orc,0,24,8152.7905,339.6995921134949
"93-1816330",Human,0,57,26337.05,462.05349932218854
"35-9454369",Angel,0,8,3039.4897,379.93624687194824
"97-3764741",Human,0,1,748.64,748.6400146484375
"13-5659765",Human,0,4,4189.08,1047.270001411438
"11-8901606",Elf,1,51,15914.3545,312.0460781583599
"94-2490950",Human,0,5,4580.0894,916.0179912567139
"83-0285377",Orc,0,29,9669.408,333.4279341204413
"42-3912253",Orc,0,94,10098.133,107.42691508633025
"92-6056050",Northman,0,80,68982.62,862.2827543258667
"69-4061635",Human,1,7,1523.4899,217.6414255755288
"53-4870331",Demon,1,152,22787.355,149.91684167165505
"06-9931910",Northman,1,42,40806.484,971.5828517334802
"97-1441585",Hobbit,1,7,598.89996,85.55714198521206
"01-0373372",Orc,0,111,58795.13,529.6856736288414
"33-2889059",Human,0,28,5849.7,208.91785940102167
"84-2793389",Hobbit,0,3,8796.5,2932.1666259765625
"40-4751108",Northman,0,62,30024.184,484.2609629169587
"49-3282987",Human,1,51,23818.309,467.02569510188755
"68-1455915",Northman,0,1,1871.6,1871.5999755859375
"41-1858892",Elf,0,25,10144.051,405.7619959259033
"91-3626853",Elf,0,23,2164.3796,94.10347649325495
"91-2356794",Hobbit,0,7,4550.9,650.1285561152866
"46-1906156",Hobbit,0,43,13493.47,313.80162483037907
"53-0798274",Orc,0,1,20.89,20.889999389648438
"53-3058917",Orc,1,98,102245.27,1043.3191802355707
"83-1890201",Human,0,29,11524.11,397.38310471896466
"40-1508022",Hobbit,0,68,24218.791,356.1586740332491
"47-3194275",Human,0,79,66479.2,841.5087256461759
"17-4290375",Human,0,171,42940.45,251.11368245130393
"47-7413942",Human,0,39,18622.883,477.5097423516787
"32-6682010",Elf,0,24,12241.75,510.0729169845581
"19-4544004",Northman,0,530,86525.63,163.25596264349122
"13-9731312",Hobbit,0,14,2292.5403,163.75285238879067
"79-2169957",Human,0,29,4202.4097,144.9106907186837
"86-4866049",Northman,0,15,148282.84,9885.52335205078
"61-0574568",Hobbit,0,1,131.01,131.00999450683594
"30-5087635",Orc,0,76,23198.787,305.24723499699644
"58-9233538",Demon,0,197,54035.79,274.2932972501358
"49-3658533",Northman,0,13,111357.18,8565.936664287861
"68-7589302",Human,0,102,108875.03,1067.4019533500953
"41-8489508",Elf,1,3,224.59,74.86333465576172
"26-3983000",Elf,0,53,12388.199,233.7396219001626
"50-1535885",Human,0,27,22301.959,825.9985085946543
"19-4222233",Northman,1,10,1097.2799,109.7279991865158
"71-6766747",Human,0,6,6183.7603,1030.6267051696777
"61-1957635",Human,0,93,12371.242,133.02408528584306
"29-9057651",Human,0,173,101230.65,585.1484332112219
"98-4632142",Elf,0,5,3855.5,771.0999908447266
"36-6637310",Elf,0,6,2096.19,349.36500549316406
"02-0157039",Hobbit,0,56,35903.28,641.1299975599561
"03-9079709",Human,0,24,5856.3096,244.01291604836783
"83-1939079",Northman,0,9,6962.3506,773.5944417317709
"60-2881875",Human,0,78,25981.068,333.0906399931424
"97-4495422",Hobbit,0,28,5023.36,179.40570927517754
"13-5074840",Northman,0,84,55776.15,664.0017828166131
"39-9332441",Angel,0,1524,720873.8,473.01450703932545
"84-1144848",Human,0,81,305444.6,3770.9212103037185
"48-7630472",Orc,1,34,10383.589,305.3997077451033
"66-9319700",Hobbit,0,2,1534.71,767.3550109863281
"60-3740641",Northman,0,51,27461.02,538.4513709545135
"05-2622388",Hobbit,1,34,19475.889,572.8202954460593
"79-3004595",Elf,0,34,18821.828,553.5832383772906
"44-4086366",Human,1,118,301011.56,2550.946695822591
"83-9984653",Hobbit,0,13,4132.4707,317.8823054387019
"43-1096130",Demon,1,7,2111.16,301.59427956172397
"81-4815723",Human,0,1,44.92,44.91999816894531
"65-7254643",Orc,0,31,18985.318,612.429674702306
"55-6583369",Demon,0,7,718.69,102.66999844142369
"13-7809059",Hobbit,1,10,947.0099,94.70100021362305
"78-5676854",Orc,1,12,1402.22,116.85166708628337
"39-0170878",Angel,0,39,6755.8496,173.22692374694043
"22-9230523",Demon,0,52,6417.7896,123.4190391944005
"39-4819412",Human,0,309,141373.94,457.52081092353006
"51-6954622",Hobbit,0,63,18781.111,298.11285724337137
"43-2279186",Hobbit,1,24,18310.21,762.925396601359
"61-0758654",Angel,0,30,24960.04,832.001331837972
"85-0694782",Northman,1,69,68743.91,996.2885564721149
"50-8706438",Human,0,81,222803.03,2750.654567176913
"53-8287746",Elf,0,33,2665.5002,80.77272666584362
"16-6032858",Orc,0,3207,197628.73,61.624399599104905
"89-1658751",Human,0,28,13434.281,479.795722254685
"55-6463556",Angel,0,1,74.86,74.86000061035156
"27-9063140",Northman,0,115,58812.953,511.4169513204823
"73-5397855",Human,0,54,2268.36,42.00666641305994
"58-4997645",Hobbit,0,118,269256.1,2281.8320230387026
"72-7082137",Human,0,206,68970.0,334.80582410849416
"32-8139888",Human,0,53,36629.734,691.127169339162
"78-2049270",Hobbit,0,7,568.94995,81.27857126508441
"11-9647226",Human,0,1,823.5,823.5
"99-4840272",Human,0,264,666513.9,2524.67363270962
"18-9441129",Hobbit,0,51,144405.33,2831.4770612342686
"03-6968657",Hobbit,0,4,8235.02,2058.7550354003906
"34-5309088",Hobbit,0,59,32217.986,546.0674605632232
"47-4347083",Hobbit,0,8,4093.06,511.6325161457062
"03-6388507",Northman,1,24,21613.2,900.549989024798
"07-9941278",Elf,0,27,3821.7703,141.54703814895063
"19-9798572",Human,0,46,11096.721,241.2330409547557
"72-2121282",Human,0,24,4517.39,188.2245823542277
"77-8059662",Elf,0,76,12433.974,163.60486728266665
"22-5711558",Human,0,18,12726.86,707.0477782355415
"56-8992393",Northman,0,11,9062.28,823.8436343669891
"86-9758468",Human,0,142,187468.77,1320.2031655714545
"18-3499676",Human,0,22,3949.08,179.50363901528445
"77-1673999",Northman,0,13,6658.69,512.2069173959585
"44-7805999",Human,0,8,1688.1799,211.02249363064766
"84-3045497",Hobbit,0,60,16407.012,273.45017046133677
"18-0457218",Elf,0,26,24414.262,939.0100146486209
"71-5119361",Orc,0,30,4896.0703,163.20233332316081
"74-2121784",Northman,0,6,4868.9404,811.4900134404501
"55-1866793",Elf,0,68,88186.51,1296.860137097976
"06-0102754",Hobbit,0,8,786.0499,98.25625038146973
"19-2064813",Human,0,38,33357.12,877.8189453953191
"96-3423952",Human,0,53,9189.571,173.38811362464472
"77-2018682",Human,0,27,9781.699,362.2851807982833
"64-5772437",Human,0,9,3861.7,429.0777706570095
"99-8337232",Northman,0,100,6529.613,65.29609983026981
"68-5114317",Orc,0,55,17298.768,314.52308734547006
"30-7407957",Human,0,24,2725.7898,113.57458209991455
"26-3590743",Orc,0,188,115013.55,611.7743080727597
"51-4387989",Human,0,12,10911.421,909.2850173314413
"32-3740062",Orc,0,7,5180.5703,740.0814240319388
"74-4692450",Orc,0,62,77508.36,1250.1345068408598
"14-3906274",Human,0,12,7696.0,641.3333282470703
"14-1338099",Orc,1,11,854.86993,77.71545488184148
"39-1553196",Elf,0,82,166021.67,2024.6549974301965
"23-0370038",Elf,1,89,11703.552,131.50056192580234
"73-7027440",Orc,0,13,16452.83,1265.6023280987372
"83-8218363",Angel,0,28,8210.11,293.2182165639741
"38-4712329",Angel,0,138,415472.7,3010.6721468110018
"77-6787007",Orc,0,46,36005.137,782.7202171242756
"48-1552514",Hobbit,0,11,9253.18,841.1981563568115
"73-2988038",Human,1,23,23409.91,1017.8221756893655
"45-9367737",Orc,0,27,13044.081,483.11407385932074
"39-3484666",Hobbit,0,36,11731.159,325.8655520280202
"62-4176662",Hobbit,0,64,29095.842,454.62250181287527
"67-1813973",Demon,0,148,178026.95,1202.885265247242
"40-1512238",Northman,0,87,27850.326,320.1186205984532
"28-5141129",Demon,0,16,2874.77,179.67312282323837
"87-2108051",Northman,0,16,4083.0803,255.19250059127808
"38-5691232",Demon,0,45,11499.989,255.55533271365695
"84-0248206",Northman,0,74,47600.715,643.2529817988743
"42-9947099",Orc,0,31,2721.28,87.78322616700203
"06-6272553",Orc,0,146,621875.5,4259.420964299816
"97-5750539",Demon,1,32,5083.561,158.86124911904335
"11-0550413",Human,0,32,13186.549,412.0796908438206
"45-3093321",Orc,1,60,10027.99,167.13316485087077
"85-4617215",Northman,0,40,105493.805,2637.3452775299547
"72-7794949",Northman,0,42,11986.459,285.3919051942371
"88-0957497",Human,0,24,35604.66,1483.527499516805
"20-6574444",Northman,0,12,321.90997,26.825833400090534
"54-5249070",Human,0,51,18753.408,367.7139200930502
"32-7992835",Human,0,2,1173.89,586.9449806213379
"27-7204184",Northman,0,26,22259.041,856.1169245793269
"67-3490504",Hobbit,1,58,357752.75,6168.1521936613935
"50-7362580",Northman,0,32,12925.59,403.92468525469303
"96-4850618",Elf,0,23,11904.021,517.5660899203757
"20-2881260",Orc,0,8,1318.36,164.79500102996826
"83-4811588",Orc,0,18,20729.799,1151.6555476321114
"46-4501013",Human,0,66,21736.041,329.33393757271045
"11-9842435",Orc,0,7962,672621.6,84.47900146566012
"16-9542367",Orc,0,19,9340.011,491.57947459973786
"05-9698715",Hobbit,0,36,34429.832,956.3841581439806
"46-5208649",Human,0,71,28586.516,402.62690370015696
"59-9088927",Orc,1,16,1850.11,115.63187456130981
"03-2512094",Northman,0,30,118334.37,3944.4793548583984
"68-8756141",Elf,0,12,1514.36,126.19666582345963
"70-0864556",Human,0,37,14739.251,398.35810934530724
"77-5897746",Elf,0,8,1572.14,196.51749527454376
"38-0383793",Northman,0,122,34890.285,285.9858165099973
"73-9264533",Human,1,16,9335.531,583.4706196784973
"19-8428659",Angel,0,52,26658.18,512.6573127095515
"01-1732321",Orc,0,70,18722.03,267.45757104328703
"79-7858240",Northman,0,5,2569.58,513.9159942626953
"59-4088422",Orc,0,5,518.06,103.61199970245362
"59-7695991",Elf,0,68,111921.414,1645.9030781914207
"55-3668564",Human,0,21,4529.2603,215.67904808407738
"98-3561054",Human,1,89,32158.531,361.33168629849894
"82-5283859",Human,0,17,6462.54,380.1494113697725
"90-5089951",Elf,0,81,129649.29,1600.6082761670336
"22-8855578",Orc,0,140,69808.8,498.634137909753
"22-2793768",Hobbit,0,2040,114053.04,55.90838728270987
"80-6872254",Northman,0,11,8908.811,809.8918110240589
"80-1470654",Elf,0,47,26030.193,553.8338267346646
"36-1879587",Human,0,28,9155.851,326.9946481159755
"62-9594870",Human,1,40,5446.2905,136.15725004673004
"81-8057213",Hobbit,0,28,10070.249,359.65178786005293
"05-2735062",Hobbit,0,24,5109.469,212.89458163579306
"96-9649555",Human,1,13,834.70996,64.20846146803636
"73-9072305",Elf,0,28,19597.99,699.928215776171
"55-3236811",Hobbit,0,27,13340.742,494.1014856055931
"56-2278889",Hobbit,0,296,115730.34,390.98084418455494
"55-5715028",Human,0,174,121119.85,696.0911479674537
"87-7619035",Hobbit,0,27,1396.19,51.710740901805735
"70-8595126",Elf,0,8,2628.7402,328.5924987792969
"75-5877449",Human,0,23,3385.14,147.17999848075536
"02-9774686",Human,0,11,35030.96,3184.6327592676334
"36-5894088",Elf,0,29,4349.6196,149.9868937525256
"29-2811603",Demon,0,92,235940.89,2564.5748875244803
"87-5800058",Hobbit,0,2,295.71,147.85500061511993
"10-5243219",Human,0,20,54372.5,2718.624998474121
"20-3584900",Human,0,7,1048.1,149.72856794084822
"35-5612198",Orc,1,45,52080.164,1157.3368934631349
"38-2722627",Human,0,60,53420.473,890.341003036499
"39-0411094",Hobbit,0,34,13785.07,405.44323508879717
"46-5105026",Angel,0,21,9698.38,461.82762109665646
"59-9705928",Human,0,1,149.73,149.72999572753906
"46-6162649",Northman,0,12,13647.699,1137.3083241780598
"98-7276196",Human,0,77,7411.46,96.25272583342218
"03-5567366",Orc,1,1,165.45,165.4499969482422
"41-2755541",Hobbit,0,4,6640.42,1660.1050412654877
"55-9099738",Human,0,8,13288.34,1661.042483329773
"10-7730053",Northman,0,18,1766.7397,98.15222205056085
"00-8477624",Orc,0,18,35718.52,1984.3622385660808
"70-2491374",Human,0,137,1143702.4,8348.194230351135
"72-3208631",Hobbit,0,61,10440.359,171.1534432895848
"64-2516184",Northman,0,9,3824.7903,424.97667100694446
"73-2242129",Demon,0,48,11546.553,240.5531238913536
"33-0751599",Elf,0,41,1124977.6,27438.48020477411
"24-6299640",Human,0,16,19277.46,1204.8412551879883
"64-1847180",Northman,0,28,4790.3804,171.08499918665206
"93-4527183",Human,0,4,80.1,20.025000154972076
"90-7199673",Human,0,19,4850.36,255.28210396515695
"04-8851176",Demon,1,3062,217431.34,71.00965708191005
"26-0042165",Elf,0,26,11495.66,442.1407689314622
"31-5445200",Human,0,16,11774.718,735.9199995994568
"29-2940964",Elf,0,27,9032.51,334.5374011993408
"29-2891480",Human,0,3,1347.55,449.18333943684894
"92-8958799",Elf,0,66,22726.771,344.3450026584394
"29-8869933",Hobbit,0,99,1047817.44,10584.015802661728
"67-5726650",Northman,0,14,10128.34,723.4528502736773
"38-7192209",Human,0,62,24996.84,403.1748398080949
"63-0978859",Hobbit,0,6,1175.36,195.89333200454712
"56-0952373",Demon,1,21,20053.92,954.9485578253156
"72-0464127",Elf,0,245,483887.34,1975.0495511405322
"51-5132347",Northman,0,44,19873.754,451.67613293907857
"62-4929766",Orc,0,7,1572.1499,224.59285736083984
"00-5649238",Northman,1,90,26075.143,289.723668162028
"01-6555347",Northman,0,42,6335.9897,150.8569045634497
"74-7312269",Hobbit,0,59,55618.242,942.6818681005705
"47-4748673",Demon,0,10,5403.81,540.3810104370117
"61-3030775",Northman,0,28,26622.4,950.8000128977001
"93-7868104",Northman,0,1,240.61,240.61000061035156
"38-6510079",Northman,0,1,74.86,74.86000061035156
"95-6442915",Angel,0,66,119738.71,1814.2225642637773
"59-1543808",Elf,0,6,2058.7598,343.1266670227051
"15-6470333",Hobbit,0,1,74.86,74.86000061035156
"83-6392102",Hobbit,1,7,1235.2601,176.46571677071708
"72-7372914",Orc,0,28,18635.91,665.5682017462594
"73-0769359",Human,0,1,83.7,83.69999694824219
"19-2827478",Northman,1,7,1789.25,255.6071353639875
"41-7426304",Demon,0,62,5288.87,85.30435470611819
"84-6010927",Northman,0,7,4919.3003,702.7571411132812
"63-6851607",Orc,0,1,224.59,224.58999633789062
"03-0756081",Orc,1,10,524.05,52.40500020980835
"89-6884174",Hobbit,0,89,45726.883,513.7851651773024
"84-0965560",Northman,0,6,26202.35,4367.058339436849
"55-9384210",Orc,0,83,59562.66,717.6224095907556
"51-9858311",Orc,0,36,12558.78,348.8549969991048
"79-0346073",Human,0,19,7485.86,393.99262639095906
"38-0480351",Hobbit,1,26,59527.266,2289.5099672170786
"26-7412997",Human,0,6,1983.89,330.6483322779338
"22-2331650",Orc,1,11,3402.5503,309.3227251226252
"71-4408876",Human,0,28,31587.613,1128.1289196014404
"01-5926286",Northman,1,130,118474.31,911.3409213726337
"74-1044823",Human,1,8,1164.12,145.5149989426136
"06-8158656",Orc,0,48,46186.6,962.2206346193949
"82-3481514",Human,0,30,10154.94,338.49799664815265
"78-1418710",Human,0,19,3249.0703,171.00368419446443
"83-2938069",Orc,0,25,67812.86,2712.5143955993653
"44-5974217",Northman,0,8,453.43,56.67875075340271
"36-1602708",Angel,0,64,15676.691,244.94828180968761
"52-1478821",Hobbit,0,1,534.31,534.3099975585938
"11-3349593",Hobbit,0,49,30369.31,619.7818373076769
"14-1260262",Human,0,72,31416.635,436.34208086133003
"11-0665319",Hobbit,0,16,11319.43,707.464373767376
"86-1294020",Hobbit,0,19,185781.33,9777.965213173315
"59-9464634",Hobbit,0,2,524.05,262.0250015258789
"30-4351449",Elf,0,20,12187.86,609.3929872989654
"07-8051749",Angel,0,42,14389.579,342.6090459369478
"24-4465997",Northman,0,16,4442.7705,277.67311984300613
"98-3195695",Northman,0,23,19651.8,854.4260724938434
"26-0333341",Orc,0,47,22765.826,484.37914796078456
"65-7530750",Human,0,53,42336.023,798.7930200684746
"29-3672491",Northman,0,31,8841.8,285.2193535220238
"82-3015893",Human,0,4,2686.11,671.5275173187256
"02-3738192",Orc,0,47,19031.84,404.93276685492157
"76-3129728",Hobbit,0,24,8175.141,340.63083905975026
"94-6009947",Angel,0,132,26314.318,199.35075645532572
"02-0921000",Hobbit,1,33,13159.171,398.76272172638863
"55-0102680",Elf,0,6,54253.098,9042.183085123697
"36-5281885",Orc,0,39,10688.779,274.0712846609262
"65-8197275",Elf,0,7,808.54,115.5057133265904
"09-9090626",Northman,0,9,1326.21,147.35666380988226
"78-1998367",Human,0,61,19187.09,314.54246225513396
"05-9392556",Elf,0,52,7722.6,148.51153633227716
"34-3919287",Human,0,19,3396.5505,178.76578827908165
"26-9024524",Angel,0,50,73607.914,1472.1579864501953
"18-1128837",Human,1,105,180769.84,1721.615504092262
"84-4840397",Hobbit,1,8,942.54004,117.817502617836
"21-1090905",Angel,0,30,18997.5,633.2499957402547
"17-2744487",Elf,0,11,5315.3403,483.21271722966975
"78-5120670",Demon,0,9,4905.25,545.0277671946419
"79-3472764",Orc,0,6,1594.75,265.79167149960995
"66-0046532",Orc,0,21,14315.479,681.6895201660338
"99-1854774",Human,0,19,1666.8298,87.7278955359208
"62-1465015",Elf,1,29,17612.23,607.3182744322152
"74-7426939",Hobbit,0,7,3967.7898,566.8271331787109
"62-4371064",Angel,1,169,120874.56,715.2339611730632
"07-6846147",Elf,0,1,224.59,224.58999633789062
"31-8363616",Northman,0,1,236.45,236.4499969482422
"53-0838292",Orc,1,75,31974.88,426.3317369111379
"04-5442533",Hobbit,0,14,1426.13,101.86642783028739
"64-0402844",Northman,0,43,111236.1,2586.88603039675
"45-2400682",Elf,0,2,1302.63,651.3150024414062
"40-1153329",Elf,0,24,45629.55,1901.2312660217285
"45-9250593",Angel,1,48,26890.66,560.2220844527086
"08-9795844",Human,0,33,7115.78,215.62969462799305
"28-5044439",Orc,1,153,30641.736,200.27274562174978
"28-2199996",Hobbit,0,23,33814.0,1470.1743649192479
"29-4623779",Human,0,64,110813.445,1731.460003823042
"14-5995265",Demon,1,61,164393.5,2694.9760623173634
"00-5221572",Northman,0,34,4868.841,143.20117378234863
"52-4468574",Hobbit,0,1,1497.28,1497.280029296875
"08-2759811",Elf,0,18,5243.5796,291.3100022210015
"99-0660927",Human,0,41,24544.55,598.6475588170493
"22-9418474",Hobbit,0,14,2877.74,205.55285828454154
"28-3143641",Angel,0,4,407.11,101.77749681472778
"72-3304640",Hobbit,0,44,25923.82,589.1777192516761
"55-5854485",Hobbit,0,103,51554.027,500.52446396258273
"08-0683288",Human,0,34,19820.299,582.9499931335449
"05-6387964",Demon,0,56,31433.223,561.3075039046151
"64-8699267",Demon,0,79,11388.842,144.1625330131501
"85-3352134",Human,0,1,22.46,22.459999084472656
"09-3206435",Orc,0,31,35358.223,1140.587745666504
"93-0797698",Orc,0,137,68897.54,502.9016069948238
"30-4516635",Elf,0,22,6149.949,279.54317140579224
"64-3314056",Orc,0,112,90609.16,809.0102678707668
"70-3534897",Human,0,35,19466.277,556.179426084246
"14-5705210",Elf,1,55,19683.586,357.8832696394487
"71-9308229",Hobbit,0,4,224.57999,56.14500045776367
"81-8697386",Northman,0,15,1973.2402,131.54933446248373
"29-2985374",Human,0,31,5056.4604,163.11161244300104
"02-4244801",Hobbit,0,5,1085.53,217.1059997558594
"00-9896573",Orc,0,15,12854.109,856.9406457901001
"02-0564663",Angel,0,68,13946.571,205.09661523296552
"81-8812630",Hobbit,0,60,53679.566,894.6591628074646
"04-7312784",Human,0,21,23370.15,1112.8643017723448
"82-7076881",Hobbit,0,5,17390.88,3478.1759033203125
"29-8071973",Orc,0,57,16981.78,297.92596194618625
"09-7005067",Orc,0,26,19461.28,748.5107495968158
"69-7067563",Angel,1,9,20737.31,2304.145516289605
"39-3519958",Elf,0,4,3050.71,762.6774997711182
"68-7070425",Orc,1,11,6588.009,598.9099981134588
"81-8569436",Human,0,76,22728.875,299.0640804391158
"76-6806485",Elf,0,56,18209.783,325.17464242662703
"80-2787234",Northman,0,16,13456.79,841.0493702888489
"33-2179538",Northman,0,1,0.75,0.75
"92-8912912",Hobbit,0,25,4788.4805,191.53919761657716
"99-1005402",Hobbit,1,44,43892.734,997.5620404807004
"33-1834076",Human,0,55,15303.92,278.2530927831476
"49-2738213",Human,1,16,8934.9795,558.4362668991089
"22-0180030",Human,0,20,9271.899,463.5949975013733
"39-8089875",Northman,0,29,5382.73,185.61137889993603
"31-2739941",Human,0,61,16604.06,272.1977052532259
"21-1742058",Human,1,6,2756.0,459.33333746592206
"35-8140903",Hobbit,0,21,6433.609,306.36237317039854
"02-9503780",Northman,0,5,812.28,162.4560028553009
"74-6233840",Northman,0,232,838971.56,3616.257006789076
"10-4342576",Human,0,66,26725.043,404.92484769315433
"85-5969224",Northman,0,18,4020.19,223.34388584560818
"45-5260951",Orc,0,2,1332.58,666.2899780273438
"92-8830793",Human,0,151,62693.64,415.1896675794897
"81-6782155",Hobbit,0,1,14.97,14.970000267028809
"55-0052174",Northman,0,77,13296.546,172.68233777950337
"92-4611217",Human,1,49,24630.18,502.65673485580754
"42-5937422",Orc,0,51,45794.277,897.9268653720032
"30-5448050",Human,0,17,13962.118,821.3011627197266
"83-1288056",Orc,1,37,15482.98,418.45891659324235
"21-9357203",Demon,0,51,85982.1,1685.9237479602589
"67-8539807",Hobbit,0,105,11908.533,113.41457115127926
"42-3491908",Human,0,24,21018.041,875.7516789535681
"73-6122569",Angel,1,11,2096.1501,190.5590959028764
"91-4003413",Human,0,62,24472.822,394.7229052089876
"86-5982121",Northman,0,9,6924.92,769.4355621337891
"42-8957029",Demon,0,202,82428.07,408.0596026867665
"03-5469853",Hobbit,1,51,7904.26,154.9854909438713
"48-2904890",Northman,0,52,43691.59,840.2228761819692
"76-1834444",Northman,0,157,26208.717,166.9344575966999
"28-1688095",Human,0,38,15451.911,406.6292115512647
"77-5379095",Northman,0,44,23282.63,529.1506881713867
"82-3185395",Human,0,48,19961.672,415.8681220809619
"58-1720192",Orc,0,73,39148.656,536.2828738134201
"57-3383155",Orc,0,53,19698.947,371.67829339079697
"51-9258695",Human,0,33,7187.79,217.8118153413137
"85-7868085",Human,0,56,28500.668,508.9405283417021
"89-8920404",Human,1,51,35242.2,691.0235290527344
"63-0859255",Elf,1,101,31726.363,314.12237429382776
"00-8203294",Northman,0,7,1422.4199,203.2028568812779
"42-6984369",Orc,0,9,9931.909,1103.5455624262493
"24-8122845",Human,0,418,86644.03,207.28248806447505
"09-0200282",Elf,0,116,56770.914,489.4043078175906
"37-5671535",Human,0,7,4312.22,616.0314380100796
"53-6656701",Human,0,32,22198.541,693.7043722867966
"64-2005359",Northman,0,56,68645.78,1225.8173173264202
"83-7733156",Northman,0,4,941.0499,235.2624969482422
"19-9306955",Northman,1,51,4850.3604,95.10509762576982
"86-7804635",Demon,0,13,4858.6597,373.74307104257434
"85-4559977",Hobbit,0,28,9146.87,326.67392594473705
"96-6129478",Hobbit,0,27,38225.695,1415.7662843294718
"27-7659298",Orc,1,276,94710.65,343.15441786724585
"57-1413024",Northman,0,147,88770.21,603.8789755665526
"09-5181017",Angel,0,82,30341.158,370.014150064166
"13-1193721",Orc,0,8,897.63,112.20374953746796
"63-9332828",Human,0,5,7186.9307,1437.3859878540038
"45-7784287",Orc,1,33,32394.547,981.6530229395086
"35-8227868",Angel,0,833,386714.75,464.2432993440067
"20-2697354",Angel,0,66,32002.857,484.8918136105393
"41-0566337",Orc,0,42,114129.98,2717.380228315081
"04-7075892",Human,0,150,573718.9,3824.793194185893
"16-4501981",Hobbit,1,2,449.18,224.58999633789062
"00-4123013",Elf,0,90,25116.846,279.0759987068259
"83-4195209",Northman,0,19,7123.28,374.9094690021716
"93-2606181",Northman,0,1,112.3,112.30000305175781
"10-8624464",Northman,0,20,10295.831,514.7914947032929
"20-8923443",Human,0,11,2507.94,227.9945448962125
"50-9178663",Human,0,3,2320.78,773.5933430989584
"65-0325278",Human,0,63,28947.035,459.47666269256956
"28-1577528",Elf,0,30,38775.758,1292.5253388722738
"86-8658566",Orc,0,52,10538.221,202.6580772445752
"89-8359281",Northman,0,6,269.5,44.916666984558105
"10-2207594",Northman,0,16,837.1299,52.32062537968159
"45-2662016",Northman,0,2,194.64,97.31999969482422
"61-0633127",Human,0,18,3900.3901,216.68833054436578
"07-4015888",Human,0,26,7555.49,290.59577001975134
"76-9868690",Northman,0,22,17967.299,816.6954435868697
"03-7429251",Human,0,14,24779.959,1769.9971444266182
"13-7779356",Hobbit,0,9,422.97995,46.9977777534061
"49-3484426",Human,0,7,2433.07,347.5814296177455
"26-6098230",Hobbit,0,25,3039.4404,121.57760066986084
"14-1226514",Northman,0,3,711.21,237.06999969482422
"20-4454543",Orc,1,4,3069.42,767.3550109863281
"76-8742331",Human,0,10,19357.13,1935.7130038261414
"58-5963314",Northman,1,220,202594.9,920.8859599070115
"09-2644317",Hobbit,0,45,7377.78,163.9506643931071
"31-6881670",Angel,1,23,19984.64,868.8973826532779
"50-2020753",Northman,0,53,25479.9,480.75282647474756
"15-0923956",Orc,1,13,5171.98,397.84461388221155
"84-6670108",Orc,0,124,45703.47,368.576287300356
"83-4769301",Hobbit,0,3,1399.95,466.64999357859296
"48-7690575",Northman,0,17,16030.169,942.951150894165
"20-2300629",Orc,0,44,41311.168,938.8902279138565
"99-0282555",Northman,0,2,1647.01,823.5050048828125
"95-4420958",Hobbit,1,4,1115.47,278.86749815940857
"73-3017459",Hobbit,0,178,98403.37,552.8278656197147
"19-2606766",Hobbit,0,309,54583.484,176.64566330770845
"28-4046541",Angel,0,13,3488.0798,268.313841012808
"53-4584878",Demon,0,80,77056.055,963.2006286621094
"20-4891411",Orc,0,5,973.23,194.64599609375
"96-5765657",Orc,1,35,8993.919,256.9691453116281
"92-4222121",Orc,0,7,7392.8203,1056.1171308244977
"33-2340654",Elf,0,98,35935.22,366.68591170362674
"28-5329905",Orc,0,29,5749.2603,198.2503444901828
"86-8926522",Human,0,9,1528.29,169.8100005255805
"03-7568232",Northman,0,4,329.41,82.35249996185303
"02-9375650",Northman,0,16,5072.0503,317.0031281709671
"24-0790981",Northman,0,103,54878.223,532.7983495471547
"93-1028730",Demon,0,26,35990.824,1384.2623021052434
"93-7618867",Angel,0,14,2073.73,148.12357139587402
"86-9164918",Northman,0,218,29588.002,135.72472540969287
"84-5166071",Orc,1,6,13812.379,2302.063330332438
"70-6127999",Hobbit,0,43,3276.0093,76.18627852617308
"90-6054422",Hobbit,0,5,3780.6304,756.1260131835937
"69-9140637",Hobbit,0,16,16185.571,1011.5981283187866
"48-0313711",Hobbit,0,79,54847.836,694.2765861206417
"33-1321123",Elf,0,11,4393.38,399.3981822620739
"62-2683154",Human,0,24,7041.2397,293.38499267896015
"35-3629718",Hobbit,0,92,29100.357,316.30815209772277
"70-1836441",Human,0,31,10806.581,348.59935145224296
"97-6134070",Orc,1,4,411.74,102.93499946594238
"04-6834297",Hobbit,0,102,9017.981,88.41156818352493
"12-2592343",Hobbit,0,40,5551.0015,138.7750001102686
"43-1220054",Human,0,241,111391.805,462.2065143506062
"28-6468492",Human,0,20,7445.1997,372.26000061035154
"01-9949768",Hobbit,0,40,5409.5596,135.23900043815374
"03-9491277",Human,0,1,13793.73,13793.73046875
"75-8810349",Demon,1,54,20340.914,376.6835179593828
"74-8134864",Orc,0,48,1868.98,38.93708348910635
"04-5566039",Human,1,145,74214.79,511.82620604449306
"16-1990622",Northman,0,61,24694.098,404.82115019686887
"70-8383214",Elf,0,38,26262.252,691.1118419044897
"71-9066040",Hobbit,0,74,17372.863,234.76837771486592
"22-2926071",Orc,0,71,76058.24,1071.242667599568
"97-0993834",Hobbit,0,3,524.06,174.6866658528646
"00-6797967",Human,0,49,20486.533,418.0924430769317
"10-3534321",Angel,0,15,10636.029,709.068662595749
"27-3646261",Northman,0,51,32419.023,635.6670484355851
"24-9883924",Hobbit,0,29,9170.849,316.2362045419627
"20-7485063",Human,1,93,158398.92,1703.2142946591941
"13-5507607",Human,0,12,4881.8896,406.8241605758667
"31-7886723",Angel,0,29,24740.701,853.1275959672599
"96-6681287",Human,0,26,14766.891,567.9573045235413
"05-5966585",Human,0,22,13218.621,600.8463455546986
"52-2623005",Orc,0,179,8061.42,45.03586583830125
"84-8056833",Hobbit,0,38,20258.9,533.1289561924182
"75-2606605",Northman,0,71,53782.375,757.4980332146229
"15-4321036",Human,0,41,14093.132,343.73488012174283
"66-7944891",Human,0,6,3069.4202,511.5699920654297
"32-9819410",Hobbit,0,5,1770.53,354.1059928894043
"03-9139361",Human,1,8,1317.6001,164.6999979019165
"27-3641846",Orc,0,7,7284.87,1040.695704323905
"02-0895485",Human,0,14,15197.399,1085.528573172433
"55-8704003",Orc,0,312,71213.836,228.24942366052898
"02-8258500",Human,0,32,62034.055,1938.5640205442905
"63-8996779",Elf,0,17,5834.18,343.18705861708696
"17-4821858",Human,0,24,5486.79,228.61624735593796
"36-1358528",Elf,0,8,1472.3601,184.04500341415405
"40-5034807",Human,1,28,16219.288,579.2603438581739
"78-2326596",Hobbit,0,40,49564.258,1239.106228262186
"84-7533902",Human,1,81,131588.17,1624.5455511587638
"23-0858703",Elf,1,62,32543.277,524.8916117298987
"40-1086959",Northman,0,105,493751.78,4702.398003678095
"09-4363599",Northman,0,6,12453.601,2075.6000188191733
"19-7652128",Hobbit,0,2,628.11,314.0550003051758
"66-8500033",Northman,0,81,11714.613,144.62481476348123
"17-1874243",Hobbit,0,29,32228.922,1111.3420683762122
"50-0915507",Hobbit,0,19,21740.45,1144.2341890837017
"25-1326713",Elf,1,23,5535.0703,240.65521671461022
"00-1222963",Northman,0,59,28081.115,475.95101777880876
"84-3579835",Human,0,50,15599.891,311.9977979242802
"64-3791055",Northman,0,13,1492.6301,114.81769297673152
"76-7591559",Human,0,21,31620.27,1505.7271299816314
"21-6672292",Human,0,61,25644.613,420.4034390918544
"63-5538150",Elf,0,26,10264.59,394.7919188279372
"20-8438019",Orc,0,26,13296.369,511.39884207798883
"40-6084071",Human,0,50,48375.44,967.5086003112793
"20-8081249",Human,0,66,44947.625,681.024542299184
"00-2704725",Elf,0,3,688.75,229.58333333333334
"59-0375177",Hobbit,0,15,2616.4805,174.43199920654297
"57-0627884",Orc,0,4,8257.49,2064.372537612915
"18-9620269",Orc,0,1,299.46,299.4599914550781
"59-4139499",Northman,0,3,3745.8103,1248.6033747990925
"38-2608602",Human,1,210,39553.605,188.35038223749115
"68-5539102",Angel,0,50,7975.0884,159.50180154800415
"14-8106853",Hobbit,1,56,12885.548,230.09910811270987
"72-3157470",Human,1,1,0.75,0.75
"34-2313903",Angel,0,16,3750.67,234.41687536239624
"16-4785995",Hobbit,1,10,9425.049,942.504991722107
"27-8147492",Human,1,284,101064.85,355.86218214370837
"82-8821242",Human,1,38,38451.57,1011.8834139673334
"96-3813298",Elf,0,7,20834.61,2976.3728681291855
"52-9772900",Elf,0,39,17963.574,460.6043638082651
"03-8254878",Northman,0,20,2253.7598,112.68800025582314
"03-2874966",Hobbit,0,12,7078.37,589.8641624450684
"83-7218438",Northman,0,9,6486.95,720.7722127702501
"74-3824987",Orc,0,40,68821.94,1720.548263311386
"05-1765038",Hobbit,1,26,10467.64,402.60154163837433
"79-4290029",Orc,0,105,59531.633,566.9680833277248
"35-4714537",Human,1,23,17321.158,753.093900680542
"30-5847164",Elf,1,2,748.64,374.32000732421875
"52-5613260",Northman,0,89,35180.844,395.2903377678287
"71-9438485",Orc,0,46,16707.002,363.19565316905147
"23-3725532",Angel,0,22,12224.55,555.6613683808934
"55-6639420",Angel,0,75,69187.26,922.496530863444
"84-1027888",Hobbit,0,1,77.48,77.4800033569336
"34-4737069",Northman,0,81,30178.441,372.5733304944487
"63-3608408",Hobbit,0,4,247.05,61.76250076293945
"45-6765553",Northman,0,25,3526.11,141.04439849853514
"89-3040909",Angel,0,37,34655.26,936.6286468505859
"85-7761306",Northman,0,83,77618.89,935.1672223447317
"74-1640966",Orc,0,8,1868.3899,233.54875093698502
"66-1464806",Demon,0,87,119591.32,1374.6129867729098
"98-8947541",Northman,1,20,4114.92,205.74599480628967
"76-6410554",Orc,0,54,38374.605,710.640738275316
"34-1717743",Elf,0,17,1085.5099,63.85352948132683
"40-1244180",Northman,0,32,54130.555,1691.57967543602
"93-3750437",Human,0,7,968.55005,138.36428362982613
"68-7360132",Human,0,8,5989.1196,748.6400012969971
"71-6307336",Human,0,13,9369.23,720.7099894193502
"42-1455640",Northman,1,27,5231.8394,193.77184938059912
"59-1384326",Northman,0,50,152358.05,3047.1608112335207
"41-8386532",Orc,0,8,2036.68,254.58500480651855
"22-2176341",Elf,0,19,6807.37,358.28263249522763
"70-4254807",Hobbit,0,197,653746.7,3318.512746951302
"77-2936376",Northman,1,53,11965.411,225.76245108640418
"77-3918024",Human,1,1,149.73,149.72999572753906
"86-3926511",Northman,0,81,39610.477,489.0181485753001
"64-3147605",Orc,0,35,17121.39,489.1825679234096
"68-9134729",Human,0,146,92099.52,630.8187691561163
"23-6599365",Orc,1,17,23518.47,1383.439410279779
"14-1380788",Human,0,49,36484.418,744.5799924013565
"46-9665184",Human,0,13,17828.838,1371.44923048753
"15-0675244",Human,0,17,5416.4004,318.61176479563994
"57-5995315",Human,1,5,157.20999,31.442000818252563
"11-0167300",Orc,0,68,19004.15,279.4727915315067
"40-2370017",Angel,0,2,1048.1,524.0499877929688
"74-5168437",Hobbit,1,20,3278.2703,163.9134994506836
"59-8813699",Northman,1,22,14455.489,657.0677262219516
"57-4331505",Angel,0,174,46188.11,265.4488495670516
"33-7912278",Hobbit,0,56,16964.918,302.94499698707034
"69-9490673",Northman,0,68,15361.311,225.90161663644454
"19-3013040",Elf,1,296,1240804.1,4191.905649288281
"84-9482836",Hobbit,1,33,7864.449,238.31666606122798
"32-5837828",Angel,0,17,3930.34,231.19646812887754
"35-6202038",Northman,1,1,3743.19,3743.18994140625
"74-5420539",Orc,0,14,1539.1201,109.93714317679405
"00-6974128",Human,0,44,34566.895,785.6111278967423
"03-6259593",Demon,1,7,606.4,86.62857191903251
"54-0905248",Elf,0,19,5652.21,297.4847291645251
"67-7828258",Human,0,6,4521.79,753.6316680908203
"10-5194517",Hobbit,0,38,28905.023,760.6584277905916
"26-8545067",Demon,0,49,31741.637,647.7883837952905
"99-6753950",Human,0,10,8732.95,873.2949935913086
"54-0972288",Northman,1,12,4574.3096,381.1925036367029
"81-7955795",Human,0,27,3139.5503,116.27962928348117
"84-6688630",Angel,0,42,20636.291,491.3402353014265
"94-5555447",Orc,0,1,1048.09,1048.0899658203125
"79-5961443",Human,1,45,14680.729,326.2384430991279
"91-3706079",Human,0,67,16709.51,249.39566925390443
"76-2040076",Hobbit,0,88,41824.734,475.2809071974321
"05-1961710",Northman,0,190,981786.5,5167.296149175144
"23-3214285",Human,0,9,2790.5999,310.0666672388713
"16-4853606",Orc,0,5,331.65,66.32999877929687
"83-7162952",Hobbit,1,69,4433.0107,64.2465210703836
"24-0633299",Northman,0,37,4446.301,120.17027090691231
"54-0440611",Northman,1,2,546.51,273.2550048828125
"54-2119006",Orc,0,48,67394.56,1404.0531371037166
"92-2872423",Northman,0,12,2507.94,208.99499813715616
"15-3991240",Northman,1,332,90992.37,274.0735229218143
"57-2677340",Orc,0,47,7090.2095,150.85553012114573
"77-0809625",Human,0,201,732628.7,3644.9201119598465
"27-5852938",Orc,0,1,62.89,62.88999938964844
"84-0201035",Angel,0,16,5491.281,343.2050081640482
"08-2378995",Orc,0,165,47141.28,285.70448574297353
"72-8060301",Elf,0,3,9860.19,3286.730027516683
"25-3778419",Hobbit,0,23,4357.0903,189.43869482952616
"13-5632551",Orc,0,57,11520.398,202.11228005927904
"55-0278175",Human,0,107,87577.54,818.4814989967881
"18-8249350",Human,1,46,26589.953,578.0423966471268
"63-0249302",Hobbit,0,10,3462.4702,346.24700412750246
"70-0532176",Northman,0,580,1969949.8,3396.462628552883
"21-5802889",Northman,0,1,7.49,7.489999771118164
"39-9927857",Northman,0,1,44.92,44.91999816894531
"85-7475955",Human,1,1,149.73,149.72999572753906
"17-3193956",Northman,0,24,34482.293,1436.7620726426442
"25-3272962",Human,0,445,1099329.8,2470.404546893045
"06-0250884",Orc,0,66,64495.277,977.2010567982992
"92-8872485",Orc,0,35,10375.739,296.4497115381594
"19-8308072",Northman,1,1,3.74,3.740000009536743
"47-3977663",Elf,1,3093,280453.22,90.67332012004454
"98-6485608",Hobbit,0,30,26587.912,886.2636605580648
"42-0460342",Angel,0,812,655596.8,807.3860182507455
"57-4131006",Elf,0,159,357687.72,2249.6081960426186
"29-1314244",Hobbit,0,80,138805.33,1735.0661332168615
"99-2014392",Human,0,19,4027.67,211.98263077986869
"25-2370825",Demon,0,64,26848.041,419.5006213635206
"29-0300284",Northman,0,32,9947.131,310.84781248588115
"48-1010616",Human,0,127,72064.484,567.4366898780733
"61-5357631",Human,0,59,140557.0,2382.322390992763
"88-6836516",Orc,1,6,2889.76,481.6266622543335
"93-2742603",Elf,1,6,1392.4598,232.07665793100992
"29-0634676",Hobbit,0,19,3803.06,200.16105325598465
"63-9660671",Orc,1,12,2036.2898,169.69083042939505
"89-6234804",Hobbit,0,6,1160.39,193.3983294169108
"91-5158570",Northman,0,98,36121.973,368.59153353924654
"58-7468658",Demon,1,23,28073.951,1220.606522269871
"33-2031097",Elf,0,38,27796.982,731.4994724424262
"51-9253049",Human,0,211,24794.482,117.50933464895492
"95-1527412",Hobbit,0,93,30199.156,324.7220444858715
"61-5413598",Human,0,65,61838.4,951.3596859785226
"28-9368798",Human,0,3,14.969999,4.989999930063884
"70-2536206",Orc,0,5,9515.2,1903.0400360107421
"33-1707834",Elf,0,16,1033.0997,64.56875014305115
"58-7325022",Orc,0,81,46875.445,578.7091365154879
"76-5760091",Human,0,45,101096.984,2246.59954401652
"18-7599989",Orc,0,280,266350.9,951.2528225975377
"93-3247034",Elf,0,12,9897.611,824.8008429209391
"28-4209818",Angel,1,62,13918.601,224.49354774144388
"81-0104340",Orc,0,24,3667.8196,152.8258330821991
"96-7880130",Northman,0,1,2537.88,2537.8798828125
"99-3840294",Hobbit,0,76,15191.472,199.88776217097123
"98-5036165",Elf,0,11,1322.6403,120.23999925093217
"52-6263541",Elf,0,36,109911.31,3053.0916900634766
"66-5947580",Northman,1,1,149.73,149.72999572753906
"96-5928267",Hobbit,1,1,374.32,374.32000732421875
"46-3407258",Hobbit,1,288,38691.395,134.34513833482438
"01-9295189",Orc,0,7,584.68,83.52571354593549
"25-5484591",Orc,0,15,1488.8599,99.25733286539713
"02-7660405",Human,1,198,92004.74,464.6703533500132
"31-3316888",Hobbit,0,28,4553.6504,162.63035775082452
"71-7006801",Orc,0,26,14748.189,567.2380740825946
"44-0331873",Orc,1,74,91379.93,1234.863934027182
"61-6008733",Hobbit,0,85,14940.875,175.77493913874906
"74-5343440",Human,0,127,53156.355,418.55385763996
"25-4767767",Elf,0,3,1534.71,511.57000732421875
"54-2231258",Human,0,21,2523.6597,120.17428435598102
"37-7835003",Orc,0,179,296947.78,1658.9264793612854
"80-5651776",Demon,0,28,2356.95,84.17678441320147
"04-0645125",Hobbit,0,41,30457.143,742.8570776683529
"68-8643264",Human,0,7,36512.777,5216.111465999058
"65-8096237",Northman,0,2,25.619999,12.809999465942383
"30-5405886",Orc,0,72,172884.16,2401.1691324445937
"13-2251889",Elf,0,6,119.78,19.963332811991375
"97-3480303",Orc,0,711,490581.2,689.9872722592199
"72-2751811",Northman,0,28,14200.96,507.1771396909441
"39-0408959",Northman,0,174,71269.23,409.59321909389274
"97-8775627",Orc,1,86,22785.588,264.94872181082883
"67-6726983",Northman,1,127,10339.853,81.4161415963661
"88-5814031",Elf,0,2,5614.79,2807.3949584960938
"34-6390014",Angel,0,261,301741.66,1156.098236419817
"68-5521257",Hobbit,0,12,9125.92,760.4933252334595
"25-0394146",Northman,0,58,14703.217,253.50378995106138
"11-0493329",Human,0,65,71908.2,1106.2798174051138
"89-9438011",Orc,0,25,19573.543,782.9416021347046
"06-4642279",Orc,0,1,2994.55,2994.550048828125
"81-9790250",Human,0,5,3608.44,721.6880126953125
"94-9764161",Hobbit,0,42,13684.381,325.8185715675354
"33-6222530",Hobbit,0,135,97372.67,721.2791749459726
"08-4761791",Northman,1,44,41939.496,953.170216733759
"49-9063981",Human,0,8,492.47998,61.55999934673309
"91-0360065",Angel,0,1,1497.28,1497.280029296875
"96-1792554",Northman,0,1,2245.92,2245.919921875
"84-1944732",Northman,0,63,175197.4,2780.910971172272
"06-4848706",Orc,0,29,17071.969,588.6886202055832
"22-2421271",Orc,1,58,33924.746,584.9093182333585
"40-0282378",Elf,0,80,91089.875,1138.6234852075577
"48-9817563",Orc,0,39,10002.06,256.463077936417
"91-6912275",Angel,0,2,7616.94,3808.470039367676
"65-0684110",Demon,0,10,2032.55,203.2550033569336
"14-1456283",Human,0,11,3260.33,296.3936365300959
"05-4543425",Human,0,4,2096.19,524.0475044250488
"07-3975399",Angel,0,76,28411.598,373.8367092483922
"46-4354759",Northman,0,25,7073.9595,282.9583969116211
"62-5807755",Northman,1,11,4210.87,382.8063638860529
"64-0125942",Elf,1,48,4045.3394,84.2779172360897
"52-4311899",Angel,1,48,8018.5,167.05208293596903
"14-1596476",Demon,0,3,3031.99,1010.6633326212565
"46-3675981",Human,1,46,15791.782,343.2995664762414
"96-3993698",Orc,0,1,89.76,89.76000213623047
"26-9403089",Northman,0,13601,810110.0,59.562607157597185
"88-0663329",Northman,1,2,673.78,336.88999938964844
"00-8429312",Northman,0,23,6314.01,274.5221703156181
"14-7178268",Demon,0,21,21107.893,1005.1376273745582
"64-8664397",Human,0,2,168.45,84.22499752044678
"67-2026662",Demon,0,2,149.76999,74.8849978633225
"90-5129238",Hobbit,0,13,3511.1204,270.0861530487354
"47-6935328",Orc,0,4,374.39,93.59749801643193
"88-1372603",Northman,0,92,15562.202,169.1543471061665
"37-3226595",Orc,1,42,16270.19,387.38547815595354
"59-7517182",Human,0,94,24675.854,262.5090388998072
"84-8960448",Orc,0,82,62748.727,765.2281658242389
"89-5970787",Human,1,14,2007.8501,143.41785458156042
"58-3778288",Hobbit,0,24,2751.2104,114.63374904791515
"16-3493704",Northman,0,56,29300.707,523.226784842355
"66-1326373",Human,0,25,6402.68,256.1072016310692
"17-8217888",Human,0,198,86500.91,436.87318265539676
"12-7405075",Elf,0,6,3952.82,658.8033301035563
"11-9899377",Human,0,17,12247.74,720.4552886065314
"22-2482629",Hobbit,0,26,40402.633,1553.9472741347092
"22-6587111",Elf,0,64,39062.504,610.3514051288366
"67-0582283",Human,0,19,16014.122,842.8484175330714
"75-0200252",Human,1,90,9927.873,110.3096663263109
"15-9328618",Elf,0,1,269.51,269.510009765625
"04-9023814",Hobbit,0,453,46868.402,103.46225107216151
"93-2156608",Angel,0,14,32755.846,2339.7035506112234
"69-3273312",Human,0,3,1235.26,411.7533264160156
"19-7943068",Elf,0,15,5465.06,364.33733622233075
"35-6229162",Northman,0,35,14571.362,416.32457776750834
"62-7020110",Hobbit,0,1,37.43,37.43000030517578
"54-3759198",Northman,0,777,42453.258,54.63738729440376
"19-8086697",Elf,0,92,16493.65,179.2788040123718
"29-6536811",Elf,1,6,2245.9202,374.32000732421875
"28-5328135",Human,0,41,13043.75,318.14024407689163
"55-3050030",Demon,0,59,38523.023,652.9325472662005
"62-7766172",Orc,0,2,276.99,138.49499464035034
"94-4736818",Hobbit,0,2,7808.23,3904.1150665283203
"51-1576731",Human,0,29,14677.069,506.10585837528623
"31-7627600",Northman,0,40,156032.56,3900.8142890453337
"11-7485876",Hobbit,0,63,16759.742,266.02761900235737
"36-5076297",Elf,0,122,32486.73,266.284590749009
"20-5824677",Elf,0,54,29243.072,541.5383278352243
"70-9801109",Elf,0,18,16492.54,916.252223862542
"25-9782669",Human,1,2,748.63,374.3150100708008
"91-7743180",Northman,1,55,4215.5596,76.64654485962608
"07-2537803",Northman,0,147,10444.35,71.04999955414104
"74-6615966",Human,0,1,116.04,116.04000091552734
"34-3944926",Human,0,36,64281.875,1785.607480208079
"19-3269928",Orc,0,7,1197.83,171.11857169015067
"62-6378143",Orc,0,2,598.91003,299.4550018310547
"83-0592545",Hobbit,0,87,56461.723,648.9852827554462
"98-5780107",Human,1,5,1220.2,244.04000244140624
"66-8496876",Demon,0,2,1534.7101,767.3550148010254
"98-9077364",Human,0,154,47189.348,306.42428566592855
"43-4322602",Orc,0,23,7007.26,304.66347968060035
"62-7034868",Demon,0,52,28926.084,556.2707721911944
"48-5616177",Hobbit,1,18,6745.99,374.7772201432122
"26-4150473",Human,0,29,33576.484,1157.8096568666656
"65-7994477",Angel,0,38,31397.861,826.2594704878958
"09-3208848",Angel,1,21,42331.54,2015.7876044682093
"62-1894707",Human,0,56,14600.752,260.72767791577746
"71-7173916",Hobbit,0,115,105425.63,916.7446086240851
"72-7916690",Orc,1,152,409227.44,2692.285859760485
"44-3662131",Demon,0,10,4641.57,464.15700378417966
"67-1133143",Human,0,18,12112.989,672.9438874986437
"17-4820290",Demon,0,72,32957.41,457.74166482024725
"03-7150044",Hobbit,0,42,53991.895,1285.5209556761242
"62-1654279",Orc,1,9,3831.72,425.7466653452979
"18-2527367",Human,1,6,524.02997,87.33833312988281
"18-7978548",Northman,0,88,12601.031,143.19352243434298
"19-2242518",Hobbit,0,1,149.73,149.72999572753906
"91-9624450",Human,0,236,42230.56,178.9430930877136
"95-1181988",Hobbit,0,33,40778.363,1235.7078818696918
"72-7435821",Hobbit,0,74,71023.37,959.7752790579925
"66-4681258",Hobbit,0,1,11.9,11.899999618530273
"30-2902153",Human,0,110,49883.168,453.4832711761648
"69-8771588",Human,1,15,7048.4395,469.89599761962893
"81-2695946",Human,0,8,2298.63,287.328749358654
"02-8771890",Orc,0,88,46688.84,530.5548833283511
"03-7237297",Northman,0,79,7102.389,89.90367147439643
"56-3642741",Hobbit,1,5,1246.48,249.2959991455078
"39-5229406",Demon,0,14,17020.738,1215.7671378680639
"41-9547992",Northman,0,72,17061.145,236.96027618315486
"43-5145673",Northman,0,35,38476.29,1099.3225601196289
"61-8380948",Human,0,170,307299.72,1807.6464682803435
"30-0749970",Northman,0,2,3697.51,1848.7549657821655
"64-3428672",Human,1,190,186508.67,981.6248375854994
"28-8667308",Orc,0,3,375.89,125.29666392008464
"72-0025305",Human,0,4,17518.148,4379.5373611450195
"04-1323143",Northman,0,6,11804.54,1967.4233652750652
"39-5417207",Human,0,56,47571.895,849.4978516367929
"87-6915288",Elf,0,38,14109.69,371.3076302126834
"59-9517427",Orc,0,26,10344.149,397.8519178537222
"50-8694307",Human,0,45,5661.73,125.81622219350604
"49-9002659",Elf,0,16,2946.74,184.17124757170677
"20-5668085",Human,0,7,3663.8298,523.4042832510812
"34-2930678",Human,0,10,11301.46,1130.1459703683854
"22-7231849",Northman,0,27,16451.35,609.3092614279853
"00-5421994",Human,1,83,24326.73,293.09301394439603
"43-1653587",Northman,0,20,11753.641,587.6819945812225
"92-8558594",Northman,1,79,54751.523,693.0572101888778
"70-2721932",Northman,0,47,21569.914,458.9342669502218
"06-0508494",Northman,0,75,35940.453,479.2060047372182
"87-1501357",Hobbit,0,68,34504.062,507.4126452593242
"10-8165153",Hobbit,0,53,65428.227,1234.494708408865
"26-8026569",Hobbit,1,49,8074.069,164.77694055985432
"31-2056150",Human,0,19,5023.38,264.3884172941509
"14-2487112",Angel,0,6,801.7399,133.62333269913992
"17-1399193",Angel,1,84,33554.83,399.4622656277248
"42-0597300",Human,0,40,18859.525,471.48799179363994
"66-1185437",Human,0,14,5502.85,393.06071110282625
"82-8247900",Northman,0,23,6260.1304,272.179563574169
"51-0741492",Human,0,13,16200.98,1246.2292331915635
"19-3929169",Human,0,215,63162.96,293.7812539433324
"36-1902497",Northman,0,101,189415.9,1875.4055371992658
"38-3801196",Human,0,26,2964.72,114.02769154768724
"90-0470736",Northman,0,3,711.19995,237.06666056315103
"15-9109814",Human,1,21,6071.4595,289.1171401001158
"82-2837724",Hobbit,1,1,18.72,18.719999313354492
"31-8784259",Northman,0,9,1954.5599,217.17333348592123
"31-7517456",Human,0,20,4107.7,205.3850007891655
"49-3476713",Elf,0,5,1886.5701,377.31400299072266
"03-6119745",Human,0,34,20499.05,602.913233981413
"44-5482113",Orc,0,44,10331.22,234.80045413970947
"29-8550872",Demon,0,54,28524.34,528.2285213117246
"25-1185583",Northman,0,17,3672.81,216.04764614385718
"98-4773503",Human,0,36,15703.628,436.2119450569153
"43-4685441",Elf,0,15,146.53998,9.769333044687906
"45-5031499",Angel,1,3,98.41,32.8033332824707
"19-2399075",Angel,0,3,97.32,32.43999989827474
"01-8603287",Human,0,13,66622.85,5124.834588857798
"29-0125171",Orc,0,5,2189.76,437.95200695991514
"37-0395998",Human,1,2,1497.28,748.6400146484375
"87-7467097",Human,0,36,28874.998,802.0833219422234
"94-9720466",Elf,1,20,18170.59,908.5294891357422
"38-9621354",Orc,1,28,4477.6104,159.91464494873904
"16-0013406",Elf,0,31,12136.911,391.51322506320093
"89-9983729",Orc,0,46,68405.52,1487.0765067805414
"25-7624712",Angel,0,84,37659.5,448.3272608092853
"34-9985636",Hobbit,0,76,17287.395,227.4656576875009
"20-4359856",Human,0,55,7142.0103,129.85472722487017
"96-9525930",Northman,0,119,65265.883,548.4527706498859
"86-4767454",Hobbit,0,65,8114.0903,124.8321544793936
"17-9536713",Human,0,3,224.58,74.86000061035156
"68-2627486",Hobbit,0,2,262.03,131.01499938964844
"11-8417383",Orc,0,293,27771.512,94.78337807053185
"20-2240926",Elf,0,15,3346.4104,223.0939971923828
"79-3721146",Northman,1,124,15453.498,124.62500035378241
"47-9502871",Human,0,1,22.46,22.459999084472656
"37-6399363",Human,0,64,11687.032,182.6098408587277
"53-0453865",Northman,0,221,173467.9,784.9228024067382
"62-2365482",Hobbit,1,113,61724.746,546.2365511059761
"41-9503109",Human,0,45,17854.47,396.76600018607246
"44-0842756",Northman,0,49,7826.0596,159.71551050595482
"38-8563944",Hobbit,0,8,3144.28,393.0350044965744
"47-7672590",Human,0,81,23142.324,285.707653398867
"61-9840518",Northman,1,17,5884.29,346.13470156052534
"69-3470010",Human,0,38,25898.127,681.52947154798
"84-5297564",Human,0,24,6183.7393,257.65583356221515
"07-1480478",Angel,0,12,2058.73,171.56083583831787
"39-9693113",Orc,0,174,79819.664,458.7336724236094
"78-8710517",Hobbit,0,34,16657.424,489.92411787369673
"67-5713907",Human,0,66,132725.33,2010.9899948438008
"20-5187508",Angel,1,156,46508.703,298.1325629917093
"48-2795536",Orc,0,104,90712.79,872.2384579915267
"22-6132513",Northman,0,331,372723.7,1126.0539235519498
"49-2682642",Hobbit,1,16,5153.51,322.0943675637245
"58-4975616",Orc,0,24,14557.28,606.5533292790254
"63-3724222",Human,0,1,7.49,7.489999771118164
"03-1881282",Demon,0,23,13423.09,583.6126045558764
"83-3740016",Human,1,11,497.83997,45.25818139856512
"34-6812847",Northman,0,11,101994.81,9272.254438920454
"91-1876433",Elf,0,50,19584.176,391.68340017318724
"62-2547364",Elf,0,33,6013.531,182.2281789418423
"46-6953657",Human,0,44,42111.043,957.0688689908183
"52-0685986",Orc,0,37,21989.031,594.2981124117567
"26-1393197",Human,0,60,83498.17,1391.635987965266
"38-9015328",Human,1,75,13428.571,179.04759788831075
"92-4092892",Orc,0,95,36729.83,386.62957807967535
"84-2697316",Hobbit,0,24,6399.749,266.65625059604645
"79-3163993",Human,0,16,125101.35,7818.834566473961
"42-7987077",Human,0,92,187165.67,2034.4101085066795
"78-2133946",Northman,0,8,6332.64,791.580002900213
"10-8625864",Elf,0,8,461.26,57.657499849796295
"36-1204933",Elf,0,188,137834.61,733.162821546514
"52-9516865",Demon,0,9,2601.5103,289.0566694471571
"66-6013269",Angel,0,33,24630.2,746.3696862423059
"63-6522780",Human,0,23,7380.729,320.9013025035029
"61-3348038",Elf,0,58,11981.992,206.58603257146376
"83-6518013",Hobbit,0,16,18641.129,1165.0706205368042
"04-0127689",Human,0,3,456.66998,152.22333081563315
"16-5264962",Orc,1,67,82051.94,1224.6558317212916
"64-4481561",Human,0,19,12890.908,678.4689604357669
"04-5174787",Northman,0,6,2710.0698,451.6783307393392
"77-1669346",Angel,0,51,4809.54,94.30470558241302
"99-9384950",Hobbit,0,99,56549.08,571.2026252746582
"54-7019704",Northman,0,48,17327.244,360.9841670791308
"28-9893611",Human,0,5,3159.2598,631.8519958496094
"13-0553264",Angel,0,46,9873.721,214.64608635591424
"60-5760372",Angel,0,37,9407.38,254.25351300110688
"89-2099464",Demon,1,84,78241.66,931.4479779061817
"78-8599692",Hobbit,0,7,13475.499,1925.0714460100446
"34-6144791",Hobbit,0,5,10286.3,2057.259973907471
"16-0362055",Orc,0,61,19173.514,314.3198386958388
"59-9351174",Demon,0,31,28868.217,931.2329012655442
"53-5087817",Orc,0,15,3387.6099,225.84066797892254
"90-1351978",Human,0,5,1422.4199,284.48399658203124
"66-2554953",Human,0,1,598.91,598.9099731445312
"97-1731964",Human,1,14222,1448282.5,101.83403589076599
"41-2156912",Hobbit,0,81,25536.088,315.2602459471903
"11-1687818",Northman,0,1,74.86,74.86000061035156
"70-5568371",Human,1,62,15227.332,245.60209806888335
"70-0733929",Northman,0,126,36775.004,291.86508096778203
"83-9042465",Northman,1,15,73000.43,4866.6953629811605
"25-5011613",Human,0,16,6504.0693,406.50437927246094
"33-4359970",Elf,0,155,70528.016,455.0194812067093
"36-2452107",Human,0,118,16324.773,138.34550835520534
"43-0130481",Human,0,89,11311.829,127.09921316350444
"94-7530664",Angel,1,21,5092.2197,242.48666472662063
"04-3438253",Human,1,1,3.74,3.740000009536743
"23-3266142",Northman,0,1,748.64,748.6400146484375
"84-7596722",Human,0,58,212366.55,3661.4934885748503
"06-8739365",Angel,0,17,2953.3896,173.72882080078125
"09-3456560",Elf,1,1,44.92,44.91999816894531
"16-8589313",Orc,0,53,16398.902,309.41320745450145
"05-7962874",Hobbit,0,183,71472.49,390.5599446459546
"12-2415423",Hobbit,0,12,3767.9,313.9916656812032
"23-8070760",Human,1,24,7030.4893,292.93708451588947
"52-4962968",Hobbit,1,8,1317.61,164.7012518644333
"80-7251734",Human,0,402,44893.574,111.67549706572918
"68-2447515",Hobbit,0,32,17765.209,555.1628065109253
"64-8456705",Orc,0,38,37840.723,995.80867463664
"27-6599548",Human,0,1,112.3,112.30000305175781
"53-3809254",Hobbit,0,276,461581.9,1672.3985929912415
"61-5211577",Human,0,86,18644.234,216.79337168848792
"68-0169796",Human,0,12,3035.7197,252.9766688545545
"85-5467999",Human,0,19,7755.89,408.20473962081104
"58-4036440",Angel,0,17,5309.91,312.34764570348403
"54-6393851",Elf,0,74,22551.41,304.74864863060617
"05-3723812",Hobbit,0,162,28782.111,177.66734567542136
"11-3997856",Orc,1,2,336.88998,168.44499588012695
"72-5741367",Human,1,33,7007.2993,212.34242317893288
"65-8618542",Human,0,18,4196.84,233.1577730178833
"49-2490001",Human,0,46,11880.901,258.28043216207755
"05-1678698",Northman,0,13,8050.6704,619.2822984548716
"12-9961980",Hobbit,0,50,9547.499,190.95000001907349
"43-3592188",Orc,0,2,145.99,72.9950008392334
"41-5851266",Human,0,44,12269.952,278.86250042915344
"50-6040172",Orc,0,18,8895.33,494.184997982449
"52-5681673",Human,0,31,3677.6208,118.63290389891594
"48-9654413",Human,0,31,3791.0903,122.29322409629822
"45-6504397",Angel,0,49,36660.4,748.1712224142892
"56-4104601",Northman,0,43,30576.84,711.0893040146939
"03-7622489",Hobbit,1,9,2298.31,255.3677741156684
"00-6163624",Hobbit,1,45,21601.23,480.0273283693526
"50-1033468",Human,0,31,55260.703,1782.6032074959048
"76-1591507",Orc,0,80,81973.72,1024.6712411880494
"69-8808057",Demon,0,40,15829.972,395.7492474794388
"40-1210649",Human,0,6,1983.9001,330.6500015258789
"82-1753257",Hobbit,0,137,24770.104,180.80364953432857
"02-4466418",Demon,0,6,35224.95,5870.825012207031
"16-5025865",Demon,0,39,7361.7896,188.76384533368625
"47-6640710",Elf,0,5,860.94006,172.18799743652343
"73-2944397",Human,1,29,5240.4595,180.705514710525
"34-0043461",Orc,0,10,1396.21,139.62100048065184
"21-1765313",Elf,0,50,10859.2,217.18399967432023
"22-1915211",Human,0,49,20084.096,409.8793866220786
"43-6258913",Hobbit,0,143,48544.63,339.4727979473301
"59-8347352",Human,0,14,22945.766,1638.9835679190498
"08-8679484",Elf,0,3,1116.6699,372.2233308156331
"33-6271862",Hobbit,0,2,3844.26,1922.129970550537
"60-1314070",Human,0,109,64578.766,592.4655922399749
"05-3381569",Elf,0,1,141.72,141.72000122070312
"16-0240977",Hobbit,0,25,18835.734,753.4291822052002
"75-7882618",Hobbit,0,48,8875.739,184.91125057637691
"54-9752287",Angel,0,45,10489.701,233.1044410334693
"95-2551795",Human,0,35,10668.289,304.80828001839774
"09-5335174",Human,0,85,26512.115,311.9071756797678
"64-3041499",Human,0,91,27317.986,300.1975835818838
"70-4359929",Northman,1,91,26501.861,291.22923132089466
"94-1220426",Human,1,43,9631.5205,223.98883612523244
"47-8339535",Northman,0,52,32225.785,619.7267263921408
"36-1737152",Orc,0,9,3574.3403,397.1488942205906
"54-9900822",Human,1,37,29745.701,803.9378305383631
"18-1128555",Human,0,66,78841.266,1194.5643931627274
"24-1479306",Hobbit,0,9,21336.21,2370.689978705512
"51-7650017",Northman,0,35,13502.44,385.78399788992743
"07-0828662",Human,0,58,6677.8105,115.13465463704077
"13-9998986",Orc,0,79,25865.521,327.4115191109573
"66-5711916",Angel,1,4,905.11,226.27749633789062
"91-2190552",Human,0,179,311023.5,1737.5614468451986
"73-5007976",Orc,1,23,24368.21,1059.4873842985733
"41-6375143",Orc,1,92,150874.77,1639.9433617825093
"82-7701732",Human,0,14,19752.09,1410.8635886056084
"09-7927407",Hobbit,1,186,28818.648,154.93897807950614
"04-6380002",Human,0,22,5042.46,229.20272480357778
"42-8782496",Human,0,17506,1485687.5,84.86580015310615
"80-2421763",Angel,0,6,5861.8394,976.973331451416
"44-0858897",Hobbit,0,11,12120.45,1101.859096180309
"86-3375588",Orc,0,133,141917.25,1067.0469975705237
"39-0343501",Orc,0,13,2215.97,170.45923115656927
"80-4378022",Orc,0,25,6528.19,261.127598259747
"21-5401699",Angel,0,73,81433.21,1115.5232789189847
"23-2168435",Northman,0,44,8654.25,196.68750022758138
"17-0431771",Human,0,10,1916.5901,191.65900325775146
"72-1814353",Elf,0,17,3466.18,203.89294141881606
"43-9242302",Orc,0,2,1985.38,992.6900024414062
"21-7466524",Orc,0,46,44171.65,960.253264406453
"09-4439064",Hobbit,0,46,104498.17,2271.699349221976
"71-1523076",Human,0,85,124573.77,1465.5737577592624
"68-0135492",Orc,0,7,6992.2705,998.8957421439035
"21-7933657",Human,0,345,632829.7,1834.2891040338986
"70-4803002",Angel,0,30,7864.458,262.1486681938171
"09-1326309",Demon,0,99,85052.55,859.1164739396837
"10-0790135",Orc,0,54,74804.84,1385.2746535230565
"76-7057783",Human,0,41,60344.066,1471.8061048926377
"79-7869036",Northman,0,21,5015.88,238.8514282589867
"02-4870534",Hobbit,0,2,67.380005,33.69000053405762
"07-4803037",Northman,0,97,37611.656,387.74896596141696
"46-2258173",Angel,0,15,3821.8896,254.79266204833985
"98-5256148",Northman,1,53,8673.011,163.64169947606212
"23-5668383",Orc,0,5,271.44003,54.2879997253418
"05-6775716",Human,1,28,9200.0205,328.5721409661429
"67-6113646",Northman,0,15,2879.9307,191.99533449808757
"21-1797453",Orc,0,31,31375.475,1012.1119240176293
"26-3608629",Hobbit,0,50,14367.919,287.35839654922484
"48-7733498",Elf,0,89,26088.059,293.124270514156
"24-3070608",Elf,0,12,3312.7202,276.060001373291
"68-5780010",Hobbit,0,44,5467.6704,124.26522673801942
"79-9899698",Orc,0,14,30000.133,2142.866408756801
"16-4898062",Demon,0,101,28622.322,283.38930640834394
"57-5713468",Human,0,16,3821.7903,238.86187553405762
"62-9186301",Human,0,99,45568.547,460.2882872302123
"44-4970168",Hobbit,0,1,374.32,374.32000732421875
"17-4082357",Human,1,7,748.63995,106.94857025146484
"75-4810267",Elf,0,62,25568.271,412.3914435063639
"81-0189244",Human,0,37,19802.883,535.2129728826317
"80-1337233",Northman,0,19,8381.0,441.10526150151304
"21-3424111",Northman,0,85,37869.453,445.5229398678331
"38-5261465",Orc,0,6,3148.02,524.6699921687444
"18-2306123",Hobbit,0,12,2455.53,204.62750148773193
"13-2105791",Orc,0,24,2576.2205,107.34249952435493
"08-3277125",Northman,0,42,7471.3687,177.88976124354772
"74-9873008",Northman,0,60,13053.592,217.55983342789114
"44-4736910",Angel,0,50,5186.9805,103.73959922790527
"24-6449922",Human,0,67,14624.94,218.28268611964896
"54-8037077",Human,0,11,2410.6099,219.14636438543147
"19-2430312",Human,0,5,2510.2998,502.0599868774414
"09-3861956",Human,0,53,50206.312,947.2888560025198
"53-1917233",Orc,0,11,22758.613,2068.9645448164506
"06-6966756",Orc,0,4,6977.31,1744.327470779419
"85-0104007",Hobbit,1,48,38322.223,798.3795704220732
"54-1704283",Hobbit,0,14,978.08,69.86285795484271
"33-9876470",Orc,0,92,35883.15,390.0342320229696
"25-4780205",Elf,1,1,13.77,13.770000457763672
"04-2591163",Hobbit,0,46,21261.867,462.21456738140273
"04-6009178",Orc,1,2,149.72,74.86000061035156
"33-4012373",Human,1,17,4762.34,280.1376543606029
"63-4104331",Human,0,196,205709.95,1049.54077064991
"82-7974776",Human,1,2,1122.96,561.4800109863281
"55-3802752",Human,0,2,299.45,149.7249984741211
"28-7550580",Human,1,70,26394.984,377.07114196015254
"67-0622457",Human,1,133,45019.39,338.4915782567814
"95-3022362",Hobbit,0,171,40610.785,237.49005922317855
"93-7030564",Human,0,1,299.46,299.4599914550781
"46-9593494",Human,1,33,15402.639,466.7466613135555
"25-8256749",Human,0,108,110148.414,1019.8925949401325
"28-1026662",Angel,0,201,178925.4,890.1767149517192
"96-3969905",Orc,0,12,1077.95,89.82916688919067
"37-5224217",Northman,0,92,20514.906,222.98815081171367
"55-8663813",Hobbit,1,225,481018.1,2137.8593263816833
"95-0218649",Elf,0,31,3694.1602,119.16645011594218
"32-9252572",Orc,0,62,42383.082,683.5978971142923
"89-3074794",Human,0,76,8522.672,112.14039361094565
"85-0224647",Orc,0,82,467450.97,5700.622415932214
"81-6470977",Orc,0,68,44030.7,647.510148434078
"61-8241230",Human,0,31,11417.903,368.3193581565734
"99-4066635",Angel,0,24,8197.62,341.56749936938286
"27-0489324",Demon,0,16,11762.641,735.164998292923
"63-5782589",Human,0,47,88530.43,1883.6261772196344
"32-3495365",Elf,1,16,8690.21,543.1381157636642
"78-3319633",Orc,0,65,39559.02,608.6001496938559
"45-8085486",Human,0,187,5492.0913,29.369465224932938
"97-8286928",Northman,0,30,45708.035,1523.6009978612265
"99-7945668",Hobbit,0,17,4162.44,244.84941190831802
"02-6692940",Human,0,20,7606.171,380.3084927082062
"03-8363408",Demon,0,2,598.91003,299.4550018310547
"81-2336620",Hobbit,0,4,411.75998,102.93999862670898
"34-7825125",Northman,0,2,422.24,211.1199951171875
"70-1149292",Hobbit,0,51,54987.52,1078.1864744448194
"30-9997207",Hobbit,0,16,2956.3403,184.7712528705597
"29-1837471",Orc,0,46,16687.191,362.7649970883908
"73-8506743",Orc,0,28,35249.13,1258.8974853071518
"38-6305193",Hobbit,1,9,8684.21,964.9122178819445
"42-1665496",Hobbit,0,193,245619.94,1272.6420586838005
"49-9809627",Human,0,31,4430.9897,142.93515989857335
"28-0815359",Human,0,24,330980.44,13790.850984907398
"28-5017641",Human,0,57,13149.832,230.69876905073198
"40-5238293",Human,0,41,62287.95,1519.218056283346
"84-8555015",Northman,1,62,6096.17,98.32532235595488
"95-2471434",Orc,0,15,11170.89,744.7259936014812
"21-5516445",Elf,1,153,53941.895,352.5613723788776
"06-7630991",Human,0,34,10675.581,313.98764545777266
"81-1667980",Orc,0,2,2410.6199,1205.309959411621
"64-3998096",Elf,0,77,89011.88,1155.9984411635955
"70-7876121",Human,1,11,12981.39,1180.1263427734375
"12-2433327",Human,0,62,9211.988,148.5804828520744
"00-6565696",Human,1,85,5457.112,64.20129387799432
"00-2950779",Human,0,3,689.06006,229.68667284647623
"64-7445076",Northman,0,17,5334.0596,313.768232457778
"86-8202962",Human,0,1,4912.93,4912.93017578125
"87-5703255",Northman,0,15,3526.08,235.0719991048177
"20-7330220",Orc,0,262,142398.66,543.5064858266416
"99-8535061",Human,0,25,3620.8599,144.83439865112305
"94-4661795",Northman,0,40,2781.8997,69.54750027656556
"67-2250795",Orc,0,156,66340.664,425.2605717522689
"18-5809383",Orc,0,529,34163.0,64.58041590836694
"60-9824390",Human,0,51,24072.5,472.0098005182603
"55-0880948",Orc,1,21,9350.501,445.2619065784273
"01-7876988",Human,0,22,3673.5803,166.98090892488307
"88-0427081",Human,0,4,2051.28,512.8199882507324
"76-5822096",Human,0,132,87404.16,662.152577835502
"21-3338742",Human,0,119,20489.357,172.1794108402829
"89-9839350",Hobbit,0,34,23106.762,679.6105923933142
"53-0899439",Northman,0,19,4096.5,215.60526221676878
"82-3928591",Hobbit,1,2,823.5,411.75000762939453
"73-6281401",Northman,0,80,58644.9,733.0611210078001
"31-9228082",Elf,1,147,211041.22,1435.6549009564428
"42-3818802",Orc,1,41,21022.348,512.7402328863377
"96-5754739",Angel,1,126,76515.555,607.266268329961
"27-5840933",Hobbit,1,8,2658.55,332.318748742342
"99-7200946",Northman,0,119,81195.62,682.3159609011242
"10-6272603",Hobbit,0,44,19323.094,439.1611352942207
"76-0984344",Human,0,10,1886.57,188.656999874115
"44-7518296",Elf,0,18,8540.19,474.4549975925022
"82-1598091",Hobbit,0,34,23353.605,686.8705879660214
"74-8117664",Angel,0,35,70670.79,2019.1651535579138
"42-7499649",Human,0,34,6322.079,185.94352762839372
"50-8704306",Northman,0,3,74.869995,24.956666310628254
"99-8931368",Orc,1,43,4070.2898,94.65790658773378
"71-5438114",Orc,0,120,97756.68,814.6389139320702
"42-9872675",Orc,0,5,4303.93,860.7860168457031
"20-8137049",Elf,0,111,16087.603,144.93324170160938
"11-8794158",Hobbit,1,2,7.56,3.7799998857080936
"07-4723395",Orc,0,43,27683.703,643.8069701582887
"02-1202510",Orc,0,24,13634.27,568.094587067763
"51-5853871",Orc,0,147,33572.18,228.38210978475558
"36-9900687",Human,0,2,123.53,61.76500129699707
"30-9584425",Human,0,36,31275.54,868.7647211021847
"98-6310927",Elf,0,192,82749.79,430.9883844759315
"20-5996860",Northman,0,70,16978.803,242.5542887857982
"40-9464964",Demon,0,22,5975.63,271.61954554644495
"18-3222065",Northman,0,6,41414.69,6902.448186079661
"87-0881518",Northman,0,107,88019.555,822.6127050569124
"23-0747602",Human,1,157,15831.099,100.83496725483305
"93-5984193",Human,0,1,11623.08,11623.080078125
"59-5533401",Hobbit,0,41,18682.264,455.6648835903261
"51-4770360",Human,0,35,3327.3503,95.06714227880751
"43-8016771",Northman,0,84,33009.27,392.9673781622024
"84-3259397",Orc,0,23,1268.9799,55.17304343762605
"15-9772260",Orc,0,177,109017.08,615.9157630413939
"47-5430483",Orc,0,181,517793.25,2860.7364132549224
"71-2675996",Angel,0,17,1160.39,68.25823566492866
"34-6317476",Hobbit,0,41,1625.9197,39.65658525141274
"45-0438434",Northman,1,96,12331.35,128.45156164218983
"13-1443890",Northman,0,33,4405.6396,133.5042422323516
"43-4713551",Human,0,121,33031.438,272.9871061143796
"36-4902974",Orc,0,20,11425.7295,571.2864974975586
"62-3738313",Human,0,5,5111.33,1022.2660034179687
"64-5733965",Human,0,33,3818.0005,115.69696861324888
"81-5974939",Northman,0,323,277616.16,859.4930618038119
"95-0976095",Northman,0,16,6326.0093,395.37563037872314
"32-9304452",Angel,0,15,1175.3298,78.35533339182535
"48-4156718",Human,0,11,2418.0903,219.82636607776988
"70-2214809",Orc,0,11,4016.4604,365.13273204456675
"89-3263262",Human,0,85,145542.69,1712.2669431237614
"62-7963095",Hobbit,0,36,17810.14,494.72611390219794
"62-7709696",Hobbit,1,4,1018.15,254.53750228881836
"40-4462134",Orc,0,88,46399.605,527.2681783925403
"73-9761561",Human,0,47,25461.18,541.7272351650481
"47-5604121",Elf,1,18,1519.7299,84.42944607469771
"56-2989770",Orc,0,22,7585.9707,344.81681936437434
"36-8797972",Elf,0,23,10950.149,476.0934706563535
"52-4239735",Hobbit,0,69,50855.035,737.0294291178385
"91-9926665",Human,0,31,15667.954,505.41774405202557
"29-1362835",Human,0,27,16873.867,624.9581482498734
"91-8213016",Demon,1,103,8471.21,82.24475589770715
"05-7648353",Human,0,11,2537.89,230.71726920387962
"56-5576373",Northman,0,50,27499.203,549.9840030670166
"90-0026614",Orc,1,81,96630.75,1192.9722195054278
"95-3240349",Angel,1,12,936.54,78.04500102996826
"37-0902432",Orc,0,15,1905.6699,127.0446662902832
"73-5826354",Angel,0,25,84635.086,3385.4036008548737
"75-2306324",Northman,0,2,268.05,134.02499771118164
"38-6254462",Human,0,59,73245.41,1241.4476269220902
"09-4154833",Northman,0,63,61343.344,973.7036504499496
"99-6408979",Northman,0,61,31498.773,516.3732674903557
"13-0915657",Northman,1,108,42020.523,389.07879508438486
"47-5480943",Human,0,89,55789.777,626.851235839758
"83-2452439",Human,0,7,6588.01,941.1442751203265
"50-7988197",Hobbit,0,26,48770.08,1875.7719318316533
"41-3061017",Human,1,144,109696.96,761.7846525427368
"41-3666888",Human,0,36,8398.26,233.28499846988254
"79-4677688",Northman,0,299,106633.91,356.6351487030552
"64-7023302",Elf,0,51,40404.047,792.2360760931875
"97-2302176",Human,0,31,39571.81,1276.5096740722656
"72-0400588",Orc,0,178,115045.01,646.3200565221605
"29-9846432",Hobbit,0,5,8749.64,1749.9279953002929
"17-9765675",Elf,1,7,1828.2999,261.1857125418527
"56-4603530",Angel,0,22,22300.16,1013.6436334089799
"85-9887723",Northman,1,154,212789.16,1381.748375496307
"65-9385468",Human,1,23,4087.5698,177.72043493519658
"40-1351176",Orc,0,1,0.07,0.07000000029802322
"43-5569909",Angel,1,20,35597.684,1779.8840209960938
"53-4028486",Northman,0,29,9283.601,320.12413666988243
"77-7689635",Angel,0,150,212229.44,1414.8626642056306
"97-0001625",Elf,0,18,30120.543,1673.3633268674214
"55-3796605",Northman,0,11,1167.87,106.16999955610795
"16-7892916",Human,0,1,89.84,89.83999633789062
"87-6153690",Demon,1,73,11778.263,161.34602661655373
"98-3837471",Human,1,10,1715.6399,171.56400134563447
"52-5426248",Hobbit,0,17,3050.73,179.45470170413748
"91-7186967",Orc,0,22,5700.88,259.13091228225016
"46-3532739",Human,0,159,480354.44,3021.0981790794517
"84-4054181",Hobbit,0,14,3271.56,233.6828558785575
"17-3160550",Angel,0,8,7165.82,895.7275013923645
"13-6525901",Human,0,19,2134.08,112.31999919289036
"90-7696765",Human,0,85,79423.13,934.3896385866053
"27-4712053",Human,0,74,60860.723,822.4420242341789
"07-4394605",Orc,1,7,1485.3,212.18571840013777
"23-4769113",Northman,0,63,18783.965,298.15809643457806
"99-6246944",Human,0,4,24386.9,6096.724941790104
"75-9999048",Human,0,24,8862.75,369.28124737739563
"97-2507389",Hobbit,0,8,1272.7499,159.0937481308356
"89-2874950",Human,0,4,1048.0901,262.0225028991699
"91-6929520",Hobbit,1,3,8459.619,2819.873260498047
"68-1496744",Hobbit,0,18,1867.8,103.76666683620877
"41-5956187",Orc,0,88,39371.504,447.40340475602585
"81-2330384",Elf,0,21,6736.6797,320.79428164164227
"15-0334430",Human,0,182,221250.92,1215.6649884339217
"67-4134459",Human,1,950,105541.195,111.09606311837702
"73-5132836",Orc,0,42,21034.91,500.831189706212
"75-3505109",Hobbit,0,20,16425.42,821.27099609375
"34-5837044",Angel,0,21,8092.7793,385.3704754057385
"02-3131184",Northman,0,39,10413.518,267.0133309486585
"19-7699248",Elf,0,90,29942.719,332.69677833980984
"43-9205975",Demon,0,64,63429.133,991.0800064653158
"10-8869040",Orc,0,19,15983.428,841.2331725672672
"16-0882888",Hobbit,0,10,12980.84,1298.0839973151683
"63-6423187",Orc,0,27,41075.547,1521.3166639539932
"70-6476775",Demon,0,7,677.51,96.78714333261762
"72-5851562",Orc,0,66,40651.688,615.9346982782537
"32-2096393",Elf,0,1,17.56,17.559999465942383
"73-4365781",Demon,0,39,17187.244,440.69845913618036
"74-4650766",Human,1,14,8998.649,642.7607181412833
"08-5036663",Human,0,18,1344.8999,74.71666638056438
"62-8883531",Northman,0,52,12794.311,246.04442049577258
"58-8578919",Angel,1,162,57905.027,357.4382703628069
"82-0187635",Human,0,56,12739.104,227.48393034934998
"88-5396747",Hobbit,0,38,13154.473,346.1702568405553
"63-6117749",Human,0,83,62229.164,749.7489145031894
"04-7558066",Elf,0,4679,680151.5,145.36235505885273
"68-2832920",Human,0,69,30967.451,448.80362190370977
"17-4901852",Human,1,78,50766.133,650.8476936771319
"72-4968370",Angel,0,74,47890.44,647.1679685180252
"74-2748612",Elf,0,17,17139.57,1008.2099986917832
"92-8622969",Human,0,3,449.72003,149.9066696961721
"13-9725683",Orc,1,1,598.91,598.9099731445312
"58-1068708",Orc,0,2,86.09,43.045000076293945
"72-0836230",Northman,0,116,209268.67,1804.0402610055332
"74-3849424",Human,0,19,23443.473,1233.8668132581208
"30-5855698",Human,0,28,46759.977,1669.9989497320992
"46-1431261",Orc,0,19,2067.74,108.82841983594392
"93-7737838",Human,0,20,7028.311,351.4154997825623
"49-3269988",Human,0,26,30154.652,1159.7942483058343
"72-3611529",Human,0,21,12831.652,611.0309491838727
"28-4359929",Human,0,14,1584.11,113.15071538516453
"37-4691175",Hobbit,0,46,51011.25,1108.9399996218474
"67-3326212",Northman,0,322,6318.9976,19.62416137116296
"81-8378958",Hobbit,0,175,69071.26,394.6928018464361
"50-1957354",Northman,0,70,51081.7,729.7384360688073
"62-6695618",Northman,0,1,96.57,96.56999969482422
"06-7797986",Orc,0,42,16591.54,395.0366653714861
"93-4585677",Human,0,7,2695.0999,385.01427786690846
"05-6954676",Human,0,2,573.83,286.91500091552734
"82-3737357",Orc,0,61,25312.695,414.962125059034
"67-8645020",Hobbit,0,44,9208.262,209.2786343314431
"76-8561216",Human,0,7,1635.76,233.6800000326974
"04-8679451",Northman,0,2,2620.24,1310.1199951171875
"25-0443169",Human,1,7,2455.54,350.79141780308316
"90-5576550",Human,0,46,65196.797,1417.321508165449
"26-5760827",Hobbit,1,49,26573.992,542.3263236746496
"48-6980175",Northman,0,82,33540.574,409.03109324850686
"59-1089653",Hobbit,1,30,7643.639,254.78799387613932
"25-5107369",Orc,1,1,59.89,59.88999938964844
"24-2259766",Demon,0,32,10357.41,323.66906782984734
"18-7088098",Orc,0,4,1676.95,419.23749923706055
"10-0993929",Human,0,128,90137.92,704.2024155035615
"36-4243214",Elf,0,96,35435.652,369.1213550493121
"70-6798715",Orc,1,48,34583.34,720.4862494071325
"05-1293304",Hobbit,0,22,7173.9204,326.08726952292704
"07-7245490",Northman,0,35,25157.586,718.7880029405866
"48-4545607",Human,0,42,14763.944,351.522375810714
"32-0916135",Elf,1,32,48764.39,1523.8871834650636
"38-3140916",Elf,0,15,2219.6997,147.97999801635743
"90-5486855",Elf,1,92,7365.4214,80.05891346745193
"47-5004774",Human,0,14,2656.3198,189.7371403830392
"16-7878856",Northman,0,19,10606.269,558.224736464651
"01-3920526",Northman,0,51,66259.03,1299.1966765815137
"01-4659570",Angel,0,18,7310.4404,406.13555314805774
"82-7637667",Orc,0,5,652.95996,130.5919994354248
"86-6838049",Angel,0,104,20336.805,195.54615325194138
"15-2701024",Elf,0,20,4798.7905,239.9394973754883
"26-7669020",Human,0,174,22406.277,128.77166670903392
"85-2012273",Human,0,167,19972.365,119.5949089739494
"35-2797642",Human,0,142,222030.67,1563.596336687115
"74-2256467",Human,1,21,2401.64,114.36380831400554
"24-4043147",Human,0,28,22038.742,787.0978567940848
"04-5732717",Hobbit,0,170,431365.5,2537.4443412906985
"17-5342636",Northman,1,8,5054.05,631.7562313079834
"48-5113026",Demon,1,35,24211.0,691.7428567068918
"25-7824400",Northman,0,30,8202.48,273.4159988721212
"98-0241564",Hobbit,0,13,8246.27,634.3284518902118
"43-0517358",Northman,0,81,10537.6,130.09382813065142
"09-4578377",Orc,0,47,12919.222,274.87701944087416
"86-2172356",Human,0,85,21489.682,252.81976516667535
"49-1713123",Orc,0,5,1010.66,202.1320022583008
"06-3717838",Northman,1,55,3283.5288,59.70054477778348
"88-7082308",Northman,0,15,2519.16,167.94399820963542
"72-5803394",Human,1,120,164262.36,1368.8529972076417
"05-2731946",Human,0,43,8241.141,191.65441916709722
"94-0800525",Elf,0,39,42673.473,1094.191539984483
"99-3160755",Demon,0,4,844.06,211.01499992609024
"10-9343325",Human,0,1,7.49,7.489999771118164
"05-2083359",Angel,0,5,7935.5703,1587.11396484375
"59-7279448",Human,0,84,40628.82,483.67631091958003
"29-1304448",Hobbit,1,4,1328.01,332.0025005340576
"90-5379169",Orc,0,25,1508.5,60.33999965667724
"17-5722206",Demon,0,8,2732.53,341.5662546157837
"20-8610435",Northman,0,27,6734.0093,249.4077767972593
"93-6175511",Northman,0,61,145534.42,2385.810431730552
"02-2835404",Human,0,21,11444.881,544.9942887624105
"28-1849616",Northman,0,63,18376.674,291.69317032798887
"35-4355406",Orc,0,49,20654.137,421.512852007029
"24-6464015",Elf,0,1,524.05,524.0499877929688
"25-1998896",Elf,0,41,8305.472,202.5724399206115
"56-1713023",Demon,0,40,4659.5215,116.48799856305122
"01-5930949",Human,0,24,10900.188,454.1745879650116
"05-6621254",Human,0,39,11150.231,285.90333444644244
"41-4362315",Human,0,6,329.41,54.90166616439819
"51-7517909",Northman,0,191,94030.55,492.30643763342454
"99-9960380",Hobbit,1,23,12154.16,528.4417306651239
"68-6604670",Human,0,96,146975.83,1530.9986370193462
"93-1801295",Human,0,442,333387.53,754.2702474337476
"50-1586015",Orc,0,3,61.75,20.583333536982536
"49-0802039",Northman,1,68,5897.48,86.72764599673889
"36-8616732",Human,0,19,9842.94,518.0494644767359
"65-1950502",Northman,0,13,3129.2903,240.71462073692908
"67-0695212",Northman,0,19,3843.1401,202.27052613308555
"08-9668789",Human,0,32,21843.8,682.6187526881695
"01-5332751",Northman,0,78,55715.676,714.3034658432007
"01-4227090",Hobbit,0,43,9815.182,228.26000016234642
"24-8399695",Demon,0,29,3447.4502,118.87758657027935
"37-5938126",Demon,0,1659,175966.39,106.06783000078454
"98-8981964",Human,0,87,118964.914,1367.41275734737
"07-8244857",Elf,1,148,95903.57,647.9973026475793
"82-5936476",Angel,0,24,3956.5603,164.85666497548422
"65-4997530",Elf,1,26,16664.68,640.9492361362164
"27-3726141",Hobbit,0,87,41792.297,480.37114968793145
"68-1435644",Hobbit,0,33,2874.74,87.11333232214956
"89-4725074",Demon,0,2,56.140003,28.070000767707825
"45-7519944",Elf,0,31,2318.5203,74.79096794128418
"97-0109189",Orc,1,2,3892.92,1946.4599685668945
"88-8405940",Human,0,131,47691.75,364.05907855143073
"54-9276295",Hobbit,0,48,9974.939,207.8112498174111
"95-5257733",Hobbit,0,5,988.2,197.64000396728517
"86-1285449",Northman,0,21,5713.4805,272.07047516959057
"75-6644749",Human,0,41,5971.521,145.64682958638522
"81-1476245",Hobbit,1,35,10419.19,297.6911427361625
"39-5839696",Northman,0,21,5398.159,257.05523690723237
"44-2385802",Human,0,32,17919.717,559.9912457838655
"98-5910767",Orc,1,65,15806.253,243.17307639488808
"08-1186203",Angel,1,146,25357.967,173.68465649658074
"11-3789601",Northman,0,1,3.74,3.740000009536743
"50-4697802",Demon,0,46,17680.666,384.36217453168786
"04-1374177",Orc,0,1,7.49,7.489999771118164
"94-4126174",Human,0,21,6546.1104,311.71952130680995
"82-0614069",Human,0,23,15781.311,686.1439170422761
"24-1133859",Orc,0,41,10840.292,264.39731790961287
"42-6257453",Angel,1,114,38352.016,336.4213181585727
"87-4920208",Angel,0,93,35109.81,377.5248397601548
"31-3572685",Demon,1,151,62286.383,412.49251681447817
"55-8022916",Human,0,19,18521.33,974.8068490279348
"22-8771829",Northman,0,103,141511.94,1373.9025210315742
"63-2645070",Orc,1,77,61591.703,799.8920726899977
"12-2504102",Orc,0,36,21641.049,601.1402782334221
"31-8206907",Elf,0,11,11687.22,1062.4745464324951
"23-9558992",Demon,0,85,85872.59,1010.2657599477207
"86-6724791",Northman,0,114,9183.523,80.55719326671802
"46-7951407",Elf,0,110,113613.164,1032.8469965241172
"90-2901952",Hobbit,0,5,849.69995,169.93999938964845
"18-3519226",Human,0,11,3052.18,277.47091033241963
"05-2194477",Northman,1,2,209.62,104.80999755859375
"46-8589887",Elf,0,9,22728.68,2525.4088933732774
"78-5075676",Elf,0,22,5023.3403,228.3336375843395
"66-7356235",Northman,0,62,29945.37,482.9898380848669
"36-0846971",Demon,0,59,36630.01,620.847797280651
"74-4820186",Hobbit,0,41,15510.632,378.3080498299948
"52-4951245",Hobbit,0,23,11258.762,489.5113072602645
"06-6288474",Northman,0,10,5772.01,577.201001739502
"36-7653782",Elf,0,2,449.18,224.59000396728516
"34-4226066",Elf,0,184,20669.068,112.33190246120743
"07-2154982",Demon,0,101,16859.324,166.92396020889282
"22-6342724",Hobbit,0,19,8452.18,444.8515745464124
"33-4524506",Human,0,11,41385.027,3762.2754277316008
"11-2774971",Northman,0,93,27126.926,291.68731287474276
"79-3596094",Northman,1,106,97458.516,919.4199056046892
"22-6971728",Orc,1,2,21.26,10.630000114440918
"46-5379622",Demon,0,61,38127.523,625.0414747644643
"39-4965647",Human,1,2,636.35,318.1749954223633
"65-0892922",Human,0,62,22645.469,365.2495140721721
"26-9690769",Northman,1,30,19077.209,635.906999874115
"52-3964099",Human,0,10,7209.4004,720.9400032043457
"02-2486666",Hobbit,0,1,224.59,224.58999633789062
"47-8151151",Human,0,23,47860.414,2080.887752989064
"49-5619158",Northman,0,149,488844.75,3280.8396798716294
"94-0172490",Orc,0,29,9155.999,315.7241343794198
"69-5094463",Human,1,83,57231.266,689.5332545806845
"75-1336890",Demon,0,44,20608.44,468.37363503196025
"43-0403953",Hobbit,0,38,9986.852,262.8118408353705
"44-9941388",Orc,0,18,157304.31,8739.12894015842
"29-7486380",Human,0,50,23196.092,463.92179931640624
"12-3361563",Elf,0,6,21351.191,3558.5317103068032
"08-6698750",Human,0,33,18955.543,574.4103086933945
"96-3546204",Human,1,111,43113.438,388.40927731299456
"88-5507156",Orc,0,18,2650.19,147.2327740987142
"41-0852684",Angel,0,23,1795.6998,78.07391130405924
"15-9751742",Elf,0,10,9956.909,995.6910034179688
"14-0993416",Human,1,99,14808.072,149.57646267823498
"71-9207597",Orc,0,25,21369.93,854.7971954345703
"73-9426756",Orc,0,28,8179.1694,292.1132123810904
"74-5271629",Human,1,2889,161087.89,55.759079269737306
"21-4257539",Elf,0,39,12768.06,327.38615677295587
"44-4570818",Hobbit,0,20,24511.209,1225.5604825019836
"34-0659060",Human,0,4,6105.1504,1526.287509918213
"09-1101705",Hobbit,0,24,6816.36,284.01499978701275
"51-8058862",Angel,0,2,4491.83,2245.9150390625
"79-7682433",Hobbit,0,32,17674.6,552.3312393426895
"83-6673027",Human,0,63,53708.566,852.5166678352962
"64-3114769",Hobbit,1,88,41901.297,476.1510201150721
"82-9123611",Elf,0,7,238.96,34.137142998831614
"81-4126727",Orc,1,3,1691.92,563.9733378092448
"65-4420226",Human,0,2,344.37,172.18499755859375
"78-2119798",Elf,0,268,532575.9,1987.2228839086063
"84-8221569",Human,0,9,3986.5198,442.9466567569309
"23-8933694",Demon,0,80,66351.414,829.3924889802933
"48-7567602",Northman,0,19,23829.203,1254.168412459524
"88-1286155",Hobbit,0,4,8684.21,2171.052478790283
"40-1957334",Human,0,21,4411.36,210.06475939069475
"37-0311888",Angel,0,47,25005.268,532.0270137381046
"52-3058015",Human,1,7,5680.67,811.5242641993931
"40-9581460",Hobbit,1,36,6683.3096,185.6474999056922
"33-4551356",Orc,0,15,4044.23,269.61533635457357
"85-7169511",Human,0,100,17082.584,170.82580005168916
"50-6719625",Human,1,2,1227.76,613.8800196647644
"64-4815461",Elf,0,16,2537.9001,158.61874723434448
"55-3566639",Hobbit,0,76,219384.1,2886.6335892928273
"32-3405290",Northman,0,54,25081.629,464.4746361987458
"96-8009941",Human,0,7,2994.5498,427.792845589774
"68-2421110",Hobbit,0,36,43458.484,1207.1799900796677
"27-7902323",Human,0,9,4999.34,555.4822336832682
"74-4783716",Human,0,2,2275.8699,1137.9349613189697
"37-5648509",Hobbit,0,34,56875.11,1672.7970614713781
"88-8474613",Angel,0,4,4080.08,1020.0199890136719
"56-9676208",Hobbit,1,40,11706.841,292.6710001051426
"19-0896722",Angel,0,39,13318.29,341.49462049435346
"59-5841912",Hobbit,0,8,2096.19,262.0237503051758
"62-0682968",Northman,0,71,253804.31,3574.709013549375
"63-6460239",Northman,1,62,225944.14,3644.2608533059397
"60-7863468",Orc,1,65,15324.502,235.76153881366437
"24-5668387",Northman,0,30,3301.4802,110.04933354059855
"12-2590367",Orc,0,22,5600.5703,254.57135998119008
"65-1121151",Northman,0,41,9831.88,239.8019500011351
"60-4946200",Human,0,1,374.32,374.32000732421875
"48-7052023",Human,0,49,19160.398,391.0285726274763
"70-9967104",Hobbit,0,10,4591.5405,459.15400714874266
"43-9506695",Hobbit,0,95,24824.756,261.31315320792953
"15-0801027",Orc,0,22,10223.959,464.7254492152821
"38-5254743",Northman,0,33,21785.404,660.1636431144946
"70-2669632",Human,1,162,127048.98,784.2529556250867
"53-5380110",Human,0,2,763.61,381.80500745773315
"78-0764348",Elf,0,52,53702.62,1032.7425011671507
"63-3316439",Human,0,25,36870.484,1474.819183959961
"22-8780631",Northman,0,22,31660.7,1439.1227221055465
"55-5217056",Human,0,331,56523.695,170.7664647822654
"57-3108217",Elf,0,3,1272.69,424.2300059000651
"19-9596689",Elf,0,10,4738.8906,473.8890024185181
"27-4002383",Northman,0,28,24361.463,870.0521471840995
"89-9481525",Human,0,85,64297.316,756.4389387635624
"91-5534425",Human,0,1107,33436.188,30.204155069487314
"57-6452408",Angel,0,113,42444.152,375.61185803033607
"90-1119772",Hobbit,0,82,47638.902,580.9620722677649
"20-7974529",Angel,1,26,9097.079,349.887694138747
"59-6886611",Hobbit,0,24,20692.73,862.1970831553141
"21-3183689",Orc,0,31,8916.26,287.6212903914913
"54-0866093",Hobbit,0,11,4832.46,439.31454329057175
"26-1412290",Northman,0,8,744.8999,93.11250129342079
"86-1106617",Demon,1,48,26700.984,556.2704043785731
"38-5870643",Hobbit,0,4,209.62999,52.40749788284302
"79-0469328",Hobbit,0,108,67409.2,624.1591669365212
"76-4820530",Hobbit,0,173,112389.47,649.6499398526429
"09-9658925",Northman,0,32,43285.914,1352.6846899986267
"42-4926908",Orc,1,164,37689.734,229.8154264426813
"32-4449015",Orc,0,2,134.68,67.34000015258789
"88-9701696",Orc,0,4,5165.6,1291.400016784668
"77-3784278",Human,0,20,13118.339,655.9170000195503
"32-5332265",Northman,0,10,1298.8899,129.88899917602538
"62-5057906",Angel,0,9,1609.5798,178.84221903483072
"39-5534639",Demon,0,36,12107.7295,336.32583305570813
"30-4210947",Northman,1,62,10271.392,165.6675785472316
"34-3111515",Demon,1,10,4132.49,413.24899978637694
"68-7005420",Elf,0,184,861688.75,4683.09202068785
"04-0790659",Northman,0,50,3719.94,74.398799700737
"21-0225498",Orc,0,1,89.09,89.08999633789062
"37-8507669",Demon,0,42,17767.312,423.0311844916571
"03-0741335",Human,0,11,1922.12,174.7381834116849
"07-4195761",Northman,0,13,13774.939,1059.6107365534856
"29-1379146",Angel,0,2,6737.75,3368.8749389648438
"32-8092739",Orc,0,48,67328.98,1402.687071889639
"01-7201642",Human,1,57,33010.152,579.1254405347925
"53-0504303",Human,0,157,31599.127,201.2682153806565
"79-6986354",Human,0,54,73003.484,1351.9164657592773
"95-7665383",Human,1,7,1643.2499,234.7499942779541
"44-8804051",Northman,0,1,74.86,74.86000061035156
"14-2342465",Human,0,33,13156.58,398.6842452540542
"51-6643025",Human,0,27,34309.09,1270.707028000443
"92-4333150",Elf,0,39,18652.293,478.26385463812414
"63-2876176",Human,1,67,30602.148,456.7483568760886
"53-9498118",Demon,0,113,24426.273,216.16167941979603
"22-6377447",Northman,0,34,2526.6497,74.3132350024055
"17-8870296",Northman,0,10,4289.71,428.9709953308105
"36-9480919",Orc,0,5,6101.41,1220.2820068359374
"95-9709998",Human,1,33,20351.754,616.7196963917125
"99-0809959",Northman,0,149,81708.52,548.379462005308
"62-8631595",Orc,0,10,1216.1799,121.61800031661987
"73-8966260",Hobbit,0,162,57181.375,352.97135528517356
"85-5734325",Elf,0,2,568.97,284.48499298095703
"35-2779503",Hobbit,1,76,84269.23,1108.805533634989
"27-2985436",Human,0,4,1923.0901,480.7725124359131
"20-2204087",Elf,0,43,7508.8276,174.62395171232
"66-0447175",Hobbit,0,2,2245.92,1122.9600219726562
"44-5202702",Hobbit,1,33,9801.182,297.00544596260244
"72-3548956",Orc,0,18,45459.65,2525.5361099243164
"08-7959554",Elf,0,64,15924.881,248.82624849677086
"10-4892412",Human,1,214,114245.59,533.8579417478259
"20-8118192",Hobbit,0,21,5529.7896,263.3233286766779
"34-8549631",Orc,0,25,10810.32,432.4127932739258
"65-3033286",Orc,0,41,36915.406,900.3756078452599
"61-3564176",Northman,0,4,4345.84,1086.4599786400795
"71-3867281",Human,0,218,52881.8,242.5770151013628
"14-4884854",Orc,0,121,136312.16,1126.547030141531
"86-1633359",Northman,1,97,54259.355,559.374741497728
"88-8358025",Human,0,16,4641.54,290.0962495803833
"53-9872145",Demon,0,28,33696.22,1203.4364231995173
"64-7075173",Orc,1,43,8695.401,202.21860316187838
"29-9476749",Human,0,31,4191.299,135.20322342841857
"59-4984094",Orc,0,41,19876.363,484.78926170744546
"61-2834799",Angel,0,48,21985.78,458.03708310921985
"56-8052893",Northman,0,90,20965.22,232.94688782956865
"57-3622104",Hobbit,1,37,31772.25,858.7094594594595
"13-7942700",Northman,0,10,13793.681,1379.3680112838745
"80-2332219",Orc,0,22,50918.836,2314.492717396129
"45-7045312",Human,0,24,15624.101,651.004168510437
"71-3012926",Hobbit,0,87,18214.453,209.3614923378517
"41-8542962",Orc,0,37,8407.189,227.22135037344856
"60-3095786",Human,0,11,11500.97,1045.5427329323509
"94-7290385",Demon,0,2,1497.28,748.6400146484375
"28-9470396",Human,1,29,23983.47,827.0162289142609
"55-1713315",Human,0,16,19240.05,1202.503140449524
"48-6852157",Human,0,7,769.27997,109.89714431762695
"37-8251714",Human,0,40,11834.26,295.8565018638968
"33-0129543",Northman,0,20,9077.419,453.87099905014037
"22-5299978",Angel,0,32,19023.05,594.4703050553799
"89-0205866",Angel,0,22,12951.45,588.7022767500443
"30-7527273",Elf,0,45,52922.42,1176.0537700891496
"64-3930008",Northman,0,7,32041.73,4577.3900473458425
"24-9864944",Angel,0,53,39010.402,736.0452811406609
"20-4905484",Human,1,36,11897.763,330.49333063761395
"58-8939899",Hobbit,0,24,18524.37,771.8487415313721
"96-5138849",Orc,0,2,1497.28,748.6399841308594
"01-8615912",Northman,0,48,12327.999,256.8333326180776
"14-0174205",Elf,0,102,400126.66,3922.810282224022
"40-1112485",Human,0,125,185437.06,1483.4970379486083
"90-2175404",Human,0,48,12958.939,269.9779145022233
"89-6645645",Hobbit,0,46,44074.855,958.148913162882
"68-7533317",Orc,1,14,6131.35,437.9535691397531
"05-7307793",Hobbit,0,20,788.08,39.403999677300455
"86-9291193",Hobbit,0,48,22066.002,459.70833683013916
"50-8456314",Demon,0,7,6326.01,903.7157026018415
"28-9772985",Human,0,17,7276.0107,428.00058521943936
"90-0956032",Angel,0,5,224.59,44.91800012588501
"35-2315048",Human,0,16,2211.83,138.2393763065338
"28-8997521",Northman,0,86,118585.33,1378.8996463154638
"12-3779275",Human,0,40,40183.93,1004.5982362747193
"81-3991714",Northman,0,2,470.33002,235.1650047302246
"69-4577874",Northman,0,103,51264.305,497.7115578286856
"59-9149017",Elf,0,88,50369.797,572.3839776160365
"35-8815799",Human,0,58,172622.62,2976.2525653551365
"38-9964681",Elf,0,23,3705.7402,161.11913195900294
"53-5848574",Northman,0,10,5347.97,534.796991944313
"31-7991494",Hobbit,0,39,6900.19,176.92794692210663
"33-6301943",Elf,0,5,351.86,70.37199897766114
"25-7357644",Human,0,32,5517.4395,172.4199984073639
"31-4082684",Human,0,1,194.65,194.64999389648438
"42-7564774",Hobbit,0,21,68150.305,3245.252370925177
"72-5228531",Human,1,101,10413.627,103.10514828592244
"35-3323246",Human,0,79,16180.394,204.81506101768227
"81-6842185",Northman,1,40,43882.297,1097.0572551727296
"31-8409282",Elf,0,11,3737.33,339.7572687322443
"67-8598250",Human,0,33,5093.0396,154.3345449641347
"31-3363661",Elf,1,47,21576.107,459.06595747521584
"27-9781875",Hobbit,0,94,12367.481,131.56893856221058
"48-9675917",Human,0,82,347631.75,4239.411335177538
"06-8093620",Hobbit,0,17,2184.76,128.51529418720918
"25-1359133",Northman,0,40,48888.33,1222.2080045700072
"25-6670567",Hobbit,0,78,50332.59,645.2894918796344
"75-8227797",Hobbit,0,38,54493.176,1434.0307805914629
"54-0290651",Human,0,2,7516.3403,3758.1700687408447
"68-0843780",Human,0,5455,298273.84,54.678967877329896
"23-1974165",Northman,0,39,84319.19,2162.030242186326
"14-6080854",Demon,0,7,1078.0499,154.00713893345423
"29-7550753",Northman,0,25,7500.93,300.0371979904175
"58-9441966",Human,0,18,2822.3706,156.79833518134222
"10-6369892",Hobbit,1,23,5584.83,242.81869060060254
"50-5738755",Human,0,86,23462.86,272.82395262528905
"20-7220450",Human,0,13,1347.55,103.65769283588116
"62-9481191",Angel,0,49,9173.01,187.20428340775626
"16-1832720",Orc,0,22,2181.0098,99.13681814887308
"33-2551197",Angel,0,28,17376.576,620.5921521868024
"17-1636726",Northman,0,7,823.51,117.64428574698312
"12-2071486",Demon,0,4,5090.75,1272.687515258789
"12-7783165",Orc,0,202,169689.23,840.0458861530417
"09-3748293",Northman,0,6,9600.82,1600.136639912923
"29-8185541",Orc,0,25,12336.311,493.45240077972414
"40-6408977",Human,0,72,16532.414,229.61680497891373
"33-8115635",Human,1,32,43767.215,1367.725337088108
"55-3988150",Human,1,19,10187.569,536.187903554816
"62-4181937",Hobbit,0,3,771.1,257.03334045410156
"78-9255790",Human,0,16,4354.1006,272.13125014305115
"55-4789633",Northman,0,140,302732.75,2162.376216891834
"84-2071085",Human,0,35,198963.83,5684.680815233503
"01-3018825",Northman,1,111,51473.82,463.7280218644185
"89-7045921",Angel,1,141,40382.57,286.40113328281024
"97-8371951",Northman,0,140,114800.09,820.0005050267492
"17-4490696",Hobbit,0,3,1317.36,439.12000528971356
"36-7969040",Northman,1,21,1042.8497,49.65952310108003
"65-6112062",Hobbit,0,51,43312.984,849.2741101068609
"35-9902651",Human,0,87,16613.348,190.95792937355822
"47-9419117",Orc,0,113,37061.26,327.97575317652877
"68-5551931",Northman,1,2,1197.8201,598.9100036621094
"82-1693912",Human,0,22,20744.627,942.937722119418
"93-2343013",Orc,0,17,4604.89,270.8758814194623
"55-5871489",Orc,0,32,11238.572,351.20531326532364
"20-6143424",Human,0,12,494.11,41.175832430521645
"21-5553741",Human,0,109,43691.543,400.83990831987575
"08-0106651",Demon,0,1,4491.83,4491.830078125
"86-7064443",Hobbit,0,5,2994.56,598.9120025634766
"16-9553162",Human,0,127,26450.451,208.2712611570133
"33-3587455",Northman,0,4,78011.875,19502.9698548913
"59-0969908",Human,0,47,171105.5,3640.542126107723
"40-6068517",Orc,0,47,14446.968,307.38233752960855
"40-6861094",Northman,0,6329,532093.4,84.07228471299459
"06-7507908",Human,1,24,2737.2795,114.05333279569943
"33-2425335",Human,0,3,306.94,102.3133316040039
"61-7307024",Elf,0,12,858.3199,71.52666600545247
"80-0425435",Hobbit,0,2,16787.451,8393.725189208984
"93-4062210",Human,0,495,71827.766,145.1066052065353
"39-0610569",Orc,0,97,68098.766,702.0489680595005
"43-4230184",Human,0,41,33926.004,827.4634077839735
"49-6617489",Human,0,8682,386914.84,44.56516920113745
"07-7559272",Northman,0,11,10486.911,953.3554333773526
"51-5942529",Human,0,25,4529.22,181.16879890441894
"17-5866512",Human,0,26,6805.151,261.7365421515245
"76-1594201",Northman,0,3,1879.09,626.3633251190186
"68-1277446",Orc,0,36,14384.579,399.57166625548984
"84-4499935",Elf,0,29,6635.181,228.79930917147934
"12-4990299",Human,1,17,6251.58,367.73999285697937
"24-9283185",Demon,0,33,9309.331,282.10091214638317
"72-3639264",Demon,0,20,15489.35,774.467497253418
"36-4686812",Human,0,33,4267.23,129.3099998705315
"60-6486518",Demon,0,1,374.32,374.32000732421875
"95-9510861",Human,0,22,8922.67,405.57591114260936
"68-5681364",Human,0,67,32767.838,489.07223214676134
"59-6265276",Human,0,26,4762.83,183.1857681274414
"30-6851720",Human,0,3,3368.95,1122.9832942709327
"18-8378260",Angel,0,51,20250.688,397.07235254025926
"83-9889437",Human,0,23,13052.191,567.4865152939507
"01-5629059",Human,0,131,102783.51,784.6068723947948
"00-1861400",Orc,0,18,47598.43,2644.3571853637695
"14-5705638",Elf,0,22,26676.266,1212.5572894703257
"87-7990939",Northman,1,234,154605.08,660.7056421270737
"72-3958378",Northman,1,73,36548.543,500.6649351544576
"64-1733539",Orc,0,2,396.77002,198.38500213623047
"89-4039193",Angel,0,160,186668.47,1166.6785589933395
"32-8554596",Human,0,9,4753.34,528.1488910251194
"36-3015218",Demon,1,2,748.64,374.32000732421875
"66-3015935",Orc,0,24,6091.4497,253.81041304270425
"65-8275400",Human,0,3,224.58,74.86000061035156
"42-7336340",Northman,0,3,3743.2,1247.7333374023438
"72-3965619",Northman,0,4,2108.08,527.0199964046478
"55-3382507",Hobbit,0,7,1384.8999,197.84285409109933
"05-9833633",Human,1,110,24324.775,221.13427321477369
"89-5191643",Hobbit,0,26,5506.1396,211.77461488430316
"06-9691220",Orc,0,61,33976.98,556.999671326309
"70-3220369",Human,0,31,8724.622,281.4393524662141
"74-7697664",Human,0,1,11.59,11.59000015258789
"71-2532681",Hobbit,0,70,21483.953,306.913574382237
"19-6662682",Elf,0,1,449.18,449.17999267578125
"44-9347639",Northman,0,37,28672.172,774.9235262484164
"39-0444747",Elf,0,87,44950.793,516.6756334168858
"48-5722081",Orc,1,56,165375.77,2953.13946550233
"14-1320165",Northman,0,42,5614.0293,133.66738079275405
"34-8814422",Demon,0,108,540612.7,5005.672133481061
"27-6975291",Orc,0,25,7543.7896,301.7515995788574
"22-8820620",Northman,0,29,8643.0205,298.03517302151386
"03-8942448",Orc,0,6,733.66003,122.27666982014973
"27-6799206",Orc,0,28,20666.123,738.0757171085903
"95-2216068",Orc,1,9,2118.33,235.37000318368277
"10-6222191",Orc,0,21,574.68994,27.366190183730353
"87-1801862",Orc,0,54,15507.062,287.16777649632206
"52-3376941",Human,1,3,31.14,10.380000044281283
"95-8543028",Orc,0,10,1630.44,163.04399738311767
"53-5546836",Human,0,3,2665.1602,888.3866914113363
"96-0648524",Hobbit,0,54,200880.6,3720.0109475012177
"35-5159994",Human,0,19,16074.03,846.0015668367084
"25-5781374",Northman,0,38,37915.56,997.7778955509788
"13-4670190",Human,0,8,15496.82,1937.1024570465088
"52-5932904",Hobbit,0,21,14481.67,689.6033249809628
"54-4896465",Human,0,1,449.18,449.17999267578125
"48-2266905",Elf,0,108,24083.598,222.9962948626942
"94-1387981",Angel,0,53,26617.854,502.22358027044334
"92-6943850",Northman,0,70,14912.968,213.04228523799353
"73-1913910",Northman,1,24,10207.711,425.32124972343445
"24-3389501",Human,0,36,22081.11,613.3641625510322
"88-0447351",Elf,0,33,13900.78,421.2357554580226
"72-8908288",Angel,0,22,16732.512,760.5686321366917
"94-4682643",Demon,0,12,282.99002,23.582499821980793
"77-8463086",Orc,0,13,16907.781,1300.5984837458684
"28-9021154",Elf,0,201,55235.31,274.80258769187054
"33-7256568",Human,0,4,2128.38,532.0950002670288
"89-7091525",Hobbit,0,65,196775.14,3027.3103174503035
"47-7496529",Hobbit,0,33,100325.12,3040.1548350941052
"44-5764347",Demon,0,30,40747.312,1358.2436797777812
"03-6584728",Hobbit,0,61,70641.85,1158.0631174376754
"29-2799973",Human,0,59,37005.234,627.2072882571463
"38-7440281",Angel,0,53,17102.852,322.69527595448045
"14-6508586",Northman,0,40,9642.439,241.06099637150766
"55-5212557",Hobbit,0,21,6348.73,302.3204742003055
"48-4817752",Human,0,71,1147876.8,16167.279425016592
"12-2517536",Human,0,40,109726.85,2743.170752334595
"37-3018081",Human,0,27,16666.932,617.2937105761634
"84-3878653",Human,0,111,326071.97,2937.5847786568306
"26-7176995",Angel,0,23,4368.32,189.92695775239363
"50-9889323",Northman,0,17,3131.54,184.20823794252732
"77-1504223",Human,0,69,23652.996,342.79695340861446
"44-2423314",Northman,0,59,46124.36,781.768642506357
"67-0865469",Elf,0,12,8676.709,723.0591640472412
"46-4215368",Human,0,59,13962.85,236.65847744780072
"96-4985967",Orc,0,18,82514.05,4584.113915867276
"17-2669501",Hobbit,1,20,15003.181,750.1589965820312
"21-4087429",Orc,0,94,61351.234,652.672554462514
"88-9859284",Hobbit,0,3,228.34,76.11333465576172
"81-9341439",Northman,1,5,1149.1599,229.8319981098175
"75-7144786",Northman,1,48,25933.662,540.2845819791158
"36-1008937",Elf,0,9,3580.73,397.8588875664605
"17-1381462",Hobbit,0,138,27398.156,198.5373189571867
"38-6374593",Orc,0,19,17930.42,943.7063124932741
"78-0309653",Northman,0,20,12130.002,606.5000020980835
"14-9888448",Northman,0,23,7836.01,340.6960857225501
"66-9728903",Orc,1,1,14.97,14.970000267028809
"23-4460038",Northman,1,56,16917.842,302.10428320017775
"48-0839790",Elf,0,444,5542913.0,12484.031642451006
"26-0382467",Northman,0,25,6588.04,263.52160186767577
"19-9185560",Orc,0,72,31367.033,435.65305591954126
"37-8047225",Northman,0,2,1309.37,654.6850128173828
"00-3208324",Angel,0,32,8422.16,263.192499473691
"05-7277865",Hobbit,0,495,469897.7,949.2880002956198
"26-4707750",Human,0,41,19782.479,482.49951235259454
"77-7492383",Northman,0,1,14.97,14.970000267028809
"86-5215249",Orc,1,19,2605.26,137.118946928727
"52-5453972",Human,0,17,4117.5605,242.20940939512323
"72-1838305",Hobbit,0,6,2040.0399,340.0066550572713
"03-2751365",Orc,0,46,8696.111,189.04586841749108
"45-7237084",Elf,0,2,898.37,449.1850051879883
"43-4728280",Orc,0,38,9181.5205,241.61894525352278
"76-5385634",Elf,0,21,5588.5903,266.12332970755443
"35-9941158",Elf,0,45,36355.1,807.8911154852973
"04-9405754",Hobbit,0,14,3032.0,216.57142639160156
"20-4766104",Angel,0,20,5487.53,274.3764991760254
"99-4707515",Human,0,96,171676.33,1788.2954079732299
"66-9580111",Elf,0,10,10518.529,1051.853009033203
"21-9119947",Hobbit,1,35,15366.69,439.04828671046664
"08-0001097",Elf,0,97,9215.724,95.0074222702341
"99-1050405",Hobbit,1,132,53670.62,406.5956059983282
"30-1553668",Hobbit,1,251,1008079.5,4016.253159509237
"05-3284845",Demon,0,1,125.25,125.25
"67-7939708",Hobbit,0,314,33688.76,107.28907535865808
"20-9423238",Human,0,79,36621.098,463.55822809436654
"52-5145426",Hobbit,0,470,86159.05,183.31706306266182
"21-9807085",Hobbit,0,1007,2185645.0,2170.4516618287353
"13-4353240",Orc,0,6,980.72,163.45333655675253
"85-5574975",Human,1,117,123297.375,1053.824003790179
"42-5295826",Human,0,42,51855.78,1234.6614242517167
"83-0423840",Demon,0,1,7.49,7.489999771118164
"65-5035969",Human,1,38,4466.401,117.5368403635527
"11-7579277",Human,0,21,29179.287,1389.4900087629046
"82-7403874",Human,0,2,203.87,101.93499755859375
"07-8425541",Human,0,1,224.59,224.58999633789062
"01-3900995",Human,0,21,13768.2,655.6285720098587
"89-8091229",Hobbit,0,82,47986.207,585.1975574202654
"14-3661749",Orc,0,142,150770.11,1061.7614043934245
"10-5460903",Elf,1,1,37.43,37.43000030517578
"78-4718667",Hobbit,0,48,15639.572,325.8243742585182
"55-7971025",Hobbit,0,66,44426.668,673.1312138600783
"67-4726389",Human,0,2,22496.291,11248.145078659058
"56-1549625",Hobbit,0,29,3012.8796,103.89241284337537
"98-1860256",Elf,0,15,4615.8,307.7199922561646
"87-4107980",Orc,0,14,3368.8298,240.63070569719588
"59-0497761",Orc,0,12,11704.97,975.4141591389974
"00-8704487",Hobbit,0,58,24398.568,420.6650049316472
"82-3788387",Human,0,28,8208.819,293.1721424460411
"50-8764710",Human,0,94,18528.842,197.11520832142932
"16-0163473",Elf,0,2,3818.05,1909.0249710083008
"90-8539692",Demon,0,11,1871.5999,170.1454509388317
"29-7608235",Human,0,4,1411.5599,352.89000511169434
"59-9844772",Human,0,27,4002.2202,148.23037003587794
"74-9593089",Orc,0,164,21457.465,130.83810889284786
"32-4265882",Orc,0,8,11791.07,1473.8837423324585
"80-4468570",Northman,0,30,2771.87,92.39566570917765
"79-0966942",Northman,0,35,10697.31,305.6374307359968
"68-0800176",Orc,0,27,24582.021,910.4451911007917
"19-3975938",Elf,1,139,11550.662,83.0982737138117
"49-5944741",Hobbit,0,10,57787.074,5778.707127380371
"54-6673435",Northman,0,222,332840.4,1499.2814405834354
"47-8203844",Hobbit,1,25,21089.357,843.5743927001953
"42-1927631",Human,0,41,10830.591,264.16072826850706
"02-2264688",Northman,0,2,524.04,262.0199966430664
"33-6167763",Orc,0,9,673.74994,74.86111195882161
"22-8811584",Orc,0,79,15251.99,193.06316264671617
"11-8109288",Human,0,50,16905.434,338.1085974216461
"51-7837750",Hobbit,0,32,21481.441,671.2950005531311
"29-3486893",Human,0,6,1235.24,205.87333552042642
"41-4864127",Human,0,103,68788.7,667.8515449820213
"27-6549539",Hobbit,0,35,12523.072,357.8019957951137
"49-4226462",Human,0,6,4917.0596,819.5099884668986
"06-4725506",Human,0,1,119.78,119.77999877929688
"82-5055073",Hobbit,0,61,8562.979,140.3767208243247
"61-5707740",Northman,0,141,19520.566,138.4436880409295
"19-8689130",Human,1,13,9388.86,722.220004595243
"76-0600057",Human,0,7,1925.88,275.1257204328264
"09-2978918",Orc,1,1,37.43,37.43000030517578
"53-0880931",Angel,0,17,17690.328,1040.6076390883502
"21-2322455",Orc,0,2,1048.1,524.0500030517578
"00-8734191",Elf,0,12,2014.83,167.90250166257223
"00-5917185",Human,1,7,1811.71,258.81571415492465
"59-5447610",Hobbit,1,107,24450.154,228.50607635261858
"05-3402073",Elf,1,84,47542.65,565.9839280105773
"52-1162933",Angel,1,1,414.75,414.75
"05-3764233",Orc,0,1,37.43,37.43000030517578
"15-0635733",Northman,0,23,22193.406,964.9308625615162
"16-2481644",Hobbit,1,54,19535.32,361.7651862391719
"65-6392580",Human,1,8,97143.336,12142.917568206787
"43-2450763",Demon,0,16,3151.8003,196.98750138282776
"89-1268611",Human,0,11,8609.28,782.6618062799627
"47-1300897",Orc,0,2,598.91,299.45499420166016
"77-7644845",Northman,0,5,1498.04,299.6080058593303
"81-1848056",Human,0,45,19042.42,423.16488707479505
"48-2183065",Human,0,25,6084.9697,243.3988013175875
"31-8681318",Hobbit,1,10,7838.2495,783.8249855041504
"51-6729738",Elf,0,13,3574.7405,274.9799994138571
"13-2136242",Elf,0,45,25187.3,559.7177830590142
"31-3294273",Elf,0,2,187.16,93.57999801635742
"68-3344718",Human,0,77,5926.1104,76.96246788718484
"33-6911411",Human,1,61,10186.951,166.9991783548574
"21-7810549",Orc,0,3,138.49,46.163333574930824
"73-4460948",Human,0,60,12809.143,213.485666569074
"67-4768834",Hobbit,0,16,1594.61,99.6631247997284
"22-2213481",Human,0,24,6071.85,252.99375279744467
"53-1410577",Angel,0,24,11903.359,495.9733308156331
"21-3982551",Orc,0,109,42774.7,392.4284386416094
"61-7767534",Hobbit,0,10,4791.29,479.1289947509766
"71-0797940",Northman,0,174,131969.72,758.4468386584315
"70-0817620",Human,0,5,2455.43,491.086003112793
"46-8097890",Orc,0,12,16245.4795,1353.7899627685547
"79-0931243",Demon,1,35,10458.511,298.8145705631801
"65-1070427",Human,0,95,41291.75,434.6498934795982
"25-0955471",Human,0,74,320291.4,4328.2617999927415
"32-2894893",Hobbit,0,22,13741.251,624.6022833260623
"32-5866951",Orc,1,32,12615.76,394.24250125698745
"82-0470318",Northman,0,64,17953.93,280.5301545262337
"68-3558393",Angel,0,195,221572.33,1136.2682602143918
"34-9023843",Human,0,55,50046.89,909.9434549505061
"21-2567233",Human,0,37,9627.4795,260.20216472728833
"81-5733220",Northman,1,50,79937.37,1598.7469996643067
"61-5901052",Human,0,23,132883.39,5777.538762631623
"15-8118147",Northman,0,58,66228.38,1141.868267651262
"46-0647885",Northman,0,9,3593.4702,399.27445136176215
"72-3749401",Human,1,82,103289.0,1259.6218256267105
"79-7718214",Elf,1,10,5251.78,525.1779850311577
"83-6618731",Elf,0,12,6969.77,580.8141638437907
"01-2465977",Human,0,34,7508.82,220.84764822791604
"81-6591688",Human,0,1556,102311.26,65.75285345442344
"38-6290521",Northman,0,34,6659.159,195.857647895813
"30-1517540",Human,0,7,1035.23,147.89000129699707
"78-1923880",Human,1,20,5747.3003,287.3649995326996
"86-6707681",Human,0,7,18933.63,2704.8043757847377
"70-2294600",Elf,0,116,50059.332,431.5458596985916
"62-0577938",Elf,1,16,378.6,23.662500089034438
"59-3366409",Orc,0,1,7.49,7.489999771118164
"45-9228459",Angel,0,65,9015.901,138.70615303241289
"40-1248715",Hobbit,0,94,23830.771,253.51882710355395
"52-3101852",Angel,0,1,74.86,74.86000061035156
"40-8587999",Human,1,7,464.13998,66.30571515219552
"62-1987566",Northman,1,138,108982.31,789.7267447347226
"98-1742941",Human,0,69,37461.87,542.9255101058794
"67-2474450",Elf,0,111,50588.055,455.7481982205902
"50-4543324",Elf,0,1,7.49,7.489999771118164
"17-7577364",Northman,1,16,4480.6396,280.0400005578995
"56-3289299",Northman,1,1,74.86,74.86000061035156
"23-8950690",Demon,0,37,7460.16,201.62594686972128
"04-5505426",Human,0,23,7475.7095,325.0308693388234
"85-4355091",Northman,0,12,37132.47,3094.3724975585938
"90-2611214",Human,0,20,4119.691,205.98449679017068
"78-5376557",Human,0,386,34956.59,90.56101016599898
"06-6211718",Human,1,23,4080.1,177.39565011729366
"71-2979486",Orc,0,8,120.23,15.028749823570251
"25-4050807",Northman,0,85,74432.15,875.6724688361672
"52-2582875",Human,1,1,82.35,82.3499984741211
"83-7855883",Northman,0,7,45753.914,6536.273027692522
"79-1791483",Hobbit,0,19,15691.481,825.8673730147513
"21-3088665",Elf,0,24,2250.28,93.76166547834873
"07-3154616",Human,0,198,228945.02,1156.2878772070762
"10-4556543",Human,0,39,6556.44,168.1138455319481
"84-5835584",Orc,0,35,4532.98,129.51371418407984
"15-0315711",Elf,1,145,83634.516,576.7893055554094
"19-1450109",Hobbit,0,21,5988.36,285.15999675932386
"22-6177900",Human,0,118,56825.46,481.5716103072894
"95-3008421",Northman,0,16,117979.53,7373.721332550049
"26-2435146",Orc,0,4,602.64996,150.66250091791153
"78-8603860",Human,1,4,565.6,141.39999961853027
"83-4756083",Elf,0,2,898.37,449.18499755859375
"38-2767901",Northman,0,11,5764.52,524.0472748496315
"12-7440374",Orc,1,22,16361.502,743.7045386054299
"61-9430684",Northman,0,45,8249.231,183.3162228955163
"18-2707636",Orc,0,32,15808.621,494.01936849951744
"84-5264272",Hobbit,0,42,14847.781,353.5185689017886
"55-0219425",Northman,1,134,44948.27,335.43485278691816
"57-9242666",Orc,0,51,19258.68,377.62117333973157
"43-0981036",Human,0,2,1160.3899,580.1949768066406
"79-1539378",Human,1,20,44124.633,2206.2314636230467
"07-3886257",Orc,0,87,109848.805,1262.6299990073019
"18-5560685",Hobbit,1,48,28635.422,596.5712533394495
"94-7984355",Human,0,65,14599.121,224.6018436578604
"89-2540734",Human,0,33,114105.234,3457.7342032808247
"66-6456255",Orc,0,60,9735.39,162.25649859408537
"79-2326308",Hobbit,1,2,14976.51,7488.254765629768
"46-2806109",Northman,0,15,7057.5693,470.50466561317444
"92-9057171",Northman,1,38,49421.258,1300.5592281943873
"21-7072012",Human,0,50,361648.1,7232.960798645019
"34-4141962",Orc,0,14,7973.0103,569.5007231576102
"81-2143617",Human,0,160,40268.07,251.67549818456172
"39-9097873",Hobbit,0,8,3085.46,385.68250048160553
"21-2229116",Demon,0,6,7673.539,1278.923282623291
"17-0159442",Human,0,26,4996.42,192.1699983225419
"38-7202686",Elf,1,3,531.54,177.18000094095865
"39-8854013",Northman,0,12,26766.932,2230.5775134364762
"08-2332800",Hobbit,0,69,73591.46,1066.542750261832
"82-3806854",Human,0,2,11.45,5.725000023841858
"30-2943071",Elf,0,16,13446.28,840.3925203680992
"60-6097191",Human,0,22,4843.69,220.16772973537445
"23-5160130",Orc,0,23,1609.4998,69.97826128420623
"54-0285009",Human,0,5,3084.4,616.8799865722656
"65-3228450",Hobbit,1,44,13224.691,300.56113464182073
"12-5900438",Human,0,34,20533.582,603.928826956188
"19-4345229",Hobbit,0,8,4574.19,571.7737503051758
"31-8883521",Demon,1,32,9392.692,293.5215581431985
"92-4735569",Human,0,59,33186.938,562.4903398934057
"88-6995125",Elf,0,23,6318.479,274.7165192313816
"57-0886164",Hobbit,0,26,12755.33,490.5896239647499
"77-1992679",Human,0,13552,6557477.5,483.8764559546334
"58-9386589",Northman,1,51,36357.656,712.8951012901231
"00-3758963",Northman,0,92,11091.61,120.56097809646441
"02-5131914",Angel,0,44,12865.859,292.40590932152486
"47-7886853",Orc,0,1,299.46,299.4599914550781
"94-5713640",Human,0,16,1443.39,90.21187603473663
"95-1255967",Orc,0,30,8051.6104,268.386999130249
"18-2851150",Orc,0,2,291.9,145.9499969482422
"07-8103925",Orc,1,260,166181.58,639.1600750065767
"73-5202928",Human,1,74,25584.756,345.7398629349631
"60-1768640",Elf,1,11,3335.1902,303.1990927132693
"58-0633471",Human,0,18,6292.309,349.5727827284071
"71-2407505",Northman,1,307,114885.445,374.2197384861471
"54-8605854",Human,0,208,93067.98,447.44249736345733
"39-6783257",Human,0,2,228.33,114.16499817371368
"69-5955635",Northman,0,166,104456.55,629.2563837947974
"85-1190420",Northman,0,45,78205.14,1737.8917690700955
"14-9542892",Elf,0,4,3803.1099,950.7774810791016
"47-0323127",Angel,0,18,11880.261,660.0144494374593
"44-2587060",Elf,0,78,13396.175,171.74576909811452
"64-2286638",Orc,0,16,3174.23,198.38937282562256
"41-4930114",Hobbit,1,247,42271.203,171.13841915358356
"89-5899597",Human,0,48,15456.989,322.02062245598063
"89-0629711",Orc,0,102,17490.535,171.47578333172143
"65-3516683",Demon,0,62,33265.04,536.532900194968
"72-7703159",Northman,0,22,15025.18,682.9627300609242
"80-9186632",Northman,0,9,4991.9897,554.6655498080784
"13-7052514",Elf,1,34,38585.492,1134.8673785784665
"23-0165827",Human,1,24,7376.231,307.34291550672305
"20-4509912",Demon,1,9,23065.57,2562.8411553700766
"74-0224670",Elf,0,12,3323.9597,276.99666659037274
"55-7562126",Human,1,21,8579.15,408.53095313480924
"86-7810528",Human,0,43,10602.95,246.5802297592163
"51-1955659",Hobbit,0,2,823.5,411.75
"80-5285819",Elf,0,11,13572.89,1233.899065587331
"04-7692870",Human,1,68,44234.105,650.5014673120835
"76-1026685",Northman,0,12,10727.23,893.9358177185059
"04-6520914",Elf,1,68,188206.64,2767.7444265589993
"62-7952026",Angel,1,51,33160.383,650.2035285725314
"41-9728512",Angel,0,1,74.86,74.86000061035156
"02-8291119",Human,0,21,9032.341,430.11142421904066
"37-0923331",Northman,0,17,1602.0701,94.23941174675437
"35-7588301",Northman,0,167,52408.406,313.8226931387793
"60-2216552",Northman,0,65,16164.581,248.68584586290214
"70-4170992",Human,0,27,10154.7705,376.1025920444065
"27-7585314",Angel,0,54,16845.098,311.94629367192584
"44-4459289",Human,0,5677,229410.16,40.410533687263865
"39-3738286",Human,1,187,230003.86,1229.9678999956916
"82-7387845",Human,0,598,149269.2,249.61404756150117
"07-8984217",Human,0,25,14605.96,584.2383949279786
"74-3476797",Hobbit,0,16,13197.06,824.8162412643433
"44-4031439",Human,0,45,14215.224,315.89377772013347
"91-6164594",Orc,0,30,4660.3105,155.34366455078126
"10-8453059",Orc,0,74,11604.471,156.81716035185633
"87-7240995",Demon,1,63,36472.656,578.9309545849997
"30-3442098",Elf,0,209,782963.6,3746.238335988168
"15-2027425",Northman,0,35,23028.96,657.9702731541225
"43-5582718",Orc,0,2,494.11,247.05499267578125
"20-3711071",Human,0,91,34721.234,381.5518676998851
"70-9537789",Northman,0,57,21504.754,377.2763144509834
"04-9803997",Demon,1,115,103443.0,899.5042611320382
"04-5559550",Orc,0,131,40195.098,306.83274582739324
"83-6385285",Elf,0,56,28419.117,507.4841092995235
"47-6425108",Human,0,5,6820.1104,1364.0219772338867
"08-5640145",Orc,0,40,8715.502,217.8874983315356
"98-7226885",Angel,0,29,16851.812,581.0969004795469
"01-1960711",Hobbit,0,44,14143.51,321.44340619444847
"30-8425917",Northman,1,36,16248.508,451.3474995560116
"69-4112878",Demon,0,41,6190.84,150.99609868991666
"36-4503229",Elf,0,31,9094.342,293.3658036262758
"92-7985528",Human,0,28,17967.35,641.6910661969866
"54-2349306",Demon,0,195,214599.45,1100.510047351397
"60-3352594",Angel,0,11,3743.1902,340.290000221946
"60-5240851",Human,0,70,49044.4,700.6341287067959
"68-8740661",Demon,0,6,2178.53,363.08833440144855
"05-1307149",Orc,1,56,69860.37,1247.5062462772642
"05-0385668",Human,0,15,16898.65,1126.5766783396402
"37-3790008",Hobbit,0,18,7980.429,443.3572226630317
"20-0854504",Northman,0,196,20858.072,106.41877538391522
"28-9972943",Orc,0,87,94182.305,1082.5552822419966
"52-4559899",Hobbit,0,14,3916.8804,279.77714252471924
"19-7484679",Elf,0,15,11004.989,733.6660018920899
"35-9106081",Northman,0,10,5236.7397,523.6739933013916
"23-3046683",Angel,0,11,6387.75,580.7045404260808
"73-3937264",Northman,0,47,36925.105,785.640427772035
"74-5619512",Hobbit,0,5,927.55,185.50999932289125
"74-2608209",Hobbit,0,12,7182.92,598.5766663805892
"22-2638680",Human,0,7,13128.049,1875.4356951032366
"86-4277041",Human,0,13,15212.361,1170.181551346412
"24-0775280",Human,0,50,5997.341,119.94679896831512
"37-2849013",Orc,0,36,78981.414,2193.9280365837944
"73-3120278",Hobbit,0,9,686.4199,76.26888995700412
"11-4157234",Elf,0,41,20053.04,489.09853121129476
"73-4921878",Elf,0,6,1325.09,220.84833526611328
"13-3161167",Elf,0,42,39909.188,950.2185647673905
"85-9314651",Human,0,18,2728.7898,151.59944372706943
"93-9884601",Human,0,26,37827.434,1454.9011641282302
"26-3049742",Hobbit,0,12,2119.47,176.62250034014383
"00-4254147",Hobbit,0,62,12081.6,194.86451496616488
"83-6127681",Human,0,107,25715.777,240.33439111709595
"27-0435142",Hobbit,0,9,3750.69,416.7433329688178
"64-9075509",Northman,0,44,21511.773,488.90386442704636
"13-2626803",Orc,0,5,69034.15,13806.830375671387
"75-7584048",Human,0,93,111401.19,1197.861822805097
"07-7146226",Angel,0,43,17974.902,418.02093012544304
"03-9427024",Orc,1,4,2695.0999,673.7750110626221
"80-9332184",Human,0,186,127820.78,687.2085487996378
"30-9896206",Hobbit,0,20,6753.4604,337.6730005502701
"85-6250259",Demon,0,7,797.2999,113.90000016348702
"78-1548075",Northman,1,24,2894.29,120.59541622797649
"77-9424010",Hobbit,0,38,8671.65,228.20131560375816
"46-2185476",Elf,0,8,1388.73,173.59124851226807
"66-0787014",Human,0,12,7579.659,631.6383310953776
"58-5297360",Elf,0,47,9324.2295,198.38787036753715
"75-7456214",Human,0,8,1399.96,174.99499893188477
"68-4034632",Elf,0,92,7429.934,80.76010802776918
"31-3270387",Orc,0,19,4001.4702,210.60368628250924
"03-4161079",Human,0,6,1774.26,295.71000544230145
"20-5274183",Demon,0,74,58147.26,785.773789173848
"54-4029541",Orc,0,33,3052.9495,92.51363675522082
"92-8120231",Orc,0,36,12721.081,353.36332997348575
"70-1716151",Angel,0,628,291621.0,464.3647303645778
"09-6812430",Elf,0,11,3271.5703,297.4154579856179
"70-1682799",Human,1,36,13679.631,379.9897271792094
"91-9121539",Hobbit,0,4,3092.8901,773.2225074768066
"61-3845598",Human,0,49,9648.431,196.9067347779566
"62-1312293",Human,0,2,6832.15,3416.074935913086
"97-1302594",Orc,0,17,20931.629,1231.2723620919621
"60-1860800",Angel,0,25,7649.6997,305.9879957485199
"54-2944321",Human,1,39,31975.906,819.8948807349572
"25-5977754",Northman,0,157,127656.086,813.0961781132753
"19-2280755",Hobbit,0,18,13872.97,770.7205438613892
"49-3649390",Orc,0,46,34531.35,750.6815263292063
"22-2189669",Human,0,30,8033.9395,267.79799730976424
"18-0804954",Human,0,21,7228.1094,344.19571623348054
"80-4188721",Hobbit,0,11,13413.24,1219.3854614171114
"84-7523717",Orc,0,1,3743.19,3743.18994140625
"86-6679349",Human,0,129,9630.179,74.65255739892176
"89-4407231",Northman,0,123,21989.408,178.77560876830808
"54-0277324",Human,1,117,17672.693,151.04863159269348
"02-8326189",Hobbit,0,14,22850.871,1632.204983302525
"52-8778085",Elf,0,4,3368.8801,842.2200012207031
"49-2824708",Angel,0,47,15220.946,323.8497882700981
"80-3051973",Human,0,3361,265537.66,79.00564699663623
"05-5323096",Hobbit,0,21,41455.06,1974.0504511878603
"46-5820662",Hobbit,0,37,18450.19,498.65378384976776
"75-9172130",Human,0,24,2682.8804,111.78666591644287
"77-0041069",Orc,0,16,29795.809,1862.2380809783936
"27-8775132",Human,0,72,34430.38,478.19958780209225
"51-4037046",Hobbit,1,309,86069.96,278.5436568862026
"01-4228010",Hobbit,0,19,4716.4395,248.23368077529105
"97-8849239",Human,0,12,212.17001,17.680833379427593
"36-1055801",Angel,1,74,25779.172,348.36716145760306
"42-5473432",Northman,0,49,25906.648,528.7069413905241
"20-2299245",Northman,0,79,27819.395,352.1443024565336
"00-1284831",Hobbit,1,10,4339.8394,433.9839937448502
"61-0955945",Elf,1,101,6532.1235,64.67445555535873
"30-6367240",Northman,0,281,939357.06,3342.908821185103
"09-5432478",Orc,0,20,7727.6797,386.3839957714081
"13-5052256",Human,0,2,711.21,355.6050109863281
"65-5207867",Angel,1,48,4773.269,99.44312566518784
"36-6803399",Elf,0,20,39378.395,1968.9195152282714
"67-2139011",Human,0,1,1220.28,1220.280029296875
"99-0039292",Elf,0,1,22.46,22.459999084472656
"74-8833674",Orc,0,13,14979.71,1152.285372220553
"20-7127859",Hobbit,0,107,353213.78,3301.0631763422602
"56-6884860",Human,0,1,2994.55,2994.550048828125
"29-9128064",Orc,0,100,26742.367,267.4235998296738
"30-6914969",Orc,0,6,2620.24,436.70666249593097
"20-8490860",Demon,0,33,30020.426,909.7096835049716
"26-0426215",Human,0,68,42743.652,628.5829393022201
"66-5586416",Northman,0,71,22432.758,315.95436679141625
"66-9870078",Orc,1,52,25871.572,497.5301949728567
"81-0533236",Hobbit,0,45,14456.231,321.24955072667865
"94-3066216",Human,0,33,13947.148,422.6409098596284
"39-0662977",Elf,0,22,4137.67,188.07590827074918
"35-5025718",Demon,0,2,7486.38,3743.18994140625
"86-8684686",Orc,1,3,3069.4302,1023.143310546875
"39-2892018",Orc,0,215,176623.89,821.5067850711733
"65-9145509",Angel,0,7,1624.54,232.07714285169328
"44-7934300",Northman,0,119,201198.83,1690.746634202845
"23-7909808",Demon,0,1,18.96,18.959999084472656
"81-1553326",Orc,1,11,3376.3604,306.941820491444
"01-3364844",Human,0,88,73415.69,834.2690987749534
"80-0292116",Northman,0,80,175031.22,2187.8907527365723
"88-3837396",Demon,0,26,5894.571,226.71422732793368
"78-6229980",Human,0,45,13140.083,292.0017723083496
"81-8923068",Orc,0,16,7437.73,464.85812747478485
"07-9540298",Northman,0,21,9062.281,431.5371467045375
"09-6158458",Demon,0,2,27.32,13.660000324249268
"44-6749179",Hobbit,1,19,6322.2295,332.7489457506883
"69-2681363",Human,1,35,15740.61,449.7317114693778
"32-7777947",Human,0,26,3984.7302,153.2588460262005
"31-2059218",Human,0,1,53.29,53.290000915527344
"14-2985848",Human,0,1,224.59,224.58999633789062
"34-6015418",Northman,0,47,23033.871,490.08233518486327
"10-7705536",Orc,0,4,65.119995,16.27999997138977
"30-2363469",Human,0,17,2987.0796,175.71058733323042
"59-9348891",Human,0,67,31255.625,466.50178831015063
"87-4376287",Northman,0,3,449.18,149.72666931152344
"46-6732551",Human,0,164,28434.46,173.3807922848841
"61-9949020",Elf,0,41,37023.957,903.0231630278797
"89-8011500",Human,0,3,767.36005,255.78667449951172
"56-1876263",Orc,0,70,9938.181,141.9739987509591
"14-2113586",Orc,0,19,4967.3,261.4368414788654
"05-5633002",Human,0,21,3074.6602,146.4123796735491
"18-0559717",Hobbit,0,53,45132.695,851.560197614274
"56-3030064",Human,0,314,104389.31,332.45002911994413
"95-8061597",Angel,0,6,3584.48,597.413327217102
"28-9767649",Human,0,1,74.86,74.86000061035156
"63-9849124",Northman,1,157,227325.19,1447.9319038573344
"91-6674419",Demon,0,4,6528.96,1632.2399926185608
"02-2764484",Northman,0,6,2452.7,408.78332805633545
"41-4763716",Demon,0,71,14905.08,209.93070430486975
"95-7849812",Hobbit,0,26,3427.8303,131.83961706895096
"20-5469653",Elf,0,31,7645.1,246.61612661423223
"00-3744044",Human,0,1,7.49,7.489999771118164
"45-1184077",Angel,0,57,30978.146,543.4761443159036
"14-7892152",Human,0,258,135251.12,524.2292983458746
"64-5495447",Human,0,217,289032.47,1331.947046235959
"69-6536160",Human,0,87,484400.16,5567.819151702968
"12-6878434",Orc,0,191,47549.22,248.9487433808012
"30-9490245",Elf,0,34,26124.203,768.3588159014197
"03-4033672",Hobbit,1,20,9340.001,467.00000152587893
"95-6075855",Northman,0,1,149.73,149.72999572753906
"92-6016932",Hobbit,0,26,14241.449,547.748074898353
"84-7700356",Human,0,19,7751.3994,407.9684239437706
"66-1623776",Orc,1,5,1160.39,232.0779987335205
"71-4960964",Human,0,142,84223.3,593.1219559471372
"21-4821116",Human,0,281,58920.66,209.6820295510343
"47-9220650",Elf,1,40,5504.7505,137.61874957680703
"69-6145294",Orc,0,108,51869.48,480.2728633092095
"86-8988188",Human,0,56,25693.283,458.8085708447865
"43-1942406",Northman,0,37,42825.035,1157.4332482621476
"01-0348994",Demon,0,2,3144.29,1572.1449584960938
"68-5849923",Elf,0,81,7302.1406,90.14987773153885
"33-6254173",Orc,1,264,114365.03,433.2007186611493
"99-8413941",Northman,0,16,3069.4,191.83749961853027
"98-1811733",Northman,0,46,9934.421,215.96565149141395
"43-9905913",Demon,0,34,55753.45,1639.8070786174605
"52-2978622",Human,0,8,68200.984,8525.122602462769
"33-3934842",Angel,0,34,65693.03,1932.1479209451115
"74-6710846",Human,0,2,4117.51,2058.7549743652344
"91-7619105",Northman,0,30,28744.803,958.1600077311198
"75-4427961",Northman,1,40,32826.25,820.6562433242798
"71-6522022",Human,0,73,5494.3286,75.2647947154633
"49-3369137",Orc,0,135,26217.373,194.20266585879855
"81-4593215",Orc,0,60,20806.133,346.7688307285309
"66-7477794",Orc,0,36,5229.9604,145.27666661474439
"71-2843430",Orc,0,107,150085.11,1402.6650518992237
"06-4402213",Human,0,69,35193.516,510.05086726036626
"78-3442598",Human,0,105,24982.068,237.9243813196818
"11-6152639",Hobbit,0,22,8953.719,406.987265586853
"48-4600046",Elf,0,12,1740.5701,145.04750237862268
"94-2998829",Hobbit,0,167,60829.098,364.2461050556091
"16-3540133",Human,1,17,12184.029,716.707649567548
"36-9790056",Angel,0,12,9279.261,773.271671295166
"64-5652667",Human,1,1,3.74,3.740000009536743
"65-7004432",Hobbit,1,19,3905.6401,205.5600027787058
"06-3239419",Human,0,8,1463.9602,182.99500173330307
"03-1158217",Human,1,84,29595.18,352.32356935171856
"01-9307405",Angel,0,393,1532700.5,3899.9990894731145
"31-9888899",Hobbit,0,35,22539.99,643.999723802294
"18-3538043",Elf,0,57,51071.86,895.9973653492175
"90-2131232",Orc,1,22,5199.3,236.331815329465
"59-7057098",Northman,1,1,149.73,149.72999572753906
"46-0445904",Human,0,56,26569.133,474.4489325114659
"34-2376913",Northman,0,81,98354.15,1214.2487598142507
"54-2075264",Hobbit,0,41,4439.3696,108.27731690755705
"06-0034105",Hobbit,0,37,9549.648,258.09864812283905
"42-1030876",Angel,1,67,35165.78,524.8623912547952
"37-7970988",Northman,0,24,10915.17,454.79874992370605
"78-0075631",Orc,0,8,3297.6,412.1999969482422
"61-4665199",Human,0,1,52.4,52.400001525878906
"96-0211549",Orc,0,36,24162.336,671.1758276091682
"78-6373877",Northman,1,14,75687.375,5406.240671430315
"20-9594311",Human,0,41,5670.001,138.2926825430335
"76-3742580",Orc,0,84,82534.42,982.5526131561825
"70-1660005",Human,0,31,12090.51,390.01644725184286
"94-9257803",Hobbit,1,63,26129.875,414.75984024433865
"13-5449088",Hobbit,0,5,3668.33,733.6659973144531
"54-3562839",Human,0,1,374.32,374.32000732421875
"16-7970904",Elf,0,24,3691.6404,153.8183356821537
"78-7435440",Elf,0,124,115751.96,933.4836309689188
"73-5129407",Hobbit,0,60,60581.086,1009.6848102461547
"23-7463271",Elf,1,52,21566.223,414.73499264166907
"73-6909017",Elf,0,18,5454.79,303.04389158884686
"38-5251581",Hobbit,0,2,1909.03,954.5150146484375
"03-8574195",Human,1,17,3258.8303,191.6958797679228
"05-7345136",Orc,0,2,1647.01,823.5050048828125
"35-2603864",Elf,0,60,10428.611,173.81016577084858
"23-5518392",Elf,0,11,4483.84,407.62180961262095
"18-8987082",Human,0,35,7561.2495,216.03571112496513
"96-9803887",Demon,0,206,143384.28,696.0401437274244
"31-1362993",Human,0,13,3061.9202,235.53230813833383
"49-6407816",Human,1,56,37212.85,664.5151827037334
"89-4508759",Northman,0,99,26958.877,272.31192013229986
"59-2755698",Human,0,10,239.56001,23.955999970436096
"78-0207125",Northman,0,1766,497321.72,281.6092293556117
"27-7451133",Hobbit,1,33,23556.014,713.8184815320102
"89-5910671",Hobbit,0,13,32940.1,2533.8538536658652
"15-2889317",Human,0,47,12316.21,262.0470197555867
"17-8736890",Hobbit,0,123,30233.639,245.8018715866213
"62-1840618",Human,0,39,61358.6,1573.2974352806043
"01-4377551",Northman,0,25,6910.4893,276.4195952987671
"70-2625914",Human,0,70,45045.664,643.509281703404
"02-6270951",Northman,1,27,21897.68,811.0251809226143
"40-1654370",Human,0,17,5929.2,348.7764717550839
"49-6782811",Orc,0,69,20252.582,293.515655728354
"06-5997346",Orc,0,142,181728.61,1279.7790836952101
"82-2291199",Elf,0,207,226786.22,1095.5856053506695
"58-1818636",Northman,0,10,4985.92,498.5919960021973
"68-8836114",Human,1,18,4903.59,272.42166815863715
"35-0411918",Hobbit,0,165,44421.32,269.2201192624641
"53-2515752",Demon,1,1,3518.6,3518.60009765625
"92-2815085",Hobbit,1,23,7187.7695,312.5117372818615
"82-0335001",Human,0,88,22784.125,258.91056429256093
"87-3794113",Orc,0,39,19805.238,507.82666480235565
"18-4943310",Hobbit,0,73,44377.332,607.9084939319794
"37-2925139",Human,0,17,11027.439,648.6729422176586
"62-0171077",Northman,1,134,24305.771,181.38634045622243
"60-7032372",Hobbit,1,112,303206.62,2707.201985205923
"46-6301186",Northman,0,2,973.23,486.61500549316406
"45-3761859",Human,1,84,47635.4,567.0878525149254
"99-1949909",Northman,0,11,1474.8099,134.07363544810903
"73-1968597",Human,0,37,7985.0894,215.81324123691869
"03-8563298",Hobbit,0,58,110465.56,1904.5780842879724
"87-8489119",Angel,0,25,19368.0,774.7199987792969
"17-1937221",Human,0,20,3443.7502,172.18750076293946
"13-8300057",Human,0,10,885.4899,88.5489984512329
"60-4796716",Northman,0,34,8163.891,240.114411017474
"93-6405600",Northman,1,9,4703.02,522.5577716827393
"58-9979408",Elf,1,698,87390.2,125.20103077116532
"06-5619733",Orc,1,23,4738.92,206.04000033502993
"18-1186725",Hobbit,0,58,47439.992,817.9308622664419
"12-5825267",Northman,0,7,8090.541,1155.79143510546
"16-5677716",Elf,0,2,29.94,14.970000267028809
"26-6639816",Northman,0,148,429344.62,2900.9782490214784
"92-5561096",Elf,0,9,16323.69,1813.7433471679688
"43-5031650",Elf,0,40,5906.7285,147.66824877262115
"94-0240147",Human,0,60,33278.85,554.6474989573161
"25-9198089",Northman,0,1,224.59,224.58999633789062
"31-4774179",Elf,0,37,55018.824,1486.9951223424964
"74-1551962",Elf,0,5,3368.88,673.7760131835937
"95-1439626",Northman,0,3,21722.871,7240.956876118978
"91-7544106",Orc,0,15,20498.121,1366.5413681030273
"84-9455159",Hobbit,0,3,1384.99,461.6633179982503
"64-0221549",Elf,0,75,25397.762,338.636796494325
"22-7370164",Orc,0,7,34489.04,4927.0056729997905
"48-5032479",Human,0,70,28995.512,414.22157184396474
"59-4119818",Human,1,24,1094.51,45.60458322366079
"23-4761600",Demon,1,66,27775.91,420.8471201441505
"90-8237888",Angel,0,43,20830.906,484.4397618049799
"43-6812465",Orc,0,2,44.92,22.460000038146973
"81-4523091",Human,0,26,54380.785,2091.568442798936
"46-5961732",Northman,0,176,286076.9,1625.4369790567594
"92-9787729",Human,0,29,6782.67,233.88517367428747
"68-8065298",Hobbit,0,30,3859.2104,128.64033403396607
"01-7662642",Orc,0,32,4869.8594,152.18312513828278
"67-0134624",Angel,1,4,162.83,40.707499504089355
"17-1009669",Demon,0,12,19848.37,1654.0308477083843
"19-1312429",Hobbit,0,20,13094.98,654.749006652832
"85-2726444",Orc,0,23,4428.21,192.5308693802875
"04-9442526",Hobbit,0,7,2762.48,394.64000156947543
"64-6944922",Hobbit,0,23,34699.42,1508.6704453178074
"03-7318583",Human,0,5,819.01,163.8020004272461
"78-2847567",Human,0,2,172.19,86.09499740600586
"23-3032628",Orc,0,69,46210.383,669.7156544422758
"18-3310073",Orc,1,52,7699.4697,148.06672981152167
"59-8610232",Human,0,6,3757.04,626.1733413537344
"22-1996862",Elf,0,38,9762.291,256.902367340891
"88-3088344",Northman,0,1,374.32,374.32000732421875
"76-1857102",Elf,0,9,1953.94,217.1044438680013
"41-2225304",Elf,0,45,9017.34,200.38533297644722
"91-8617397",Northman,0,1,0.75,0.75
"55-4243945",Human,0,34,3047.8694,89.64323541697334
"03-0742870",Human,0,269,559499.44,2079.923902079075
"73-7425200",Orc,0,364,76349.3,209.75090625860656
"73-3632174",Human,0,381,410741.5,1078.0616519031876
"53-5969222",Northman,0,11,2141.1099,194.6463590101762
"62-2454132",Orc,0,31,9623.759,310.4438668835548
"29-2755182",Orc,0,35,14894.413,425.5545724664416
"36-1975252",Northman,1,85,39436.465,463.95835496117087
"38-2569048",Human,0,112,19102.398,170.55714309215546
"93-8258541",Human,0,47,12031.19,255.98276621230104
"81-5828181",Hobbit,0,7,4203.38,600.4828488158861
"95-0868333",Elf,0,127,73726.63,580.5247231130525
"34-7137173",Hobbit,1,42,36827.06,876.8345308530899
"70-1022322",Hobbit,0,47,10387.36,221.00765571188418
"95-3953320",Orc,0,258,191942.69,743.9638757114262
"04-7219997",Human,0,19,22992.352,1210.1236781070106
"42-3422853",Elf,1,35,19434.68,555.2765698024205
"36-5513975",Northman,1,241,314352.16,1304.3656858230527
"07-7748954",Human,0,100,9269.34,92.69339859962463
"42-7640387",Human,1,21,8072.1797,384.38952132633756
"13-1708559",Northman,0,1,89.84,89.83999633789062
"81-6564676",Northman,0,3,3076.9102,1025.6366780598958
"96-1313727",Elf,0,29,7442.63,256.64240971926984
"72-0883170",Orc,0,1,149.73,149.72999572753906
"63-4625427",Demon,0,35,1366.3098,39.03742777960641
"61-1547503",Northman,0,33,9689.512,293.621516198823
"22-6085654",Human,0,10,2260.9001,226.08999519348146
"64-8484302",Northman,0,5,1191.08,238.21599407196044
"64-7686430",Angel,0,83,15348.172,184.91770917823516
"73-5075075",Human,0,242,110627.53,457.1386736109237
"03-9475436",Human,0,172,64957.254,377.6584879830913
"81-3267621",Demon,0,114,244622.08,2145.808690121299
"10-3367941",Northman,0,25,2689.3293,107.57319825172425
"64-5013669",Demon,0,10,4147.46,414.7459962844849
"26-4147756",Hobbit,0,44,29330.404,666.6000020774928
"15-6228183",Human,0,33,43570.766,1320.3263697768703
"89-0287096",Northman,0,14,1317.59,94.11357191630772
"78-6022421",Human,0,14,5602.0596,400.1471470424107
"55-0202029",Human,1,21,31914.436,1519.7352403913226
"25-1497810",Human,0,16,2191.16,136.9475000500679
"88-7763587",Orc,0,34,10125.4,297.80588388442993
"62-7293027",Orc,0,7,1010.50006,144.3571410860334
"54-7309026",Human,0,37,14929.332,403.4954016401961
"87-0283694",Orc,0,25,30711.797,1228.4719905090333
"22-9705203",Hobbit,0,28,14044.63,501.5939345359802
"64-4677609",Orc,0,4,973.23,243.30749893188477
"28-4062225",Demon,0,109,28132.473,258.095959917121
"47-7418445",Elf,0,27,4544.22,168.30444448965568
"28-6341086",Northman,0,67,19172.615,286.1583569583608
"25-8776207",Angel,0,123,46959.934,381.7880438944189
"03-1442317",Human,0,240,104539.49,435.5811237076918
"02-1821357",Orc,1,9,1721.88,191.3199988471137
"52-5139535",Human,0,70,46355.76,662.224997987066
"38-2236896",Demon,1,18,2599.28,144.4044451183743
"36-5286853",Demon,0,62,17101.273,275.8269344952799
"84-5767358",Hobbit,1,43,4270.3496,99.3104653524798
"55-3792685",Elf,0,148,4680.509,31.62506730330957
"44-5077637",Angel,0,49,47229.65,963.8702024975602
"40-8835127",Demon,0,33,17535.473,531.3778831019546
"19-9408199",Orc,1,36,6479.3994,179.98333115710153
"33-6281203",Human,0,2,1871.6,935.7999877929688
"91-6117236",Elf,0,203,46861.562,230.8451739813894
"18-4208579",Elf,0,243,152630.23,628.1081029554454
"05-1635814",Northman,0,27,8062.769,298.6211066422639
"90-0381659",Elf,1,1,149.73,149.72999572753906
"56-9156799",Angel,1,11,5880.88,534.6254501342773
"95-4235400",Human,0,39,13307.46,341.2169217958282
"28-2100737",Human,0,20,11910.83,595.5414940834046
"75-6124207",Hobbit,0,200,298976.22,1494.880843911171
"30-4079342",Northman,1,8,576.43994,72.05500030517578
"54-2407768",Elf,0,25,3205.7007,128.22799964904786
"24-2619287",Orc,0,4,8818.97,2204.742489337921
"16-3687278",Hobbit,0,5,1624.54,324.9080060958862
"16-4344623",Elf,1,24,2434.8499,101.45208410422008
"40-5691014",Orc,0,82,226774.25,2765.5404956631546
"63-2862614",Hobbit,0,2,416.84,208.42000007629395
"45-3072951",Human,0,129,12448.552,96.50038736671671
"85-1099868",Elf,0,17,3678.5403,216.38470616060144
"87-2189729",Northman,0,195,44601.09,228.7235389672793
"53-8094055",Human,0,211,35673.48,169.06853050869222
"14-3600656",Human,0,33,2868.7698,86.9324237722339
"06-0361799",Orc,0,123,233982.14,1902.2935097023724
"89-3880744",Hobbit,1,28,10733.612,383.3432162148612
"40-9399635",Hobbit,0,107,168441.28,1574.217569814664
"17-2974249",Human,0,28,8070.2896,288.2246458871024
"81-3609701",Human,0,20,5594.57,279.72849836349485
"17-1042094",Northman,0,4,482.86996,120.71749687194824
"40-5793275",Hobbit,1,46,31592.951,686.8030313668044
"97-1181961",Orc,0,1,74.86,74.86000061035156
"55-6452725",Angel,0,62,59569.812,960.8032162304847
"29-8803896",Elf,0,30,11696.381,389.8793310165405
"59-2251834",Orc,0,15,3743.1704,249.54466654459637
"79-4583548",Elf,0,11,9235.061,839.5509170185436
"97-0319639",Hobbit,0,198,383305.34,1935.886565603391
"60-0035646",Demon,0,2,381.81,190.90500354766846
"45-4433021",Hobbit,1,5,475.38,95.0760015487671
"13-4311013",Elf,0,57,13274.449,232.88508649993884
"05-4915246",Orc,0,31,6569.32,211.91354540086562
"42-4279990",Human,0,12,4678.98,389.9150047302246
"92-5281476",Orc,0,13,3146.92,242.07076967679538
"55-3222103",Human,0,35,39786.38,1136.7536654968346
"03-8390139",Human,0,95,134098.62,1411.5646368829828
"76-8880849",Orc,0,54,283372.12,5247.632632220233
"52-7013186",Hobbit,1,1,53.83,53.83000183105469
"47-9683381",Northman,0,53,58212.133,1098.3420802827152
"72-3851766",Hobbit,0,11,3185.3906,289.58091337030584
"38-9329069",Human,0,24,4340.52,180.85499782363573
"17-9097609",Orc,0,1,1143.92,1143.9200439453125
"92-9177741",Hobbit,0,13,14000.303,1076.9461552546575
"54-0744037",Human,0,13,3813.2,293.3230699392465
"81-8232095",Demon,0,113,43878.89,388.30875686312146
"28-3680237",Human,0,10,1003.19995,100.32000102996827
"22-1823339",Human,0,9,1527.37,169.70777774602175
"48-8357261",Northman,0,38,22756.95,598.8670974781638
"79-4082311",Angel,0,20,17777.89,888.8944840431213
"65-7231565",Human,0,41,26133.438,637.4009799957275
"85-4187919",Orc,0,25,3241.6194,129.66479873657227
"29-2970115",Human,1,67,19147.14,285.7782074088481
"74-2854759",Hobbit,0,31,19524.352,629.8177390560027
"87-7551388",Human,0,3,454.35,151.4500026702881
"82-0994015",Northman,0,71,27167.863,382.6459160522676
"85-2935931",Demon,0,27,15365.8,569.1037001433195
"18-0227746",Human,0,66,42758.902,647.8621248765426
"79-3366774",Hobbit,0,56,19185.428,342.59678604773114
"60-0574808",Orc,0,6,7855.52,1309.2533200581868
"60-3166797",Elf,0,130,133190.33,1024.541229908283
"03-5674137",Hobbit,0,14,7465.9,533.2785776427814
"47-1567699",Hobbit,0,27,13842.61,512.689258089772
"12-6188552",Demon,0,15,9834.73,655.6486746470133
"60-2825803",Orc,0,3,427.32,142.44000244140625
"01-3970659",Elf,0,8,2302.06,287.7574996948242
"71-3071081",Human,0,81,29003.322,358.06567698937874
"10-2482463",Northman,0,92,44224.56,480.70162826128626
"31-1031133",Angel,0,38,12808.61,337.06868046208433
"45-3100265",Orc,0,1,74.86,74.86000061035156
"98-0645111",Elf,0,19,18841.78,991.6726089025799
"89-4740535",Northman,0,15,8044.141,536.2760091145833
"87-8685752",Northman,0,45,35734.246,794.0942196316189
"34-5243324",Hobbit,0,85,19247.543,226.44164590274588
"56-7320071",Elf,1,60,13769.9,229.4983338991801
"08-8519116",Hobbit,0,2,449.18,224.59000396728516
"07-8284449",Demon,0,3,1010.66003,336.8866729736328
"84-2046710",Northman,0,26,18075.812,695.2234667264498
"61-4709155",Northman,0,67,6157.3,91.89999985316796
"77-5381349",Demon,0,1,33.06,33.060001373291016
"66-8236696",Orc,0,66,32277.555,489.05378780942976
"49-7817094",Angel,1,9917,667242.75,67.28266110104504
"98-5870750",Human,0,58,15727.321,271.1606903980518
"11-6458782",Elf,1,69,67864.53,983.5437619429675
"62-3156457",Orc,0,107,3987.0806,37.26242967103129
"26-8444720",Demon,0,49,3517.79,71.79163286150718
"02-6386867",Elf,0,36,7070.861,196.41277839077844
"43-8404305",Human,0,44,21895.26,497.6195455681194
"32-8011810",Northman,0,40,15191.17,379.77924731969836
"13-1337860",Northman,1,65,227515.08,3500.231675485464
"88-2964108",Angel,0,28,20501.504,732.1964315686907
"84-7480429",Human,0,38,13037.523,343.09263528648177
"69-2479792",Northman,0,23,8224.851,357.6021737637727
"55-3392526",Human,0,1,6.9,6.900000095367432
"66-3212438",Human,1,23,15036.779,653.7730331420898
"70-4630605",Northman,0,18,16095.75,894.2083265516493
"02-1183833",Human,0,87,333175.75,3829.605966987281
"12-2054527",Human,0,38,13501.699,355.30789205275084
"99-4393918",Elf,0,53,4696.5493,88.6141506995795
"80-4840324",Angel,0,25,14388.842,575.5536005401611
"51-4123470",Elf,0,32,31586.652,987.0828080996871
"56-6065853",Orc,0,47,4409.4897,93.81893537399617
"91-0553507",Human,0,30,21711.287,723.7096666971843
"64-2105327",Human,0,54,54681.81,1012.6259236512361
"18-2959126",Northman,1,6,5015.88,835.9799842834473
"31-7817793",Northman,0,35,17909.68,511.7051425729479
"08-2489673",Human,0,42,23993.371,571.2707098098028
"63-3334795",Human,0,2,21710.52,10855.260009765625
"83-3654598",Elf,0,21,4455.5303,212.1680965423584
"43-5453364",Orc,1,57,73613.69,1291.4678846660413
"26-5646381",Elf,0,20,3754.8098,187.74050102233886
"93-9951834",Angel,0,21,21178.98,1008.5228533063616
"21-9554907",Northman,0,15,1758.48,117.23199806213378
"10-2431584",Demon,0,73,56223.035,770.1784913474567
"63-8533282",Orc,0,173,53659.406,310.1699986953956
"35-4806902",Human,0,48,29017.197,604.5249951481819
"01-6312121",Demon,0,35,22251.072,635.7448576245989
"43-7716208",Orc,0,101,36828.758,364.64118540641107
"60-4694668",Hobbit,1,4,1063.0599,265.7650032043457
"64-9834908",Elf,0,69,26131.332,378.7147772968679
"68-2189624",Hobbit,0,154,76060.336,493.898120450122
"53-5607887",Human,0,17,12115.15,712.6558800865622
"26-2158488",Demon,1,17,1924.0,113.17647064433379
"80-4845857",Orc,0,23,6831.3193,297.0139095472253
"21-6438869",Demon,0,40,4527.111,113.17774919271469
"07-6308926",Orc,0,21,2595.15,123.5785722391946
"95-9950090",Hobbit,1,30,10522.111,350.7369969685872
"94-2758716",Orc,0,40,16199.969,404.9992436364293
"04-4554597",Hobbit,0,174,178356.42,1025.0373546104322
"15-9250809",Human,0,9,1084.25,120.47222010294597
"83-0634957",Hobbit,0,59,141387.52,2396.398311679646
"77-7264101",Demon,0,61,28508.176,467.34704814973423
"47-6388354",Northman,0,37,312007.1,8432.62487617699
"79-6851491",Human,0,5,172.18,34.43600006103516
"57-3567829",Human,0,29,7342.6196,253.19379056733231
"02-7364203",Orc,0,35,16024.629,457.84657121385845
"96-0971268",Human,0,42,19981.168,475.7421399752299
"38-6514790",Angel,0,82,102964.055,1255.6592740314763
"17-0927075",Elf,0,12,4766.59,397.21583463748294
"37-3862885",Angel,0,28,30778.83,1099.2439207349505
"68-1764767",Hobbit,0,110,58958.195,535.983542806452
"02-2843005",Orc,0,51,98035.35,1922.2617605293499
"51-6288391",Northman,1,2,41.170002,20.585000157356262
"53-0780722",Human,0,40,6030.2896,150.75724897384643
"17-9688197",Orc,0,28,4309.29,153.90321271760124
"68-3488852",Human,0,24,65966.96,2748.622937520345
"35-0780243",Human,0,74,38740.06,523.5141865884935
"94-8151834",Human,0,38,16142.92,424.81367946455356
"48-0240213",Orc,0,5,988.94995,197.78999938964844
"93-0445240",Elf,0,6,9575.08,1595.8466634750366
"48-9241655",Orc,0,15,2748.4802,183.2320031940937
"60-8909196",Angel,0,16,1770.5099,110.65687520802021
"12-9868212",Angel,0,45,7275.149,161.66999984317357
"06-1379885",Elf,1,13,32448.37,2496.0284344599795
"76-8576746",Angel,0,24,4538.6406,189.1099979877472
"33-5668369",Orc,0,13,4708.9395,362.2261603428767
"75-8633500",Angel,0,54,10997.502,203.6574057340622
"59-5304450",Northman,0,55,38397.86,698.1427247724749
"51-7735197",Hobbit,0,39,21907.748,561.7371731782571
"33-5496342",Northman,0,36,5249.6304,145.8230561150445
"68-2599371",Human,0,28,3975.2803,141.97428762061256
"55-9634754",Demon,0,22,41442.39,1883.7450138438833
"03-8658300",Elf,0,23,3583.86,155.8199990365816
"31-7292751",Elf,0,4,608.04,152.00999855995178
"57-9690400",Orc,0,13,3170.4895,243.88384775015024
"66-3628426",Elf,0,13,3892.9797,299.4599914550781
"79-4749252",Elf,0,5,291.96997,58.39400043487549
"17-8591271",Human,0,67,47706.75,712.0410392818167
"33-7705159",Orc,0,13,2141.12,164.701537499061
"78-6886983",Human,0,29,9071.25,312.8017163112246
"42-6181025",Orc,0,97,27142.793,279.8225764367998
"29-9451675",Northman,1,255,131723.61,516.5632529270707
"23-4414319",Elf,0,25,24735.03,989.40119140625
"70-0466161",Angel,0,8460,71267.68,8.42425994866794
"48-7305683",Angel,0,113,68381.32,605.1442493253049
"14-3837807",Northman,0,77,175868.69,2284.00895790001
"07-0617964",Human,0,113,448861.3,3972.223958513378
"19-6237092",Hobbit,1,50,10879.69,217.59379611968996
"30-6295990",Northman,0,2,1721.87,860.9350128173828
"46-5384374",Human,0,2,1384.98,692.4899749755859
"24-6803277",Demon,0,152,144687.47,951.8914535086798
"54-7185869",Human,0,27,43683.062,1617.891109890408
"69-0235096",Orc,0,57,18731.928,328.63035030993063
"67-9448361",Northman,0,46,18582.197,403.9608681720236
"09-5057256",Hobbit,0,3,180.42,60.139997482299805
"91-2024073",Human,1,4,4189.14,1047.2850086688995
"10-0597467",Elf,0,34,30155.215,886.917943169089
"87-9940052",Orc,0,31,10168.56,328.01805721559833
"58-1441573",Orc,0,24,27894.219,1162.2591644525528
"09-1645509",Hobbit,0,206,294637.38,1430.27904307184
"42-2645269",Demon,0,2,7486.38,3743.18994140625
"52-0393381",Elf,0,46,61260.883,1331.7584789421248
"09-8880039",Orc,0,85,56604.145,665.9309443557963
"53-8511519",Angel,0,61,7679.7983,125.89836013903383
"98-0829572",Northman,0,160,293799.56,1836.2472375888842
"29-3876188",Orc,0,59,67939.375,1151.5147437402757
"39-8306036",Human,0,3,169.01,56.33666515350342
"67-2465620",Northman,0,64,54365.91,849.4673432484269
"96-4389315",Northman,0,125,132587.47,1060.6998368453978
"86-8138102",Northman,0,1,33.61,33.61000061035156
"24-3354652",Angel,0,49,17530.883,357.77306309524846
"94-0066018",Hobbit,0,20,6241.41,312.0705020904541
"15-5902964",Human,0,3,606.4,202.13333455721536
"24-0033230",Northman,0,16,5602.3804,350.14874613285065
"66-8032290",Human,0,28,8717.899,311.3535701206752
"22-0603021",Northman,0,15,6448.8,429.91999397277834
"65-0752851",Orc,0,77,17341.467,225.21376624664703
"85-1260154",Human,0,22,15040.739,683.6700102632695
"49-4789969",Northman,0,59,5766.0317,97.7293202634585
"45-0464547",Human,0,61,15244.522,249.91016240979803
"71-9683942",Angel,0,52,9175.649,176.4548055758843
"22-1261159",Hobbit,0,135,14570.765,107.93155442520424
"32-5517164",Human,0,5,1050.43,210.08599948883057
"44-7283956",Demon,0,96,37167.652,387.1631266673406
"99-0946920",Human,0,45,50148.42,1114.4093447011378
"00-5623981",Northman,0,65,22771.15,350.32538534494546
"62-2135878",Human,0,84,14968.995,178.2022636476017
"32-4063616",Human,1,56,15933.042,284.51856753230095
"80-3979968",Orc,1,27,13969.141,517.3755603013216
"62-4757589",Human,1,46,20265.615,440.5567384595456
"89-1348804",Elf,0,33,23712.703,718.566657578629
"34-2794846",Human,0,34,9339.279,274.68470831478345
"86-9405656",Angel,0,2,1085.53,542.7649917602539
"44-5588565",Demon,0,13,11961.741,920.1338436420148
"30-0870434",Human,0,12,8916.28,743.0233268737793
"55-3352720",Northman,0,340,1769529.5,5204.495814671433
"99-6557901",Human,0,124,180539.27,1455.9621819680738
"02-9198167",Demon,1,62,24474.082,394.7432230789395
"10-1790408",Northman,0,4,3892.93,973.2324714660645
"77-8274253",Angel,0,214,163920.9,765.9857466209714
"29-2488618",Human,0,67,41019.367,612.2292517512592
"14-3615337",Human,0,31,16607.791,535.7351618120747
"26-4032124",Orc,0,2,1107.99,553.9950103759766
"45-9149829",Elf,1,70,20294.219,289.91742661339896
"70-8477511",Human,0,2,449.25,224.62500762939453
"15-3279102",Northman,0,130,196840.98,1514.1620744044965
"00-8542295",Demon,0,19,1905.2698,100.27736869611238
"84-8008167",Orc,0,29,17357.18,598.5234501279633
"80-8238767",Elf,1,33,41099.36,1245.4351476033528
"45-5273013",Northman,0,60,21291.664,354.86100282669065
"35-9824726",Orc,0,54,31418.729,581.828334207888
"22-5310624",Orc,0,30,7613.6597,253.788667011261
"37-2017821",Hobbit,0,29,5058.111,174.4175850440716
"87-8616950",Northman,1,10,32303.908,3230.3909072875977
"04-1612765",Elf,0,4,606.4,151.60000085830688
"87-5658715",Hobbit,1,58,46632.75,804.0127492279842
"51-7475275",Human,0,3,321.90997,107.30333201090495
"44-4615614",Elf,0,37,55785.652,1507.7202758273563
"45-7612599",Orc,0,82,24127.604,294.23914631110864
"40-1787942",Elf,0,24,11570.219,482.09250064690906
"43-8768067",Human,0,1,374.32,374.32000732421875
"06-1022430",Orc,0,48,7554.38,157.38291392227015
"60-9643406",Hobbit,1,18,2453.14,136.28555488586426
"25-2558759",Human,0,7,2148.5898,306.9414333615984
"37-5282880",Human,0,1,74.86,74.86000061035156
"05-5643329",Human,0,11,7022.69,638.4263680197976
"43-7875348",Northman,0,71,31316.334,441.0750696433472
"70-0254826",Orc,0,56,21508.633,384.0826736518315
"21-9010378",Hobbit,0,23,1824.4298,79.3230427555416
"68-9061672",Human,0,349,167779.86,480.7450144516363
"37-2111477",Demon,1,159,199607.4,1255.393088760616
"48-1578319",Angel,0,62,20075.533,323.7988678563026
"50-5329750",Orc,0,7,6098.42,871.2028579711914
"14-1856673",Orc,0,20,12198.02,609.9009906768799
"48-8980901",Human,0,1,2191.23,2191.22998046875
"77-4422832",Northman,0,23,3241.63,140.94043308755627
"09-8717030",Northman,0,11,4454.41,404.9463639692827
"40-0920733",Orc,0,3,2463.02,821.0066579182943
"27-9375249",Northman,0,85,19383.062,228.03599952397977
"97-2163402",Northman,0,19,4238.3096,223.06894170610528
"70-1125053",Northman,0,48,23074.012,480.7085413634777
"80-3435014",Hobbit,0,136,23215.945,170.7054412132677
"86-7102367",Human,0,41,6930.1294,169.02756021080947
"76-9346690",Human,0,23,38951.69,1693.5517213240914
"57-0321213",Human,0,1,3.74,3.740000009536743
"79-9440980",Orc,1,24,4674.49,194.7704138060411
"05-2946030",Demon,0,12,894.60986,74.550832370917
"91-2140979",Human,0,143,198517.95,1388.2379026434326
"45-4829128",Elf,0,24010,1577411.9,65.69558796931193
"36-1603147",Hobbit,0,172,67514.42,392.52563684624295
"53-6605967",Hobbit,1,1,37.43,37.43000030517578
"76-5688694",Angel,0,70,37719.84,538.8547152417046
"74-5296994",Orc,0,95,62352.125,656.3379923067595
"61-1888545",Human,0,9,2906.6003,322.95555729336206
"14-9797469",Human,0,15,2582.8403,172.18933614095053
"06-1250826",Orc,0,31,18528.871,597.7054843287314
"34-0251101",Elf,0,47,8406.439,178.86042627375176
"58-7733547",Northman,0,41,5325.0703,129.8797572996558
"95-9753384",Northman,0,1,74.86,74.86000061035156
"19-1173517",Angel,0,3,14972.77,4990.92333984375
"66-9934337",Human,0,46,17329.191,376.7215207348699
"76-0554543",Human,0,56,27106.72,484.0483899286815
"22-3547513",Northman,1,108,41125.86,380.79490458744544
"72-2200466",Angel,0,7,2050.82,292.97428335462297
"55-0312770",Northman,0,48,30554.586,636.553750137488
"15-7180058",Northman,0,10,2433.08,243.30799713134766
"74-9877832",Human,1,97,54559.992,562.4741229716036
"14-9987125",Orc,0,146,326763.94,2238.109168997009
"57-8584114",Angel,0,142,136556.8,961.6672513484955
"32-6309491",Northman,0,2,104.81,52.40500068664551
"04-7977507",Human,0,49,56709.375,1157.3340753049267
"98-5018877",Human,0,26,4789.48,184.21076664557825
"60-8755384",Demon,0,5,9432.85,1886.57001953125
"71-0955694",Angel,0,1,217.11,217.11000061035156
"99-9407579",Orc,0,65,14387.26,221.3424617437216
"73-4089536",Human,0,4,902.11,225.52749633789062
"52-4914255",Northman,0,53,48005.984,905.773203399946
"98-9459264",Elf,1,81,14704.1045,181.53209830949336
"59-5017376",Human,0,57,70262.83,1232.6810570620653
"59-2722417",Demon,1,117,132477.95,1132.2901744353464
"20-9289648",Human,0,5,26688.97,5337.794018554688
"07-4064677",Northman,0,51,83136.055,1630.1186224245557
"12-3929517",Elf,0,184,57166.04,310.68489194483215
"63-7741354",Human,1,33,23633.525,716.1675696517482
"37-2349920",Hobbit,0,23,6538.6113,284.28739022172016
"10-0490074",Orc,0,48,38495.09,801.9808355967203
"99-8968495",Northman,0,33,10626.2,322.006059885025
"87-1941365",Human,1,27,6548.81,242.54851756272492
"00-3105004",Elf,0,64,255158.69,3986.855135202408
"85-6102166",Angel,1,71,39223.805,552.447880328541
"53-4926263",Human,0,1,374.32,374.32000732421875
"82-4661245",Human,0,2,860.94,430.47000885009766
"38-5563691",Human,0,328,59839.23,182.43670691917765
"39-8914834",Elf,1,5,2245.92,449.1840057373047
"64-2836283",Elf,0,32,5793.3193,181.04124871268868
"63-2802638",Angel,0,9,5644.43,627.1588933732775
"68-3771943",Elf,0,136,43864.867,322.53581264861583
"17-9944306",Orc,1,143,45990.31,321.61055642574814
"97-5713885",Orc,0,172,36350.117,211.33784871323164
"99-8975375",Orc,0,69,30890.562,447.6892788168313
"26-5988269",Hobbit,0,76,35634.25,468.8715775263937
"27-6512469",Orc,0,83,37041.664,446.28505781759696
"23-0631912",Northman,0,15,32484.988,2165.6659502824145
"55-8501859",Human,0,26,13118.82,504.57000123537506
"18-4649570",Hobbit,0,2,2769.96,1384.97998046875
"34-2069581",Human,0,164,126992.48,774.3443323868077
"38-7179288",Human,0,73,63957.67,876.1324634290721
"03-4552124",Orc,0,30,21905.172,730.1723346074422
"72-5399893",Elf,0,60,29757.746,495.96233007510506
"95-9928879",Human,0,55,11872.084,215.85599875883622
"27-0139959",Northman,0,2,561.48,280.73999786376953
"06-6875396",Human,1,2,18.710001,9.355000138282776
"93-5534624",Hobbit,1,71,11364.31,160.0607033648961
"25-2693311",Orc,1,53,62033.08,1170.435467545857
"42-0134721",Northman,1,86,38079.06,442.77964595306753
"78-9171761",Northman,0,40,50047.375,1251.1842458724975
"39-5736553",Hobbit,1,11,2601.51,236.5009126663208
"38-8389287",Orc,0,15,1995.1298,133.00866357485452
"84-1902974",Human,0,297,129423.29,435.76902353986844
"94-6378158",Orc,0,11,112370.65,10215.514616532759
"20-1974999",Human,0,47,57348.58,1220.1823359753223
"57-2113700",Orc,0,223,182763.5,819.56735127603
"10-0390938",Human,0,20,2445.7803,122.28899947404861
"30-6712514",Elf,0,67,40389.03,602.8213458844085
"00-8586665",Hobbit,0,40,6199.34,154.9835009098053
"24-7532810",Elf,0,17,7884.73,463.80764683555157
"74-4430882",Orc,0,26,15406.9795,592.5761597706721
"96-6973836",Human,0,1,673.77,673.77001953125
"57-2289343",Orc,0,2,396.78,198.3900032043457
"82-9778850",Orc,0,4,1176.7,294.1750030517578
"44-4827639",Hobbit,0,33,21107.717,639.6278770620173
"17-3661417",Hobbit,1,54,23387.814,433.1075884677746
"00-7766529",Demon,0,27,26861.791,994.8811083899604
"50-9322525",Demon,0,72,35034.77,486.5940253370338
"03-3450991",Demon,0,41,72690.79,1772.946093349922
"88-9987633",Angel,1,27,27437.652,1016.2092646846065
"05-8628908",Elf,0,20,17651.56,882.5780165672302
"18-6029706",Human,0,3,494.1,164.70000012715658
"51-9707493",Hobbit,0,6,4641.56,773.5933227539062
"99-9095841",Human,0,8,4452.8203,556.6025092601776
"44-2114960",Elf,0,84,19344.908,230.29642712568776
"37-0344742",Orc,1,18,1399.23,77.73499988185034
"84-9710278",Angel,0,56,13151.37,234.84588950020927
"93-6573273",Human,0,9,5203.12,578.1244566515088
"29-4158360",Hobbit,0,179,372181.7,2079.2279841047425
"16-3911767",Elf,0,71,26433.443,372.3019711803382
"68-4645234",Orc,1,93,61443.82,660.686248336508
"36-4950783",Human,0,2,2013.8401,1006.9200134277344
"72-2848754",Hobbit,1,98,10432.394,106.45295908743022
"70-5036660",Hobbit,0,68,134441.75,1977.0844042441424
"75-6200793",Hobbit,0,12,16174.341,1347.861670811971
"88-7967248",Northman,0,56,9667.531,172.63446467689104
"68-0836382",Orc,0,26,15994.21,615.161926598503
"92-1243536",Orc,0,14,1489.7799,106.41285705566406
"42-1805053",Orc,1,34,78665.71,2313.697661287644
"17-5909375",Elf,0,28,25207.47,900.2667830330985
"01-2088180",Human,0,3,505.2,168.3999989827474
"23-5922517",Human,0,19,7755.911,408.2057803806506
"56-1305688",Human,0,19,3155.52,166.07999831751772
"67-2855511",Northman,0,79,99568.92,1260.3660811412183
"45-8056224",Human,0,14,31289.05,2234.932149342128
"99-1624997",Orc,0,9,1453.85,161.5388863881429
"32-3200637",Human,0,4,3855.48,963.8699853420258
"91-2901248",Hobbit,0,91,25080.914,275.6143963572743
"74-3802313",Human,0,601,115001.96,191.35098056666268
"72-5389617",Elf,0,6,1149.16,191.52666600545248
"13-1851935",Orc,0,2,449.19,224.5949935913086
"02-0984298",Orc,1,1,3.74,3.740000009536743
"09-8072199",Human,0,41,8574.922,209.14438873384057
"01-2387075",Human,0,38,7527.589,198.094472383198
"56-7153486",Orc,0,5,610.13,122.02599868774413
"31-1878151",Elf,1,54,90061.27,1667.8011200516312
"11-7890755",Hobbit,0,16,3196.47,199.77937519550323
"52-8353508",Human,0,17,4538.6597,266.9799970739028
"53-2462937",Northman,0,110,49192.01,447.20009105923504
"76-5062552",Elf,1,3,2807.3901,935.7966613769531
"07-0760682",Human,0,22,20026.11,910.2777284275402
"17-7281060",Human,0,6,14400.89,2400.1483612060547
"32-5479007",Angel,0,54,44558.25,825.1527741220262
"88-4982788",Orc,0,27,22079.49,817.7588827345106
"06-8678587",Angel,0,5,423.02,84.60399856567383
"13-3283811",Elf,0,67,26572.65,396.60657313332626
"30-7906149",Northman,0,91,287391.1,3158.1441613291645
"47-4287407",Orc,0,33,8299.399,251.49696644869718
"67-2110410",Human,0,20,8937.26,446.8629951477051
"56-5915804",Human,0,6,45277.67,7546.278217315674
"04-8155551",Orc,0,96,16910.668,176.15281201402345
"05-1482670",Human,0,87,65225.883,749.722756879083
"91-4018219",Human,1,44,10783.198,245.07272748174992
"73-6296303",Hobbit,0,36,8813.97,244.83250004053116
"21-8343692",Angel,0,59,8875.028,150.4242368673874
"98-2543005",Northman,0,11,36333.31,3303.0281053022904
"51-5840354",Orc,0,45,8238.81,183.08466534763573
"03-8600680",Human,1,24,23567.143,981.964169661204
"05-8308931",Human,0,13,1422.4099,109.41615295410156
"79-0978873",Human,0,58,15940.67,274.8391401233344
"01-1814975",Orc,0,21,1886.5199,89.83428600856236
"51-8979222",Orc,0,354,579749.94,1637.712098984395
"19-7188134",Human,0,6,4866.15,811.0249938964844
"82-2415247",Elf,1,2,299.46,149.72999572753906
"55-5847025",Human,0,11031,500304.66,45.35393980756779
"55-9395190",Northman,1,39,129162.62,3311.8625586094
"42-4804057",Hobbit,0,13,2545.2004,195.7846163236178
"46-3232862",Orc,0,140,371927.34,2656.624781526838
"13-8939005",Northman,0,227,914858.25,4030.2122143144647
"70-4692152",Human,0,22,27501.219,1250.0554480119185
"70-3095198",Hobbit,0,1072,307592.06,286.93268559214226
"29-7372762",Elf,0,17,9620.0,565.8823529411765
"53-8948737",Human,0,58,9848.401,169.79999915484726
"54-1781011",Elf,0,77,10476.472,136.05805196700157
"66-8438982",Orc,0,12,13409.801,1117.4833285013835
"06-8340027",Angel,0,24,19636.79,818.1995760599772
"91-4778028",Elf,0,27,7261.809,268.9559248553382
"59-1405824",Northman,1,8,2949.6501,368.70625591278076
"76-8343710",Northman,0,2,1474.8201,737.4100036621094
"27-0301164",Orc,0,15,3406.3198,227.08799794514974
"11-7379552",Elf,0,1,449.18,449.17999267578125
"32-7731508",Northman,0,53,24024.229,453.2873580500765
"88-4833929",Angel,0,19,7898.13,415.6910548963045
"98-0840031",Human,0,72,53907.723,748.7181935310364
"16-2543343",Human,0,9,10761.681,1195.742219712999
"47-8577203",Hobbit,0,2,82.35,41.17500019073486
"42-0811995",Hobbit,0,20,2317.0798,115.85399942398071
"89-4667116",Elf,0,9,13363.199,1484.8000081380208
"51-1581821",Northman,0,46,64347.01,1398.848043732021
"62-3281907",Orc,1,81,79541.77,981.9969138863646
"95-8254423",Orc,0,14,14280.29,1020.0207134144647
"04-9490893",Elf,0,45,57798.85,1284.4186755498251
"82-9982076",Orc,0,8,505.89,63.2362494468689
"37-4968745",Orc,0,10,2612.7302,261.27299308776855
"78-4441714",Orc,0,16,5678.4297,354.901874601841
"73-8840416",Northman,0,32,5191.7896,162.24343675374985
"97-8309855",Northman,1,9,884.88995,98.32111146714952
"65-9171840",Orc,1,37,15689.459,424.03946074923954
"54-4778848",Orc,0,57,17163.838,301.1200015042958
"75-2428938",Elf,0,61,22115.162,362.5436038189247
"59-7525360",Orc,1,4,82.35,20.587500154972076
"42-0182981",Orc,0,28,15122.532,540.0903654098511
"58-9304340",Orc,0,6,572.72,95.45333162943523
"76-8381107",Hobbit,0,11,33338.01,3030.7282007390804
"12-1644069",Elf,0,28,49088.055,1753.1446822030205
"72-5473253",Angel,1,18,8929.371,496.07609950171576
"71-0020116",Human,1,40,57904.234,1447.6057456970216
"98-2569772",Northman,0,40,20223.021,505.57549529075624
"82-7115529",Northman,0,15,5272.8193,351.52132812539736
"07-0758416",Northman,0,2,801.04,400.5199966430664
"88-0435115",Hobbit,0,6,7050.599,1175.0999857584636
"99-8735041",Angel,0,25,3013.26,120.53039901733399
"46-3420949",Elf,1,66,9888.552,149.82651565291664
"05-0577734",Orc,0,69,42954.348,622.5266645403876
"81-1653417",Orc,0,100,153491.73,1534.9174082183838
"74-2691338",Angel,1,64,11522.902,180.04531002044678
"72-6846507",Hobbit,1,29,31346.615,1080.9175979721135
"22-1126692",Orc,0,162,73209.2,451.90864548123915
"85-8486346",Orc,1,33,14457.512,438.10636000199753
"55-6402051",Demon,1,2,3196.39,1598.1949996948242
"74-3579732",Human,0,61,14752.201,241.83934235181965
"05-9308819",Orc,0,69,46978.74,680.8511501015097
"19-5633493",Hobbit,0,15,5865.531,391.0353324890137
"73-4910426",Orc,0,32,4646.821,145.21312418580055
"79-1276551",Human,0,75,7183.1387,95.77520036061605
"95-6487551",Hobbit,0,69,29724.674,430.79231990938604
"24-9278117",Demon,0,76,25777.432,339.17670756892153
"22-6505648",Orc,1,45,18924.7,420.5488841586643
"74-9529728",Hobbit,0,20,14377.39,718.8694897770881
"94-5042073",Northman,0,14,4754.46,339.604284286499
"45-7150351",Northman,1,63,30343.816,481.6477757711259
"28-5067835",Human,0,65,11907.083,183.1858463727511
"85-1067763",Human,0,24,3245.3398,135.22249841690063
"91-4605247",Hobbit,0,102,10341.334,101.3855889264275
"55-5365096",Orc,1,5,3765.65,753.1300094604492
"57-4418240",Orc,1,131,102341.08,781.2296917747905
"31-5913213",Angel,0,24,6114.14,254.75583453973135
"64-5055713",Human,0,19,4671.5,245.86842125340513
"95-5639952",Human,0,47,49506.875,1053.337666538326
"43-4969422",Human,0,93,165658.23,1781.2714923991953
"42-4358767",Human,1,23,15635.3,679.79564484306
"64-4729552",Northman,0,22,5840.1704,265.4622730775313
"44-0231774",Human,0,51,20525.02,402.4513662188661
"32-4061243",Hobbit,1,130,125410.83,964.6986983519334
"41-8141748",Human,0,3,9807.16,3269.0533701578775
"95-5037912",Human,0,19,2341.72,123.24842072788037
"22-7179312",Northman,0,1,224.59,224.58999633789062
"18-1904803",Northman,0,13,2882.42,221.7246178480295
"80-1196122",Human,0,321,26765.695,83.38221172194615
"84-4573688",Northman,1,25,16626.6,665.0639949798584
"02-5995293",Human,0,7,4352.1,621.728556224278
"02-9848635",Northman,1,13,2167.3198,166.71691938546988
"48-1469689",Orc,0,62,32877.062,530.2751592051599
"65-1874198",Demon,0,68,23494.854,345.51249777218874
"68-3592763",Orc,1,12,43047.223,3587.2682722210884
"31-8651111",Hobbit,0,34,8508.22,250.24176514849944
"29-3080019",Elf,0,24,11630.868,484.6195888519287
"88-4876668",Northman,0,227,49155.8,216.54524136849963
"52-0722226",Elf,0,67,18177.936,271.31238598610037
"36-9482774",Human,0,28,16599.84,592.8514242172241
"33-5750259",Northman,0,1,374.32,374.32000732421875
"27-9539588",Human,0,58,25476.344,439.24724113530124
"39-5142062",Hobbit,0,5,572.69995,114.53999938964844
"10-2967899",Northman,1,31,60302.633,1945.2461466635427
"95-7325190",Human,0,221,115789.625,523.9350664906912
"14-6740549",Human,0,17,8719.8,512.9294111588422
"63-7773989",Orc,0,19362,1694354.4,87.50970354276694
"55-0356943",Northman,0,55,42043.945,764.4352688182483
"46-9644265",Orc,0,3,1497.2799,499.0933125813802
"25-9689267",Hobbit,0,398,197228.86,495.5502761342287
"37-6786843",Elf,0,148,13058.396,88.23236360743239
"24-8598075",Northman,0,36,5852.7803,162.5772241320875
"34-2177411",Human,0,28,12431.133,443.9689314705985
"47-7392444",Elf,0,17,77319.39,4548.199994255515
"48-2472968",Human,0,2,3250.7302,1625.3650588989258
"40-9328968",Northman,0,12,1521.99,126.83250037829082
"23-9781926",Angel,0,57,24989.584,438.4136836737917
"63-1489472",Northman,0,25,11397.079,455.8832012939453
"80-3351882",Angel,0,3,224.58,74.86000061035156
"58-8794751",Northman,0,21,23343.281,1111.5847338721865
"66-0640982",Northman,0,2,1497.28,748.6399841308594
"29-3163809",Angel,1,44,8329.2,189.3000002151186
"16-9360533",Human,0,11,5779.4688,525.4063594991511
"57-3351337",Human,0,15,1437.3799,95.82533343633015
"77-3225865",Orc,0,108,86724.72,803.0065738300068
"47-2089802",Northman,0,7,2919.69,417.09856959751676
"60-2584301",Northman,0,49,12698.899,259.1612243652344
"64-8905657",Human,0,16,5712.7905,357.04937410354614
"28-0038743",Human,1,27,14158.252,524.3796282874214
"71-2119956",Human,0,29,3801.5999,131.08965410035233
"70-0468903",Human,0,66,7494.9795,113.56030205163088
"75-9079599",Hobbit,0,25,4769.571,190.7828011894226
"04-1160870",Human,1,16,76693.6,4793.350534439087
"86-2744359",Angel,0,136,140896.89,1036.0064656734467
"88-3801254",Hobbit,0,31,5877.32,189.5909678782186
"67-6575393",Northman,0,1,0.75,0.75
"34-6143252",Hobbit,1,5,151.46,30.292000102996827
"21-3957605",Northman,0,1,63.78,63.779998779296875
"71-6501397",Angel,0,2,598.91003,299.4550018310547
"96-2605746",Angel,0,2,524.05,262.0250015258789
"52-8164401",Human,0,37,5385.7803,145.56161981015592
"17-7054660",Hobbit,1,32,8500.66,265.64562380313873
"74-5133560",Human,0,46,234128.97,5089.760457743769
"31-6576062",Human,0,19,7587.4395,399.33894439747456
"81-4193529",Northman,0,1,149.73,149.72999572753906
"89-5451956",Hobbit,0,21,5277.961,251.3314267258559
"95-4867334",Orc,0,18,2351.8499,130.65833202997842
"93-7006529",Human,0,19,2073.73,109.14368293159886
"54-7151442",Northman,0,35,8188.91,233.9688547406878
"19-7800156",Orc,1,6,1137.1799,189.52999623616537
"09-2055472",Elf,1,52,14139.824,271.9196157088646
"40-3372759",Hobbit,1,46,21573.271,468.98413173012113
"49-1682608",Human,0,21,3141.3098,149.5861905415853
"48-7515444",Orc,1,17,7823.2896,460.19353619743794
"28-2318882",Orc,0,69,42242.87,612.2155108068516
"10-3900752",Orc,0,1,187.16,187.16000366210938
"79-6638693",Northman,0,120,78980.45,658.1703363160292
"05-7630271",Elf,0,21,7771.6104,370.07666215442475
"39-7808446",Human,0,10,1890.2999,189.02999591827393
"48-2207450",Orc,0,47,120044.234,2554.1325287514546
"35-8608441",Human,0,25,5610.289,224.4116004562378
"43-6698801",Human,0,23,7021.62,305.2878301104774
"87-0229318",Human,0,65,20495.408,315.3139999976525
"20-9589210",Human,0,15,2603.86,173.5906672000885
"19-3430115",Demon,0,1,3743.19,3743.18994140625
"55-4891964",Northman,0,22,4129.2803,187.69454542073336
"50-3983142",Orc,0,55,31414.973,571.1812751076438
"47-2929849",Hobbit,0,82,20677.217,252.16109664411078
"38-7647651",Orc,0,34,9095.96,267.52823706234204
"04-2949941",Northman,0,4,1619.66,404.9150085449219
"02-8537525",Elf,1,86,30259.973,351.85999870300293
"76-9825609",Orc,0,390,75170.58,192.74497409753312
"97-8730794",Orc,0,95,5091.2896,53.59252622503983
"59-7011574",Human,0,26,16824.76,647.1061381926903
"36-6536036",Hobbit,0,7,2466.02,352.28857149396623
"93-6744401",Orc,0,36,26846.238,745.7288829485575
"78-4452588",Hobbit,0,13,23432.41,1802.4930607722356
"69-1377319",Orc,0,25,8876.671,355.0668023681641
"62-0931078",Hobbit,0,74,9143.553,123.5614862000016
"27-1923582",Human,0,21,1652.25,78.67857074737549
"96-4376595",Human,0,71,14209.198,200.1294382491582
"88-3459953",Human,0,20,2074.0403,103.70200096666812
"64-1596610",Hobbit,1,66,12480.541,189.09909004876107
"52-7354795",Hobbit,0,17,2228.9,131.11176701153025
"25-1276047",Elf,0,39,3937.44,100.95999906001947
"55-3238388",Hobbit,0,20,4998.1904,249.909499168396
"17-1361942",Hobbit,1,82,27192.49,331.61573163329103
"59-2354739",Orc,1,74,19837.508,268.0743245691867
"55-9738225",Demon,0,48,10513.438,219.02999794483185
"58-1360036",Orc,0,1,374.32,374.32000732421875
"56-0540627",Orc,0,3,187.48,62.49333222707113
"62-5331513",Northman,0,32,30530.773,954.0865654349327
"75-3264890",Elf,0,8,5670.94,708.8675072193146
"05-1533314",Human,0,36,13653.339,379.259442663855
"70-9768968",Human,0,78,109134.01,1399.1538442464976
"22-7587282",Human,1,91,31814.316,349.60779973962804
"51-1512249",Northman,0,11,2604.13,236.73908580433238
"15-6727172",Elf,0,37,8333.84,225.23892266041523
"63-7758404",Northman,0,3,1497.28,499.09331766764325
"87-2391463",Human,0,87,34851.098,400.5872417140281
"48-2913118",Orc,0,41,66216.6,1615.0387794680712
"87-3865276",Orc,0,2,449.18,224.58999633789062
"50-3773224",Orc,0,34,60678.66,1784.6664599250344
"50-1033378",Northman,0,13,22713.74,1747.2107087648833
"51-0824453",Orc,0,55,15031.089,273.2925456133756
"43-3561814",Human,0,115,76952.8,669.1547827762106
"20-5014922",Human,1,71,20270.076,285.4939429189118
"00-1728402",Northman,0,62,36938.215,595.7775836990726
"37-6166063",Human,0,26,5678.04,218.38615190065823
"60-3159744",Orc,0,22,20100.95,913.6795380332253
"79-2469972",Human,0,18,9208.288,511.57165866427954
"62-6713037",Human,0,27,19909.32,737.3822135218868
"49-4809777",Northman,0,12,3526.7004,293.8916697502136
"97-4775485",Angel,0,42,32490.924,773.5933182126
"15-1794699",Angel,0,120,29997.867,249.98216545581818
"81-3098027",Human,0,2,235.6,117.79999923706055
"63-7210885",Angel,0,116,33310.22,287.1570675951782
"44-9091090",Hobbit,1,10,3465.7102,346.5709939956665
"17-3915771",Elf,0,21,5864.84,279.2780953816005
"04-2618469",Human,0,36,3054.2302,84.8397212293413
"74-5263982",Northman,0,2,598.91003,299.4550018310547
"44-7622375",Orc,0,11,11603.92,1054.901805530895
"23-6700594",Human,0,54,15579.149,288.5027768170392
"64-8956380",Northman,0,477,69061.914,144.7838992817597
"91-6388073",Hobbit,0,157,92291.234,587.8420366995558
"75-5154674",Human,0,50,18218.959,364.3791961479187
"33-0603148",Hobbit,0,32,8450.29,264.0715589225292
"33-7195046",Orc,0,30,14957.722,498.59066807428997
"97-2341231",Elf,0,158,3432557.8,21725.03656314898
"32-9013301",Orc,0,4,3825.5498,956.3875112533569
"81-3776475",Demon,1,23,8687.939,377.73652127514714
"73-3191994",Northman,0,21,9178.32,437.06285603841144
"72-8934866",Hobbit,0,250,298283.1,1193.1323207321168
"88-7537488",Orc,0,6,5161.86,860.3099873860677
"65-0980191",Northman,0,119,391495.25,3289.877023192013
"80-2524479",Hobbit,0,279,153883.53,551.5539384982064
"29-6964201",Orc,0,68,29143.742,428.5844124064726
"84-6414475",Hobbit,0,19,11719.119,616.7957855384601
"26-5420038",Northman,0,2,54.65,27.324999809265137
"05-8071794",Hobbit,0,2,411.75,205.875
"91-8681316",Hobbit,0,15,2832.1296,188.8086664199829
"55-8264169",Elf,0,209,50063.902,239.5401425760899
"01-8128449",Northman,0,35,17992.402,514.0685645512173
"80-9928684",Northman,0,148,41577.38,280.92824076478547
"64-0602895",Human,1,9,6299.7295,699.969994439019
"89-7069307",Angel,0,14,9137.291,652.6635832275663
"39-8694226",Elf,1,6,651.30994,108.55166482925415
"01-4289996",Hobbit,0,3,1834.1699,611.3899943033854
"82-3907620",Human,0,16,2412.52,150.782497048378
"72-0934948",Northman,0,416,167331.28,402.2392063867032
"88-5784633",Northman,0,87,19305.477,221.9020681353821
"77-2775395",Hobbit,0,13,14040.32,1080.0246100792517
"65-9232025",Elf,0,30,9445.221,314.8406677246094
"54-4830183",Human,0,1,61.09,61.09000015258789
"69-7508806",Orc,0,37,31114.543,840.9335120175335
"43-1868563",Elf,0,106,30915.182,291.6526367439414
"26-3280371",Orc,1,51,15098.014,296.03941459749257
"50-2087891",Elf,0,35,16986.598,485.3314277921404
"22-2687983",Orc,0,80,8046.2905,100.5786241413327
"07-9642232",Angel,0,406,1251665.8,3082.9208426005735
"22-7716123",Orc,0,4,830.24,207.56000328063965
"15-9646342",Hobbit,0,10,7307.2295,730.723014831543
"96-1616446",Northman,0,19,32827.82,1727.7799987792969
"78-1301851",Hobbit,0,2,158.70999,79.3549976348877
"71-2411351",Hobbit,0,38,88371.9,2325.576326470626
"01-3233687",Hobbit,0,33,9528.919,288.75514976386773
"71-3614938",Orc,0,27,4170.46,154.46148080847883
"76-3616525",Human,0,177,300966.72,1700.3777323234722
"57-7449111",Northman,0,9,17196.23,1910.6921836005317
"08-6189278",Orc,0,6,7901.8696,1316.9783223470051
"78-0438565",Elf,1,23,92962.2,4041.8347696325054
"70-2788218",Hobbit,0,58,28105.398,484.5758562252439
"72-5486953",Angel,0,4,3558.44,889.6100006103516
"21-8241029",Angel,0,9,229.09001,25.454444275961983
"43-8911153",Angel,1,34,8669.2705,254.97852591907278
"42-7336200",Hobbit,1,39,13429.131,344.33666449326734
"91-9225593",Northman,1,1,643.83,643.8300170898438
"28-0322605",Hobbit,1,64,136389.2,2131.081271689385
"20-2156110",Angel,0,4,3404.8,851.2000102996826
"55-0185418",Northman,0,18,5517.76,306.54222255282934
"56-6530753",Northman,0,26,9679.21,372.27731132507324
"22-1060212",Human,0,1,359.35,359.3500061035156
"39-6721489",Orc,0,26,5120.67,196.94884784405048
"35-8244244",Human,0,54,57776.62,1069.9372138623837
"32-5307487",Hobbit,0,1,133.26,133.25999450683594
"48-0718462",Northman,0,2,524.05,262.0249938964844
"69-6775656",Northman,0,46,14868.132,323.2202184459438
"33-2041010",Orc,1,11,3121.8198,283.80182058160955
"77-7699958",Hobbit,0,23,3219.1104,139.96130487193233
"87-9756890",Human,0,78,137536.3,1763.286032413825
"22-9796564",Northman,0,30,19153.93,638.4643315633137
"07-1173657",Demon,0,3,352.54,117.51333300272624
"00-3860994",Demon,1,124,31398.576,253.2142744756514
"20-2244971",Elf,0,17,58235.86,3425.6387997795555
"60-1963708",Hobbit,0,393,340551.88,866.5444765497407
"86-5109227",Orc,0,21,4911.5103,233.8814250401088
"70-2013199",Orc,0,72,11144.831,154.78930443525314
"97-6157118",Demon,0,2,3743.2,1871.5999755859375
"85-8682496",Human,0,53,8869.912,167.35679234648651
"35-5823693",Elf,0,12,1561.3499,130.1125019391378
"95-3950279",Hobbit,0,28,4730.6904,168.95321473825192
"02-8608961",Human,0,98,18139.709,185.09907994464953
"42-5470414",Elf,0,11,3870.4404,351.85818897594106
"46-7328114",Human,0,1,14.97,14.970000267028809
"05-4598258",Orc,0,2,262.02,131.0099983215332
"45-2887992",Elf,0,2,111.54,55.77000045776367
"50-4850476",Hobbit,0,1,74.86,74.86000061035156
"58-9674267",Human,0,28,3612.1501,129.00535675457544
"91-2717442",Orc,0,68,40522.387,595.9173580197727
"71-6971005",Northman,1,33,10582.031,320.6675771077474
"47-6005273",Human,0,53,45835.465,864.8198088160101
"31-0274415",Northman,0,9,4562.59,506.95443640814887
"40-3925748",Human,1,29,3545.1897,122.24792924420586
"38-0800929",Human,0,3,374.32,124.77333323160808
"74-2407917",Demon,0,110,18827.86,171.16236351403322
"99-4836108",Human,0,114,13829.014,121.30710472976952
"87-1595307",Human,0,31,48493.074,1564.292600324077
"39-4243558",Northman,1,285,1520479.8,5335.017820451971
"15-6888907",Human,0,52,18244.31,350.8521249202582
"41-9559401",Northman,0,26,10185.211,391.73884516495923
"77-4164140",Orc,0,94,33526.414,356.66393481163266
"31-4924810",Human,0,6,3368.8699,561.4783299763998
"52-8568143",Orc,0,5,6041.5303,1208.306005859375
"23-9648585",Hobbit,1,37,13786.159,372.5989140690984
"81-0030247",Northman,1,24,8902.091,370.9204212625821
"08-2558810",Human,0,51,37398.223,733.2984341453104
"06-0694473",Northman,0,42,54316.617,1293.2526114327568
"25-6167682",Hobbit,0,49,22738.229,464.0455052803974
"22-9935395",Orc,0,46,23460.457,510.00978405579275
"61-6139393",Human,1,3,1197.82,399.27332560221356
"29-4400013",Orc,0,4,3466.19,866.5474967956543
"91-1290550",Human,0,32,30541.543,954.4231171309948
"93-9808214",Human,0,9,827.25,91.91666719648573
"18-5294699",Hobbit,0,56,163972.14,2928.074285507202
"91-2625555",Human,0,10,18302.73,1830.273030090332
"78-7424540",Hobbit,0,8,4289.71,536.2137537002563
"80-3234156",Human,0,33,40554.586,1228.9266588615649
"69-0117518",Northman,0,26,17295.201,665.1999907860389
"01-0204393",Demon,0,15,4068.87,271.25800058046974
"37-6485490",Elf,0,8,4562.1797,570.2724860608578
"30-3682840",Hobbit,0,126,187590.52,1488.8138035971022
"06-3483438",Hobbit,1,14,9088.49,649.1778580801828
"86-5057688",Human,1,20,9522.688,476.13449783325194
"36-4799436",Angel,0,9,3697.5198,410.83555772569446
"36-4293152",Elf,0,19,32767.922,1724.6273594906456
"67-8792150",Human,0,25,19397.25,775.8900061035156
"91-7180177",Human,0,97,58725.32,605.4155618333325
"25-6763248",Angel,0,104,8512.29,81.848941470568
"09-2585103",Hobbit,0,1,37.43,37.43000030517578
"95-1525351",Demon,0,52,83068.98,1597.4803808652437
"53-1471392",Human,0,49,58763.66,1199.258371625628
"92-1885642",Northman,0,24,27854.33,1160.5970734357834
"70-8093185",Hobbit,1,194,128096.31,660.2905100203052
"33-7218951",Northman,0,3,531.54004,177.18000094095865
"56-0817791",Hobbit,0,35,61813.92,1766.1117176600865
"41-1009734",Orc,1,24,5525.719,230.23833004633585
"91-3041884",Human,0,39,35447.062,908.8989759591909
"54-5535374",Human,0,1,7.49,7.489999771118164
"90-7097666",Hobbit,0,77,36312.44,471.589996700163
"77-2382392",Hobbit,0,142,35372.79,249.10443937274772
"97-4375828",Angel,0,46,44746.18,972.7428227766701
"06-9828888",Angel,0,72,22873.889,317.6929159561793
"92-7885783",Elf,1,45,70497.23,1566.6048852352633
"81-8988046",Orc,0,27,7048.419,261.05258913393374
"95-1213147",Human,0,44,9031.951,205.27158997275612
"91-1760573",Northman,0,65,10835.712,166.7032296364124
"04-1956562",Northman,0,16,26834.182,1677.1363101005554
"63-0852705",Orc,0,66,30136.516,456.6139407230146
"87-0729252",Elf,1,30,43319.97,1443.9989966074625
"89-0750544",Demon,0,10,734.35,73.43499910831451
"79-1079677",Orc,1,46,56046.06,1218.3923868511033
"36-7344582",Angel,0,5,939.54,187.9079975605011
"98-4522664",Angel,1,3,2924.2998,974.7666505177816
"22-6253917",Northman,0,3,973.23,324.4099985758464
"43-7774613",Orc,0,26,21758.45,836.8634449885442
"81-9850183",Elf,0,73,6913.1304,94.70041021582199
"37-4629004",Elf,0,26,10462.99,402.4226911984957
"88-2692345",Hobbit,0,15,1527.24,101.81599947611491
"13-9335244",Angel,0,5,2672.64,534.5279907226562
"69-9274415",Orc,0,93,24362.234,261.95946232990553
"44-6131930",Human,0,35,39325.984,1123.5994302477156
"24-9117464",Northman,0,27,20500.203,759.2666591100257
"53-5613988",Angel,0,21,1600.7997,76.22857049533299
"85-1459705",Demon,0,18,6790.1597,377.2311028374566
"51-2061250",Human,1,178,54280.1,304.9442694826742
"38-0178405",Elf,1,72,25933.014,360.1806946628624
"40-1227548",Angel,1,36,28182.535,782.8480558130476
"96-0901206",Angel,0,319,110387.82,346.0432591709457
"43-2242244",Human,0,134,101071.44,754.2644009714696
"65-3028354",Hobbit,1,77,94695.375,1229.810005931595
"94-8336728",Northman,0,31,12093.14,390.10128716499577
"86-4783275",Hobbit,0,19,50444.59,2654.978452782882
"23-3109386",Orc,0,26,112116.14,4312.158754788912
"51-7060492",Northman,0,1,1122.96,1122.9599609375
"08-3788887",Northman,1,106,109844.336,1036.2670723447259
"06-6434567",Human,0,35,17001.58,485.7594231741769
"13-4227042",Elf,0,24,9410.391,392.09958426157635
"09-9889288",Northman,0,4,104.8,26.200000286102295
"68-7964207",Northman,1,41,24742.514,603.4758451508312
"87-4194771",Elf,0,284,87029.9,306.4433453032668
"51-9923496",Orc,0,43,9994.57,232.43186170001363
"79-1345331",Hobbit,0,2,449.18,224.59000396728516
"72-6324327",Northman,0,84,92835.71,1105.1869019809224
"73-4979799",Northman,0,34,202634.05,5959.82439217848
"04-1988024",Human,0,47,37389.676,795.524889174928
"11-7556681",Northman,0,148,131016.21,885.2450091661634
"04-8922766",Angel,0,14,898.33984,64.16714259556362
"79-8522006",Human,0,25,19247.41,769.8964039802552
"32-3111347",Orc,0,5,6550.59,1310.1179733276367
"51-6279480",Human,1,34,6189.7397,182.05117778217092
"68-6631399",Angel,0,8,4748.7905,593.5987610816956
"46-8627711",Angel,0,21,11394.291,542.5852439517066
"61-2357040",Northman,1,62,45068.37,726.9091914911425
"33-1799325",Human,0,18,36855.5,2047.5277828640408
"18-1089610",Northman,0,24,7727.42,321.97583576043445
"61-2551043",Human,1,81,31617.758,390.34259219596413
"16-2656357",Orc,0,21,7508.8496,357.5642870948428
"32-2140009",Northman,1,11,2754.97,250.4518189863725
"43-0416452",Northman,0,3,419.24,139.74666849772134
"60-3592032",Northman,0,74,15927.218,215.23270190728678
"04-7727177",Demon,0,31,22597.652,728.9564479704826
"37-6599873",Northman,0,16,16354.998,1022.1874933838844
"01-5132160",Northman,0,46,41410.96,900.2382510641347
"40-7789629",Northman,1,36,35008.28,972.4522198655953
"29-6930522",Human,0,72,48631.594,675.4387411276499
"60-7571056",Northman,0,4,11.97,2.9925000071525574
"27-1538620",Human,1,10,10849.51,1084.9510051727295
"46-9627379",Human,0,146,508707.84,3484.2998126434954
"51-8256097",Orc,0,40,29430.52,735.7629999160766
"59-2822634",Human,0,10,1709.38,170.93800177574158
"79-3895771",Human,0,11,1519.73,138.15727164528587
"06-5152929",Human,0,22,29470.178,1339.5536294416947
"51-6434773",Human,0,11,34811.77,3164.706348100169
"00-9261338",Human,0,37,4243.3,114.68378230043359
"57-0791477",Human,1,22,9185.06,417.50273062966085
"90-1897664",Angel,1,27,4323.41,160.1262945952239
"73-2550240",Angel,0,78,6520.581,83.59717953663606
"74-0986400",Human,1,18,8856.391,492.021664513482
"05-7449075",Northman,0,134,381861.88,2849.7158415086233
"82-0282401",Human,0,4,3245.02,811.254979133606
"87-3068418",Elf,0,52,15892.57,305.62634165470416
"67-9813142",Demon,0,8,112.29999,14.037499964237213
"18-1234473",Human,0,97,54310.812,559.9052633723032
"20-1620799",Northman,0,17,2392.97,140.762938506463
"85-6463727",Human,0,40,49380.63,1234.5155068159104
"92-8313683",Human,0,57,20326.283,356.60140050921524
"60-7397906",Orc,0,25,24589.025,983.5611978673935
"24-3727428",Angel,0,12,14081.89,1173.4908510843914
"14-4392391",Northman,0,100,7442.4805,74.42479952335357
"44-5806177",Human,0,25,26274.82,1050.992788619995
"01-1409605",Hobbit,0,91,104536.94,1148.7575911846789
"47-9196804",Hobbit,1,30,12367.501,412.2500005722046
"00-8270076",Human,1,35,17994.291,514.1225684574672
"20-1204445",Human,0,104,6707.3037,64.49326941370964
"03-4724611",Human,1,20,49545.67,2477.283543205261
"40-6749974",Human,0,25,7883.0293,315.3212034988403
"39-1940428",Human,0,190,85305.38,448.9756315345827
"78-6769319",Human,0,26,46139.34,1774.5900004460261
"67-6284571",Human,0,14,4087.58,291.9700008290155
"68-9828013",Northman,1,5,1257.72,251.54400215148925
"37-4355482",Hobbit,0,309,207185.86,670.5048213709375
"60-2879079",Elf,0,17,2425.5503,142.67941037346336
"26-3500386",Human,0,40,17159.318,428.98300342559816
"78-8810616",Elf,1,6,5531.6904,921.9483286539713
"74-5868439",Orc,0,367,376615.06,1026.1986073148348
"78-7460699",Hobbit,0,117,40923.887,349.77674800616046
"97-4280202",Human,0,21,9792.439,466.30667265575556
"35-1460094",Elf,0,36,16726.94,464.63721990585327
"62-2869425",Hobbit,0,1,11.98,11.979999542236328
"63-8010204",Northman,1,1,358.9,358.8999938964844
"71-2959700",Northman,0,36,9294.34,258.1761117941803
"11-7633515",Northman,0,11,4645.3105,422.30091094970703
"93-4257109",Elf,1,45,97548.34,2167.7406499226886
"99-6261429",Hobbit,0,20,2858.6199,142.93099883496762
"14-1712252",Demon,0,130,701351.56,5395.012161247547
"04-4059376",Elf,1,4,10593.24,2648.310047149658
"15-9413224",Human,0,3,883.4,294.4666697184245
"71-7039069",Angel,1,43,29700.639,690.7125498177701
"95-7802752",Hobbit,0,74,41271.973,557.7294611028723
"72-8076551",Northman,0,43,25382.652,590.2941849287166
"96-9107385",Orc,0,239,57780.652,241.7600407779965
"50-1126090",Elf,0,130,55334.12,425.6470868789233
"56-8840114",Northman,1,2,1871.6001,935.8000183105469
"78-1430124",Human,0,6,202.12,33.68666696548462
"57-6116644",Northman,1,135,19247.266,142.57229660754953
"27-9925939",Northman,0,47,39367.86,837.6140368035499
"54-4517576",Angel,0,23,3735.6907,162.42130345883578
"99-5615822",Demon,0,5,673.77997,134.75599975585936
"57-1554512",Northman,1,97,51779.36,533.8077273663786
"16-5348745",Northman,0,69,50916.8,737.9244926597761
"77-6051606",Demon,0,1,2096.19,2096.18994140625
"33-4688886",Human,1,137,25197.992,183.92693348348575
"90-0570519",Orc,1,1,359.35,359.3500061035156
"80-0488771",Orc,0,52,23832.91,458.3251922313984
"16-3921992",Orc,0,49,32720.43,667.763879094805
"64-2622826",Elf,0,244,214881.33,880.6612626947921
"57-9002095",Angel,0,10,1639.51,163.95099792480468
"36-5899051",Hobbit,0,13,7598.6997,584.5153837937576
"56-4746306",Elf,0,20,15839.579,791.9789954304695
"17-4429262",Orc,0,35,18431.48,526.6137182303837
"91-3835502",Northman,0,11,3090.23,280.9299993792718
"05-5580716",Elf,0,42,4331.1704,103.12309651005836
"88-0933299",Human,0,56,19371.031,345.9112506934575
"44-8855476",Orc,1,18,4099.52,227.75110838148328
"53-0130768",Northman,1,8,3260.3,407.5375061035156
"73-2049030",Human,0,25,13883.52,555.340785446167
"14-1225656",Elf,0,10,5921.75,592.1750030517578
"95-1741371",Angel,0,22,7793.3306,354.2422739375721
"05-0202490",Human,1,22,33992.117,1545.0963197187943
"37-8852637",Northman,0,29,22363.107,771.1417285327253
"07-5605743",Angel,0,34,76176.945,2240.4982348890867
"90-6869989",Northman,0,50,13718.753,274.3749983406067
"89-0828351",Hobbit,0,1,225.38,225.3800048828125
"84-6509207",Human,0,2,823.5,411.75000762939453
"89-6119979",Hobbit,0,21,2886.7302,137.46333400408426
"78-0301923",Angel,0,17,6360.4395,374.1435230479521
"22-3193379",Elf,0,22,9598.54,436.29727389595723
"47-9470202",Demon,0,6,920.82996,153.47166442871094
"02-1226234",Human,0,77,22660.518,294.29246725354875
"68-6142815",Human,0,82,36920.89,450.2547581719189
"10-1219603",Human,0,27,10282.57,380.8359290935375
"63-7604410",Elf,0,52,24504.97,471.249421529042
"84-3010346",Human,0,19,3323.9797,174.94631616692794
"31-4422856",Northman,0,27,4034.5798,149.42889080224214
"22-5751568",Northman,0,17,10235.301,602.0764815947589
"34-7141093",Orc,0,1,74.86,74.86000061035156
"76-8044207",Hobbit,0,62,27727.305,447.2145169165827
"97-2735747",Human,0,2,237.19,118.59499835968018
"36-8310890",Orc,0,1,374.32,374.32000732421875
"06-9706227",Human,0,3,1003.18005,334.3933385213216
"77-4431288",Orc,0,3,18.72,6.2399998505910235
"25-3044774",Elf,1,39,3313.28,84.95589811068315
"59-7630989",Angel,0,13,2754.9802,211.9215369591346
"03-9523390",Human,0,39,12565.882,322.20204720130334
"90-2603745",Orc,1,58,32994.598,568.8722260101088
"41-6079439",Orc,0,100,168753.88,1687.5384982204437
"89-1333264",Demon,0,30,75970.984,2532.365685272217
"88-4052942",Human,1,7,1055.58,150.79714012145996
"62-4678613",Human,0,1,14.97,14.970000267028809
"75-6307310",Human,0,131,24266.193,185.23808931121388
"80-2703396",Hobbit,0,12,12891.561,1074.2966511249542
"88-5112259",Demon,0,94,14628.288,155.6201059301483
"40-6506725",Orc,0,8,5899.2905,737.4112396240234
"28-7750796",Northman,0,133,32093.344,241.3033063680606
"24-2429114",Hobbit,1,28,37087.586,1324.556446347918
"16-9475411",Hobbit,0,81,22430.488,276.91962819040555
"18-7089840",Hobbit,0,22,18246.43,829.3831772045655
"04-0019688",Elf,0,116,30315.83,261.34327568473486
"30-2885765",Human,0,1,11.23,11.229999542236328
"52-5887445",Hobbit,1,16,4308.4204,269.2762491852045
"79-6672423",Human,0,4,3368.87,842.2175140380859
"75-6099789",Angel,0,197,63648.953,323.09106412393794
"58-7491443",Demon,0,7,613.23,87.60428510393415
"94-4082954",Demon,0,3,336.89,112.29666646321614
"20-0203048",Elf,1,7,3106.86,443.83714512416293
"27-6954253",Northman,0,90,89918.28,999.0918823666043
"42-8894338",Hobbit,0,41,31240.922,761.9736570497838
"00-2889513",Human,0,134,41776.97,311.76828200781523
"22-8997229",Human,0,10,22058.56,2205.8560773849485
"51-3553032",Elf,0,74,63729.31,861.2067553803728
"35-2450773",Northman,0,66,11904.86,180.37666550549594
"21-6140863",Human,1,45,66547.53,1478.8340049319797
"88-3399096",Orc,0,66,28073.844,425.36120850389653
"14-0442577",Orc,0,27,5516.1387,204.30148315429688
"74-9808530",Human,1,126,131389.33,1042.7722240781027
"58-8132025",Orc,0,34,27196.252,799.8897000481101
"39-0393970",Hobbit,1,302,349263.28,1156.5012235609902
"15-3875883",Human,0,33,72141.11,2186.0942475290008
"87-3846769",Elf,0,152,123757.05,814.1915167491687
"64-7829067",Orc,0,25,27034.021,1081.3607912445068
"81-1302326",Orc,0,6,3373.81,562.3016662597656
"30-9688228",Hobbit,0,49,28467.006,580.9591810849248
"54-7845276",Human,0,20,4994.62,249.73099298477172
"46-7784335",Human,0,42,9780.11,232.85976314544678
"05-0320494",Northman,0,127,381910.5,3007.170093543886
"89-1900032",Hobbit,1,124,8717.373,70.30137108602831
"55-8631025",Northman,0,18,7621.149,423.39721467759875
"32-4446846",Orc,0,2,115.149994,57.57499885559082
"96-3548788",Human,0,61,16383.961,268.5895041481393
"50-4746710",Northman,0,21,4235.78,201.70380829629443
"03-4116883",Hobbit,1,21,1955.6901,93.12809555871146
"23-0989289",Hobbit,0,3,142.23999,47.41333325703939
"67-5010048",Orc,0,3,2466.77,822.2566782633463
"94-4404360",Hobbit,0,13,927.54004,71.34923159159146
"04-7753978",Human,0,3,1422.4099,474.13665262858075
"28-9347530",Orc,0,93,11905.503,128.01612841442068
"14-6092482",Northman,0,3,1137.26,379.0866740544637
"93-9169468",Orc,0,57,32062.395,562.4980690772073
"71-3811544",Elf,0,55,15693.381,285.3341820370067
"35-5196749",Northman,0,208,223528.28,1074.6553832441568
"07-6140886",Human,0,2,1715.1001,857.5500259399414
"43-7342853",Orc,0,82,54456.64,664.1054877013695
"76-5141826",Human,0,2,673.78,336.88999938964844
"60-4175774",Demon,0,157,191994.12,1222.8926711477293
"77-7310913",Human,0,161,107836.055,669.7891328305191
"48-4379657",Human,1,36,281567.47,7821.318604734209
"00-3457300",Orc,0,7,1471.0701,210.1528603690011
"61-7239782",Human,0,153,33189.457,216.92457404898272
"49-4815634",Orc,1,1,7.49,7.489999771118164
"71-5712018",Human,0,1,299.46,299.4599914550781
"63-9126586",Human,1,25,4720.3003,188.81200038909913
"45-3888412",Human,0,29,20353.182,701.8338053473111
"22-2460037",Northman,0,6,17368.41,2894.7349548339844
"34-4308474",Orc,0,17,6951.1,408.88824110872605
"31-3212081",Hobbit,1,148,172321.31,1164.332898230166
"14-5716698",Human,0,16,3726.0203,232.87624502182007
"65-6513716",Angel,0,7,670.0399,95.72000067574638
"58-1420224",Northman,0,65,47578.18,731.9719987319066
"48-6125314",Northman,0,65,12495.094,192.23215307088998
"55-1773402",Elf,0,1,7.49,7.489999771118164
"58-6899117",Hobbit,0,7,2556.9001,365.27143001556396
"41-2794716",Hobbit,0,101,14215.905,140.7514850290695
"36-5273255",Human,0,32,3911.66,122.23937398940325
"34-4362192",Human,0,33,8968.93,271.7857617464933
"32-6793987",Northman,0,21,3311.99,157.71380687895277
"39-4128176",Hobbit,1,127,54613.355,430.02653649191217
"38-2924893",Hobbit,1,1,374.32,374.32000732421875
"38-5032363",Hobbit,0,45,7610.2817,169.11733259624904
"30-9825617",Orc,0,86,77979.23,906.7352367837069
"82-6911974",Orc,0,190,98023.42,515.9127891816592
"77-9696701",Demon,0,14,1351.32,96.52285557133811
"40-8578044",Elf,1,60,140259.94,2337.6655019919076
"55-1994644",Hobbit,0,26,8288.56,318.79077192453235
"49-6278964",Angel,0,1,11.23,11.229999542236328
"46-3899912",Hobbit,0,115,60002.977,521.7648695904276
"37-0998615",Human,1,157,32210.205,205.16050937373168
"19-2228911",Hobbit,1,32,3771.63,117.86343678832054
"81-7184990",Hobbit,0,55,12797.569,232.68309154943987
"67-8638431",Orc,0,32,14585.48,455.79625019431114
"42-6127145",Human,0,31,5342.68,172.34451461667496
"92-3517831",Human,1,3,1310.12,436.70665486653644
"54-9257260",Northman,1,10,5416.42,541.6419967651367
"35-2564134",Demon,0,115,200686.7,1745.1020792587944
"60-2453751",Demon,0,36,3491.7803,96.9938878123131
"79-5352053",Orc,0,9,1100.48,122.27555592854817
"86-1951051",Human,0,32,5824.54,182.01687449216843
"85-6645559",Human,0,54,26708.143,494.5951812355607
"26-1719363",Demon,0,2,157.22,78.60999774932861
"84-5270688",Northman,0,2118,937244.0,442.51350826829866
"14-8168233",Orc,1,5,2283.35,456.6700073242188
"16-8256765",Elf,1,17,3088.13,181.65470487931196
"22-0778286",Hobbit,0,44,36469.31,828.8477221022953
"18-2618238",Orc,0,5,321.93,64.38599891662598
"59-0032336",Northman,0,68,41998.66,617.6272048950195
"28-0645223",Northman,0,1,149.73,149.72999572753906
"07-6394247",Human,0,39,37004.67,948.8376802962559
"43-1718318",Orc,0,12,2530.41,210.86749903361002
"98-0453266",Human,0,3,310.69,103.56333041191101
"44-5771678",Elf,0,6,2410.6199,401.77000681559247
"61-1106031",Orc,0,4,8574.011,2143.50252532959
"53-3115072",Human,0,29,13701.682,472.4717274698718
"79-3988797",Human,0,27,12048.51,446.24110963609485
"69-7872514",Orc,0,24,13473.18,561.3824998537699
"54-0830956",Northman,0,5,412.34,82.46799846887589
"29-7934106",Human,1,20,38185.332,1909.266522359848
"51-7108851",Hobbit,0,72,39012.992,541.8470802572039
"34-0319989",Elf,0,9,3705.0203,411.6688876681858
"70-2014300",Human,0,29,4836.15,166.76379151179873
"01-2630437",Orc,0,28,8965.02,320.17928673779323
"40-3239919",Hobbit,0,6,2156.07,359.3450050354004
"26-2913651",Hobbit,1,40,20540.74,513.5184976577759
"69-2894677",Human,0,27,18958.92,702.182224256021
"75-8614130",Elf,0,33,4173.83,126.47969728527647
"25-2959636",Human,0,2,4865.4,2432.699951171875
"39-3040071",Hobbit,0,103,17504.096,169.94261971376474
"46-0918069",Human,1,4,4791.29,1197.8224601745605
"03-4564618",Human,0,39,14668.82,376.1235897602179
"25-4090722",Human,0,100,39916.23,399.16229992866516
"26-0138394",Northman,0,120,20157.422,167.97849846283594
"95-4953836",Orc,0,70,44117.26,630.2465721164431
"51-0050571",Demon,0,57,23511.504,412.4824567109085
"36-3443989",Elf,0,29,3108.3206,107.18344846265069
"89-5972962",Orc,0,103,10162.933,98.66922257999772
"26-5053950",Northman,0,43,11716.173,272.4690672408703
"09-7712241",Elf,0,38,19078.752,502.0723712318822
"17-1872804",Northman,1,1,157.21,157.2100067138672
"86-4335779",Human,1,1,98.61,98.61000061035156
"48-1771009",Northman,1,13,3028.63,232.97153619619516
"20-0896984",Human,0,11,7935.56,721.4145417646928
"02-8010051",Hobbit,0,31,28879.312,931.5906426214402
"79-7711618",Human,1,9,4604.87,511.6522283554077
"71-7118852",Elf,0,34,135683.73,3990.698236100814
"68-7944320",Northman,1,19,6415.8296,337.6752616480777
"18-1910121",Northman,1,18,3031.9802,168.44333023495145
"53-7517796",Hobbit,0,84,13487.651,160.56726259844643
"90-0254175",Human,1,5,48582.39,9716.477716064453
"13-5723815",Demon,0,100,80353.516,803.5350970172882
"20-1920756",Hobbit,0,94,16947.062,180.28787117126458
"56-9402905",Orc,0,50,26548.143,530.9627998638153
"29-6259746",Hobbit,0,10,3350.16,335.0160043716431
"58-0509094",Northman,0,99,9072.636,91.64272648878772
"17-5658408",Northman,0,37,14013.189,378.7348642606993
"21-9739693",Hobbit,1,111,123532.69,1112.906936589662
"63-3507968",Northman,0,13,4491.8403,345.52615943321814
"42-8391602",Demon,1,57,59949.06,1051.7377171432763
"80-6371765",Elf,1,13,3608.43,277.5715361375075
"49-9305839",Human,0,1,7.49,7.489999771118164
"56-0075468",Human,0,37,16541.16,447.0583744564572
"03-1452172",Human,1,641,2190365.5,3417.106213335337
"54-2682322",Hobbit,0,10,17788.76,1778.8760114789009
"63-3565875",Elf,1,21,16855.64,802.6495166197419
"94-2467526",Elf,1,110,69848.445,634.9859866770831
"56-4649744",Orc,0,130,96102.586,739.2504642784309
"05-4256272",Orc,0,5,643.82996,128.76599769592286
"69-4941082",Human,0,16,10486.17,655.3856239318848
"97-9757202",Orc,0,1,74.86,74.86000061035156
"19-6875747",Orc,0,10,4042.6404,404.2640075683594
"30-5098491",Demon,0,41,5720.3706,139.52121865458605
"72-3585782",Hobbit,1,19,4926.0503,259.26578923275594
"46-4466964",Northman,0,56,16978.678,303.1907146232469
"59-2920309",Orc,0,94,24298.613,258.49574263552404
"66-9256660",Northman,0,42,7441.529,177.1792840122112
"67-1311710",Angel,1,70,25517.945,364.5420010975429
"81-8847148",Elf,0,3,1647.01,549.0033213297526
"90-9808512",Hobbit,0,27,25131.79,930.8070307131167
"50-7917264",Elf,1,35,4058.2798,115.9508560521262
"78-2460659",Demon,0,22,2416.5403,109.84272783452815
"41-7948772",Human,0,121,190400.69,1573.5596692621216
"31-5718542",Orc,0,51,4489.61,88.03156817660613
"94-1640287",Human,0,203,28586.01,140.8177337791826
"96-6715223",Elf,0,9,34527.188,3836.3544174830117
"94-9704036",Hobbit,0,82,67814.086,827.000976395498
"58-6604978",Northman,0,139,15596.467,112.20474809365307
"83-0249450",Human,0,45,19898.824,442.19599613613553
"87-3618730",Human,0,11,1053.3298,95.75727259029041
"81-6063472",Angel,0,53,15152.411,285.8945266435731
"76-1898125",Elf,0,25,4293.421,171.7367978668213
"21-3714651",Demon,0,75,181505.86,2420.079064915975
"10-4329873",Human,0,60,21348.184,355.80299456914264
"74-3932250",Northman,0,9,2597.78,288.6422297159831
"77-4752301",Demon,0,3,301.72,100.5733323097229
"63-9314555",Angel,0,14,5321.1597,380.0828546796526
"39-0301568",Elf,0,1,748.64,748.6400146484375
"46-5439787",Demon,0,6,2113.71,352.28499539693195
"41-4425888",Human,0,52,206234.38,3966.0453802622283
"56-2469845",Elf,0,32,8754.741,273.5856266617775
"35-0869511",Angel,0,5,1048.09,209.61800117492675
"45-2119504",Human,1,3,149.73,49.90999825795492
"78-6676749",Northman,0,56,7566.441,135.11499987755502
"52-4795037",Demon,0,222,169420.69,763.156354113742
"05-3996026",Orc,0,4,1191.66,297.91500520706177
"38-9509799",Human,0,97,19924.342,205.4055652053086
"27-4431222",Hobbit,0,83,23099.584,278.308191425829
"38-5066125",Elf,0,611,857216.56,1402.9731617057773
"90-6306243",Hobbit,0,82,51702.703,630.5206051250783
"89-0418321",Orc,0,47,12243.649,260.5031910855719
"40-3410659",Human,0,17,15017.699,883.3941215066349
"71-5156339",Hobbit,0,37,44521.53,1203.284616418787
"27-8806542",Hobbit,0,104,41499.98,399.0381734148384
"86-3114617",Hobbit,1,23,6982.88,303.60347617482364
"27-4503285",Hobbit,1,24,6739.31,280.8045783964917
"38-8189652",Human,1,187,301600.53,1612.8369530050513
"38-0789789",Orc,0,47,5614.7207,119.46212748263744
"83-7406562",Elf,0,44,24392.84,554.382730288939
"27-8500462",Demon,1,18,11454.17,636.3427792655098
"94-2089774",Human,0,91,39802.918,437.39461184071973
"74-8824244",Northman,1,32,9125.979,285.18687000870705
"85-4106535",Human,0,28,4244.5205,151.58999863160508
"14-8617562",Elf,1,9,1385.63,153.95888625250922
"59-9095351",Elf,1,130,46310.043,356.231074157128
"22-1612946",Elf,0,44,12708.161,288.82181549072266
"18-8964800",Elf,0,122,28899.96,236.88483515833732
"15-9679901",Elf,0,3,179.67,59.88999875386556
"25-6962982",Hobbit,0,27,15654.19,579.784831294307
"39-4259788",Human,1,44,19698.688,447.6974987170913
"01-6845961",Demon,1,95,35305.957,371.6415783229627
"42-1703404",Northman,0,50,8333.82,166.67640068531037
"61-9630216",Elf,0,8,14200.851,1775.1062560081482
"28-1990058",Northman,0,90,39452.457,438.3605541388194
"13-0003582",Orc,1,1,83.77,83.7699966430664
"21-6703130",Elf,0,3,1497.28,499.0933430989583
"13-7480612",Northman,0,20,134414.06,6720.703430175781
"25-2340765",Orc,0,33,15272.211,462.79424638459176
"11-3283233",Hobbit,0,18,5199.29,288.84944407145184
"71-9347604",Human,0,9,4314.41,479.3788876003689
"44-1291221",Hobbit,0,1,374.32,374.32000732421875
"98-1834760",Human,1,22,3354.6602,152.4845460544933
"66-4594333",Orc,0,25,7116.5605,284.6623992729187
"94-4554279",Human,0,21,8792.01,418.66715304056805
"12-6032299",Hobbit,0,131,54225.465,413.934732903051
"70-1683994",Elf,0,90,37666.12,418.5125572575463
"72-6794318",Hobbit,0,2,0.14,0.07000000029802322
"07-0603198",Angel,0,61,40644.344,666.300651323722
"65-1055483",Elf,0,24,6804.87,283.536249011755
"39-5881014",Hobbit,0,51,14906.13,292.2770607751959
"26-7402449",Demon,1,10,7733.4297,773.3429907798767
"99-7842619",Hobbit,0,32,6754.8604,211.0893730800599
"04-0486141",Angel,1,24,12024.14,501.00583224805695
"67-6478829",Elf,0,27,81549.2,3020.340708979854
"67-4989876",Hobbit,0,19,3679.521,193.65894759328742
"69-3988633",Hobbit,0,26,5142.7705,197.79884415406448
"55-5927635",Human,1,76,172923.5,2275.309614482679
"89-3784740",Human,1,59,94048.33,1594.0393177614374
"28-0026401",Human,0,9,6826.0205,758.446670320299
"33-3514634",Northman,0,6,32329.59,5388.265016237895
"96-1916948",Demon,1,1,149.73,149.72999572753906
"04-4219018",Human,0,4,5614.8,1403.6999816894531
"73-9183262",Hobbit,1,26,4895.5503,188.2903830546599
"57-5837241",Human,0,508,292707.2,576.1957444222423
"69-2218886",Elf,0,32,24057.893,751.80905790627
"65-9699473",Human,0,33,55498.09,1681.7599928884795
"98-5639206",Orc,0,2,419.24,209.62000274658203
"25-2011136",Demon,0,250,63384.184,253.53671950215102
"49-8231259",Northman,0,50,14254.061,285.08119812011716
"59-4795837",Hobbit,1,35,13965.852,399.024279321943
"67-8599327",Human,0,63,49370.98,783.6661882249135
"31-9520756",Orc,0,1,52.4,52.400001525878906
"09-1212797",Human,0,11,1941.9,176.5363597869873
"54-1011538",Northman,0,129,143101.36,1109.3130215286285
"55-3488013",Human,0,74,24744.727,334.38810918137835
"32-5788024",Orc,1,62,38080.78,614.2059596546235
"35-5736929",Human,0,13,17143.82,1318.7553575955903
"81-4119937",Northman,0,5,1197.82,239.56399841308593
"82-5709905",Hobbit,0,6,2620.2402,436.70666249593097
"64-9973323",Northman,0,26,12922.251,497.0096156046941
"94-9578830",Elf,0,4,10480.95,2620.2374725341797
"76-3491219",Orc,0,98,549680.8,5608.987780901851
"42-9905826",Elf,0,32,9144.071,285.7521869018674
"10-2276478",Hobbit,0,45,12911.021,286.911553340488
"34-2691139",Northman,0,42,42659.188,1015.6947631835938
"54-4003833",Human,0,8,2545.38,318.17249870300293
"65-1341373",Hobbit,0,22,26883.664,1221.9845342636108
"91-9873154",Hobbit,1,14,3521.6099,251.54357135295868
"53-9448870",Angel,0,22,11556.751,525.3068141723899
"65-3069162",Northman,0,30,3992.4602,133.08199825286866
"94-0869714",Orc,0,3,386.26,128.75333054860434
"35-1317939",Human,0,17,9807.93,576.9370484071619
"04-3725112",Human,1,2,299.16,149.5800018310547
"52-8954562",Human,0,2,3.81,1.9050000049173832
"36-3435325",Human,0,35,6809.5903,194.55971123831614
"04-0609290",Elf,0,18,20297.291,1127.6272154914009
"01-0280611",Human,0,33,16564.379,501.9509084007957
"41-2467726",Northman,0,4,40.6,10.149999678134918
"49-9458640",Northman,1,3,973.22003,324.40667215983075
"05-3801787",Northman,0,16,6608.8394,413.05250096321106
"15-5925029",Orc,0,15,64233.21,4282.213972981771
"51-0467174",Elf,0,18,3189.18,177.1766628159417
"69-2430810",Northman,0,25,18715.988,748.6396075439453
"29-7856058",Human,0,65,55332.0,851.261391490354
"91-6874072",Human,1,42,56162.902,1337.2116690136138
"49-2423697",Elf,0,71,49275.395,694.0194369034028
"06-7127726",Northman,0,61,29084.984,476.8029525319084
"85-8658043",Human,0,16,1478.5599,92.41000011563301
"39-7400253",Northman,0,109,141279.03,1296.137619329155
"53-0009163",Human,0,56,41791.62,746.2789289610727
"15-3681622",Orc,0,10,5217.3604,521.7359977722168
"18-1806562",Northman,0,6,542.76,90.4600004752477
"74-2023456",Demon,1,19,5103.58,268.60947598909075
"50-0671290",Elf,0,84,19928.701,237.2464245898383
"74-4981211",Northman,0,6,4566.69,761.1150105794271
"72-5202095",Human,0,25,4017.9497,160.71799745559693
"86-9763736",Hobbit,0,11,5151.37,468.3063569502397
"04-6461214",Hobbit,0,91,11648.345,128.00373546369784
"74-3965829",Human,1,17,5547.409,326.3182319192325
"11-0044393",Northman,0,43,11627.259,270.40139592638195
"15-2814639",Northman,0,43,5667.1704,131.7946516303129
"31-1454648",Angel,0,26,2638.94,101.49769136538872
"75-3682280",Orc,0,67,30355.19,453.0625329658167
"38-8615075",Hobbit,1,27,10699.34,396.27184761895074
"71-4440976",Demon,1,21,4431.9604,211.0457133338565
"07-3297403",Orc,0,25,1522.3799,60.89520002953708
"39-0727291",Human,1,7,2021.33,288.7614291054862
"68-3613132",Northman,0,53,17443.162,329.1162277077729
"45-3821061",Elf,1,51,23534.059,461.4521491761301
"31-1295567",Human,0,69,30066.072,435.74014215884
"76-3457795",Northman,1,5,1725.6201,345.12400207519534
"36-6632699",Angel,0,7,5077.93,725.418564932687
"19-3479094",Hobbit,0,22,4504.7104,204.75954659147695
"30-6610051",Hobbit,0,89,19259.475,216.39853932616415
"04-7940309",Human,0,1,4491.83,4491.830078125
"69-1327485",Angel,0,28,8530.16,304.6485732623509
"65-3649105",Northman,1,104,36393.656,349.93903721904815
"79-8151173",Elf,0,4,591.43,147.8574981689453
"36-9983280",Human,1,2,417.74,208.87000274658203
"48-9630404",Human,0,74,21356.043,288.59513314994604
"58-2461042",Human,0,39,14938.352,383.0346126067333
"14-8689455",Human,0,19,8264.961,434.9978978508397
"18-9959725",Northman,0,48,22174.748,461.9737447500229
"99-5833590",Elf,0,399,55387.04,138.8148876228428
"22-3815415",Hobbit,0,39,12627.781,323.7892277852083
"56-7925330",Human,0,61,10529.381,172.61278521428343
"56-7714387",Human,0,49,49738.62,1015.0736648306555
"37-9779138",Hobbit,1,1,112.3,112.30000305175781
"03-8610325",Elf,0,2,1122.96,561.4800109863281
"21-3035976",Human,0,88,22198.03,252.25033939020202
"36-7904077",Hobbit,0,3,561.47,187.1566619873047
"63-7861805",Hobbit,1,145,48194.65,332.37682697444126
"27-0887518",Orc,0,13,6385.8906,491.2223137342013
"28-2386509",Hobbit,0,27,16462.57,609.724807103475
"09-7642949",Orc,0,43,29417.023,684.1167472185091
"54-9832508",Orc,1,24,8388.351,349.51457721274346
"65-3237256",Human,0,50,24154.29,483.0857913684845
"28-3644897",Hobbit,0,34,9923.571,291.86971050150254
"01-8636615",Orc,0,9,1527.2098,169.6899975935618
"66-5760024",Angel,0,37,20097.95,543.1878352294098
"35-4132866",Demon,0,81,32215.604,397.72345003890405
"46-3581218",Orc,0,1,673.77,673.77001953125
"65-0613966",Orc,0,4,1010.57996,252.64500045776367
"87-0058386",Human,0,9,1448.62,160.95777649349637
"27-4536681",Northman,0,1613,1929011.1,1195.9173834831658
"63-2922753",Human,0,119,360888.94,3032.681011337192
"67-6774781",Orc,1,113,33092.203,292.8513277147493
"77-6947243",Elf,0,68,11199.674,164.701027617735
"16-4270221",Demon,0,1,14.97,14.970000267028809
"33-3259446",Elf,0,18,31069.695,1726.0944213867188
"65-4801426",Angel,0,82,20800.182,253.66073267634323
"39-3831774",Human,0,5,643.82996,128.76600227355956
"77-4977622",Orc,1,8,8915.53,1114.4412408471107
"45-9280346",Human,0,78,34198.824,438.4464095262333
"07-8321099",Human,1,23,41519.52,1805.1965371836786
"45-2371352",Demon,0,14,14703.2705,1050.2335555212837
"21-2572578",Human,0,2,1358.78,679.3899917602539
"17-3528012",Demon,1,1,149.73,149.72999572753906
"92-2256665",Orc,1,8,2208.51,276.0637483224273
"34-2976001",Orc,0,5,389.28998,77.85799865722656
"36-8395256",Hobbit,0,1,524.05,524.0499877929688
"91-2074526",Orc,0,11,1726.3599,156.94181528958407
"95-4613534",Elf,0,8,6505.6597,813.2075042724609
"48-3889629",Elf,0,25,7033.3105,281.33239990234375
"32-6415652",Northman,0,173,99010.88,572.317169197722
"39-1193635",Orc,0,249,610114.5,2450.2594758075884
"51-8353877",Northman,0,38,3531.34,92.92999960246838
"23-6148085",Northman,0,3,1122.95,374.316655476888
"41-9935792",Northman,0,13,11865.92,912.7630591759315
"98-4745554",Demon,0,175,312171.25,1783.8363994925362
"72-5197033",Human,0,38,35852.32,943.4821138883892
"82-0593832",Human,0,10,1557.1698,155.71700134277344
"12-1163865",Elf,0,19,2328.2698,122.54052453292043
"92-7855430",Hobbit,0,39,7163.7295,183.6853867616409
"02-3178366",Hobbit,1,55,19957.408,362.86199648976327
"58-2865543",Northman,0,41,10722.539,261.5253643408054
"41-0033853",Elf,0,10,2580.9297,258.0930040359497
"23-7376567",Human,0,103,5144.1245,49.94291271746737
"63-6532818",Hobbit,0,28,15094.649,539.0946423666818
"77-6907505",Orc,0,21,10307.91,490.8528595311301
"86-2247936",Human,0,39,6486.01,166.30794833256647
"29-2701679",Northman,0,10,3144.2803,314.42799682617186
"37-7855409",Hobbit,0,77,19963.203,259.2623385051628
"17-0197412",Human,0,17,4141.56,243.62117296106675
"86-9919110",Orc,0,54,15202.803,281.53333287768896
"10-9292865",Hobbit,1,1,149.73,149.72999572753906
"04-3481867",Human,0,75,161691.78,2155.890007832845
"91-6969292",Elf,0,58,85552.68,1475.046372192173
"34-9895958",Angel,0,1,374.32,374.32000732421875
"97-0107523",Hobbit,0,5,1156.65,231.33000411987305
"33-1129268",Human,0,23,18280.498,794.8043370557868
"77-6257355",Demon,0,18,24675.06,1370.8366711934407
"61-3362792",Northman,0,20,9262.72,463.13598676919935
"39-5686928",Northman,0,41,7849.8804,191.4604885972491
"62-8127806",Orc,0,1,14972.77,14972.76953125
"54-6300904",Human,0,132,53135.863,402.5445380678231
"61-8051505",Hobbit,1,31,56413.664,1819.7955025088402
"90-0848348",Human,0,30,23948.963,798.2986588160197
"08-2740244",Orc,0,40,14733.19,368.3297511577606
"08-1100865",Human,0,2,688.74,344.3699951171875
"28-2243305",Human,0,6,136.27,22.711666425069172
"42-9282192",Hobbit,0,37,15562.791,420.6159485224131
"48-0604815",Demon,0,116,12840.594,110.69474138884709
"09-5562113",Demon,0,26,10361.15,398.50578381465033
"59-8449971",Elf,0,80,45832.453,572.9056217193604
"83-6137751",Northman,0,21,16116.89,767.470955258324
"94-2749316",Human,0,12,15156.919,1263.0766706466675
"37-4220417",Northman,0,25,7254.3213,290.1728022384643
"23-6983109",Human,0,42,16461.094,391.93070988428025
"00-9782513",Human,0,28,24405.623,871.6292729718344
"64-2199990",Hobbit,0,22,39004.062,1772.9118291681464
"83-6278357",Orc,0,25,18372.62,734.9048059177398
"50-7834986",Northman,0,7,7243.89,1034.8414065497261
"38-7961613",Human,0,18,7917.5903,439.86611705356177
"40-6870001",Human,1,8,1894.0499,236.7562438249588
"72-1984698",Hobbit,0,8,2117.3901,264.67375469207764
"55-2315467",Northman,0,19,4454.4,234.4421016793502
"47-6704414",Hobbit,0,67,39863.848,594.9826856086503
"38-8883137",Human,0,1,359.35,359.3500061035156
"66-9528338",Northman,0,1,1347.55,1347.550048828125
"81-1648517",Elf,0,5,441.20996,88.24199829101562
"94-0376368",Orc,0,38,15232.959,400.8673697772779
"50-5168970",Hobbit,0,43,94185.12,2190.3518462513766
"54-7427339",Human,1,29,32174.533,1109.466553531844
"38-4607673",Human,0,46,24311.025,528.5004302574241
"52-8170445",Orc,1,55,26291.488,478.0270887028087
"60-6290735",Orc,1,56,14756.334,263.5058952442237
"00-7726076",Human,0,57,12835.392,225.1822799590596
"70-8629368",Hobbit,0,1,374.32,374.32000732421875
"59-5640785",Angel,0,1,524.05,524.0499877929688
"81-1533782",Human,0,9,460.42,51.157777044508194
"97-4990510",Angel,1,16,22193.629,1387.1018571853638
"10-0719232",Human,0,103,132479.1,1286.2050386447352
"85-4939376",Northman,0,80,17059.95,213.24937320947646
"80-8511859",Orc,0,54,135436.23,2508.078693707784
"71-5013136",Elf,1,174,101948.23,585.9091915933565
"08-9190108",Demon,0,362,8322.096,22.989143600780004
"85-6522077",Northman,0,24,22496.611,937.358747959137
"61-1634100",Hobbit,0,38,21493.428,565.6165727314196
"54-8056101",Human,0,17,12505.989,735.6464700137867
"11-5716572",Northman,0,13,1190.3,91.56153768759508
"47-2376731",Angel,1,207,354135.16,1710.7983197797323
"02-6498239",Northman,0,63,93613.64,1485.9307868291462
"56-2053838",Hobbit,0,2,374.32,187.15999603271484
"04-3494381",Elf,0,21,19170.422,912.8771587553479
"87-0281322",Orc,0,17,16905.41,994.4358861586627
"47-9105018",Human,0,9,4080.0698,453.3411000569661
"23-0650234",Northman,0,176,125103.84,710.8171566182917
"86-0200917",Northman,0,134,287662.03,2146.732390724011
"94-5400810",Human,0,14,670.76996,47.91214343479702
"24-4368179",Human,0,2,112.29,56.14500045776367
"24-0263575",Angel,0,180,137016.73,761.2041113548809
"24-2475969",Hobbit,0,17,9402.15,553.0676462510053
"62-6590681",Human,0,6,6385.8203,1064.303337097168
"01-1097895",Demon,0,13,6685.3296,514.2561616163987
"85-0238849",Orc,1,37,13565.351,366.6310825992275
"35-5326949",Human,0,44,16385.666,372.40158702026713
"70-6835715",Human,1,5,2395.6501,479.12999267578124
"98-8019492",Orc,0,25,16098.802,643.9519971084595
"61-8938986",Northman,0,17,3901.99,229.5288178819944
"50-7235677",Hobbit,1,3,823.51,274.5033315022786
"49-2416868",Elf,1,7,1133.1599,161.8799957547869
"60-4522790",Hobbit,0,24,5355.01,223.12541716297468
"98-0592630",Hobbit,0,4,4042.66,1010.6649780273438
"77-0820139",Orc,0,66,18277.574,276.9328773238442
"83-3165066",Demon,0,4,1497.28,374.32000732421875
"33-6901725",Orc,0,61,70649.086,1158.1814725438103
"19-0758455",Northman,1,47,44091.613,938.1193580221623
"69-3914228",Human,0,29,327122.5,11280.086244780441
"69-5714662",Elf,0,72,65282.074,906.6952767438358
"98-0508782",Human,0,1,299.46,299.4599914550781
"88-5769577",Human,0,24,5875.9595,244.83166031042734
"15-6851674",Human,0,22,4162.43,189.20136087590998
"99-5153125",Human,0,100,142351.36,1423.5138946151733
"97-4751328",Human,0,45,9458.832,210.19622192382812
"22-7051327",Angel,0,23,833186.6,36225.50573415342
"43-8742551",Northman,0,24,18287.18,761.9658334255219
"73-5711283",Northman,0,178,476964.88,2679.5783675225935
"72-5601952",Northman,0,15,13307.292,887.1526788155238
"33-1343214",Human,0,26,8796.5205,338.32769309557403
"53-9341775",Northman,0,97,326177.47,3362.655043533168
"60-5202743",Orc,0,21,41914.37,1995.9223376682826
"51-4591360",Angel,0,103,141549.47,1374.2669015532558
"33-8243464",Human,0,4,7201.9,1800.4749565124512
"75-8907283",Human,0,75,22132.523,295.10026531219484
"76-0983228",Elf,0,43,30342.367,705.6362813905228
"60-0274766",Human,0,20,7246.83,362.341494846344
"31-6423041",Human,1,3,149.72,49.90666707356771
"87-2746239",Demon,0,9,2665.1602,296.12888675265845
"11-5082913",Orc,0,41,61908.688,1509.967803140966
"63-5659957",Human,0,121,27996.533,231.37619798833674
"30-0160747",Hobbit,0,10,8747.829,874.7829879760742
"40-7727902",Northman,0,26,15388.29,591.8573067004864
"04-6046491",Hobbit,0,47,5663.4106,120.49808430164418
"23-7076830",Orc,0,11,8586.889,780.6263580322266
"67-3301630",Hobbit,1,60,22281.764,371.36266835133233
"22-2446703",Hobbit,0,36,9545.151,265.1430497831768
"97-4267888",Elf,0,59,16942.076,287.1537303976336
"93-8905062",Angel,1,15,3190.4905,212.6993345896403
"96-9789626",Angel,0,8,1549.6799,193.70999696850777
"40-1036132",Human,1,7,14448.739,2064.105708530971
"35-6730346",Orc,0,12,1055.57,87.96416735649109
"14-6320851",Orc,0,15,7788.541,519.2359909057617
"63-0010536",Hobbit,1,27,12235.727,453.1751828723484
"39-2036746",Northman,0,36,20526.812,570.1891660756535
"39-4243134",Hobbit,0,18,4723.92,262.43999942143756
"08-8577025",Hobbit,0,135,70810.805,524.5243706879793
"63-6310049",Northman,0,80,15425.276,192.81574759483337
"64-3866784",Human,1,8,1811.7,226.4625008404255
"94-0780445",Human,0,27,22589.453,836.6463141264738
"70-4018265",Northman,1,2,286.24,143.1199951171875
"88-0432353",Human,1,48,34078.223,709.9629130611817
"91-3390718",Hobbit,0,21,18364.098,874.4809522628784
"42-3880224",Demon,0,344,90489.41,263.05063739800175
"92-8256441",Elf,0,10,1706.89,170.6889983177185
"29-7874736",Human,0,20,2740.05,137.00249938964845
"92-7517305",Human,0,5,1133.0,226.60000433921815
"75-1668007",Elf,0,66,26522.576,401.85712602102393
"53-6609270",Human,0,6,1025.71,170.95167037968835
"57-4456076",Human,0,133,202437.28,1522.0847389536693
"20-3626748",Human,0,1,374.32,374.32000732421875
"90-1187749",Northman,0,53,29620.695,558.8811286940538
"18-3827816",Northman,0,20,2969.1,148.45499906539916
"09-1255280",Orc,0,139,34435.1,247.73453169503657
"28-1125266",Human,0,83,18608.486,224.19867668668908
"94-5017514",Human,0,135,16781.521,124.30748058954875
"39-0960654",Hobbit,0,9,1197.83,133.09221903483072
"29-9072678",Human,0,57,22734.65,398.85350891581754
"11-7670032",Human,0,1,7.49,7.489999771118164
"68-4799729",Elf,0,62,21431.383,345.6674164939792
"32-7989366",Elf,0,22,3714.3906,168.83590869470075
"53-0702534",Human,0,23,9274.01,403.2178228834401
"60-9322607",Angel,0,9,3285.6301,365.07000308566626
"78-7383597",Orc,0,1,44.92,44.91999816894531
"00-3739286",Human,0,19,10990.541,578.4494783878326
"24-8526567",Orc,0,16,1639.5303,102.47062581777573
"05-1376195",Hobbit,0,4,1513.82,378.4549856185913
"75-7119806",Hobbit,0,30,4702.5605,156.751997923851
"93-0821949",Northman,0,20,8332.751,416.63750038892033
"35-1890387",Northman,0,19,8726.14,459.2705222681949
"09-9858174",Northman,0,80,13812.53,172.65662463307382
"83-1585985",Orc,0,6,1527.23,254.53833643595377
"76-5111173",Demon,0,5,3002.04,600.4079895019531
"90-6866466",Demon,0,40,8302.709,207.5677474975586
"68-7634648",Angel,0,83,52372.953,630.9992825381727
"56-2818215",Hobbit,1,280,45358.94,161.9962138542107
"64-1215854",Hobbit,0,51,18026.469,353.46019638753404
"28-6283701",Hobbit,0,12,2114.9,176.2416651248932
"96-9943398",Human,0,1,374.32,374.32000732421875
"32-7640450",Human,1,26,5322.8403,204.72461462020874
"30-7426293",Northman,0,20,5243.079,262.1539993286133
"87-7639055",Elf,0,26,5176.79,199.1073084611159
"17-3354093",Angel,0,22,4207.3403,191.2427263693376
"72-4317575",Orc,0,76,72129.94,949.0780226807846
"76-0654821",Northman,0,516,1215264.4,2355.1634874119777
"10-2517843",Orc,0,5,5989.12,1197.8240112304688
"62-9344040",Demon,0,74,15091.417,203.93797186258678
"12-2219585",Hobbit,0,94,22148.51,235.62244564421633
"47-9927248",Northman,0,15,7785.831,519.0553141276042
"00-2623755",Human,1,37,5813.16,157.11243253140836
"38-7910084",Human,0,3,3799.34,1266.4466959635417
"44-7111585",Orc,0,6,1045.1699,174.19499842325845
"70-5978914",Northman,0,18,51955.508,2886.4171786838106
"45-7452251",Orc,0,1,14972.77,14972.76953125
"29-1245545",Hobbit,0,7,3929.93,561.4185665675571
"42-6519541",Human,0,40,9176.819,229.4204993724823
"44-6908446",Hobbit,0,68,89470.695,1315.745429142433
"91-6806515",Northman,1,54,61523.465,1139.323345625842
"56-9629683",Human,0,279,275719.94,988.2441144120148
"34-5448021",Human,0,49,55646.094,1135.6344889232091
"73-3391314",Human,0,1,1134.19,1134.18994140625
"19-8321917",Elf,0,1,524.05,524.0499877929688
"74-2018825",Northman,0,151,104336.51,690.9701983202373
"47-0207105",Northman,0,6,1093.01,182.16833655039468
"03-0397691",Elf,0,21,14112.57,672.0271417526972
"51-4806779",Hobbit,0,1,1115.47,1115.469970703125
"88-2568254",Angel,1,15,913.52,60.90133336385091
"54-3678209",Northman,0,32,42335.535,1322.9853128492832
"63-7245807",Northman,0,112,17546.643,156.66633892059326
"16-2027680",Human,0,1,37.43,37.43000030517578
"85-1842632",Demon,0,4,169.95,42.48749923706055
"20-9854447",Elf,0,54,52162.95,965.9803665302418
"97-1605500",Orc,0,19,3936.19,207.1678950661107
"17-2116899",Elf,0,1,149.73,149.72999572753906
"79-6465504",Northman,0,73,37367.906,511.88917789393906
"53-5691686",Human,0,34,6103.6294,179.5185286017025
"68-5959095",Orc,0,36,32192.092,894.2247149149576
"10-1852092",Human,0,68,38391.67,564.5835294372895
"39-4153927",Northman,0,14,1783.09,127.36357151610511
"65-9611619",Northman,0,34,14553.241,428.036470975946
"57-9494941",Hobbit,0,6,5023.36,837.2266728878021
"51-2245473",Orc,0,35,44214.05,1263.2582873208182
"28-9079158",Northman,0,5,1685.0399,337.0079867601395
"06-2087517",Hobbit,0,11218,584492.0,52.102780303686366
"85-1839229",Human,0,122,170920.17,1400.9850823156169
"26-3955848",Hobbit,0,22,55481.613,2521.891359242526
"18-6726581",Human,0,31,82777.05,2670.2273818139106
"25-8832626",Northman,1,84,111885.38,1331.9689215705507
"80-2771400",Demon,0,29,4600.38,158.63379422549545
"53-2243670",Angel,0,61,13247.863,217.17803196828874
"03-7289895",Orc,0,1,748.64,748.6400146484375
"37-0433732",Human,0,93,81914.016,880.7955877357914
"07-2478832",Angel,0,21,5698.1294,271.3395207155319
"07-1632962",Northman,0,46,26299.645,571.7313037100046
"40-4577023",Human,0,3,501.59,167.19666544596353
"71-3366086",Elf,0,33,10443.512,316.46999431378913
"21-1477071",Human,0,181,368164.72,2034.0592715868634
"88-8253332",Human,0,33,10558.57,319.95666596745
"59-6386100",Orc,0,6,1508.51,251.41833655039468
"06-9028526",Hobbit,0,25,14430.027,577.2011979675293
"31-1951759",Orc,0,2,84.52,42.2599983215332
"20-1632349",Human,0,41,13712.041,334.4399963471948
"64-6689443",Hobbit,1,70,19299.576,275.70828520229884
"97-1254168",Hobbit,0,19,17675.363,930.2821177432412
"25-0732776",Elf,0,86,20027.473,232.87755466477816
"39-5414738",Hobbit,0,17,5365.2095,315.6005867369035
"88-1486884",Hobbit,1,49,38242.973,780.468769929847
"94-0934886",Orc,1,1724,335283.34,194.47976778153753
"30-1217933",Human,0,85,40984.24,482.1674078997444
"27-4962102",Human,0,45,24951.742,554.4831149525113
"34-6434077",Human,0,2,198.39,99.19499695301056
"44-5027524",Hobbit,0,27,12577.122,465.8192630343967
"06-3598764",Human,1,33,7932.9404,240.3921203396537
"21-9513805",Hobbit,0,17,4341.97,255.40999906203325
"68-5204370",Hobbit,0,12,844.5899,70.38249973456065
"48-8798873",Elf,0,4,314.41998,78.60499954223633
"82-5442965",Human,0,8,658.79,82.3487491607666
"09-0628861",Hobbit,0,57,39590.133,694.5636782562524
"23-2978639",Northman,1,1,1497.28,1497.280029296875
"50-0645508",Elf,0,1,299.46,299.4599914550781
"02-7252298",Orc,1,153,9365.599,61.21307147868903
"62-4259215",Demon,0,68,17810.469,261.91867489674513
"42-4252542",Hobbit,1,54,14437.48,267.36074007882013
"58-0770846",Orc,0,19,11334.389,596.5468412700452
"85-1685433",Northman,0,3,1355.0399,451.6799856821696
"65-9774601",Human,0,38,16731.67,440.3071009987279
"69-4035372",Demon,0,36,8701.951,241.7208323213789
"49-5287495",Human,0,1,224.59,224.58999633789062
"70-8069245",Northman,0,18,5858.089,325.44944137997095
"66-7284091",Northman,0,97,21097.477,217.49969043928323
"39-5881430",Orc,0,20,12555.443,627.7720080375672
"80-7055711",Northman,0,33,14300.091,433.336052461104
"67-7208921",Human,0,740,1774729.9,2398.2814488217637
"30-8493772",Elf,0,36,21557.05,598.8069460391998
"54-9619213",Northman,0,39,23866.582,611.9635825279431
"90-3491740",Human,0,5,488.11,97.6219985961914
"80-0006039",Human,0,5,224.51,44.90199947357178
"03-5122131",Northman,0,6,621.36,103.56000010172527
"07-4284424",Human,0,7,1418.35,202.62143550600325
"48-7136529",Human,0,1,74.86,74.86000061035156
"83-0855993",Northman,0,28,7778.198,277.79285710198536
"71-8898360",Northman,0,1,37.43,37.43000030517578
"53-8439587",Angel,0,9,33170.11,3685.567648039924
"47-6076777",Orc,1,60,36482.26,608.0376648902893
"22-2997778",Angel,0,60,47962.152,799.3691648324331
"97-6052565",Human,0,18,1924.02,106.88999896579318
"54-2464808",Elf,0,4,524.99,131.24749885499477
"23-2633438",Hobbit,1,12,6945.429,578.7858276367188
"82-4826001",Elf,0,106,51858.625,489.2322625754015
"73-7227226",Northman,0,9,1893.55,210.394441180759
"39-0868928",Hobbit,0,158,181591.5,1149.313226634943
"11-4459097",Human,0,9,9284.511,1031.612216591835
"74-7537971",Human,0,2,149.72,74.86000061035156
"98-8923796",Elf,0,83,60295.402,726.4504797257573
"79-4068346",Elf,0,7,2096.1902,299.4557102748326
"75-4943011",Human,0,47,26647.744,566.9731926207846
"73-2142853",Human,0,37,20157.242,544.7902699032345
"92-4610746",Orc,0,6,3982.02,663.6699981689453
"20-7531375",Hobbit,0,62,27939.22,450.63258351049114
"77-6726934",Elf,0,59,55773.613,945.3154155925168
"84-8797896",Hobbit,0,9,13003.33,1444.8144251505535
"21-4740544",Demon,0,89,28084.559,315.5567375997479
"68-9298512",Hobbit,0,95,43284.996,455.63136604208694
"92-7825611",Hobbit,0,18,2101.89,116.77166537816326
"12-8008123",Angel,0,11,823.4599,74.86000061035156
"91-3686532",Human,0,2,381.81,190.90500354766846
"37-8219131",Angel,0,17,1746.63,102.7429396685432
"42-3259386",Northman,0,4,965.7399,241.43500018119812
"86-5623028",Human,0,4,3759.97,939.9925031661987
"90-1574217",Hobbit,1,61,24952.305,409.05410261623194
"89-8058819",Human,0,15,9567.58,637.8386622111003
"64-8538449",Demon,1,6,134.75,22.458333412806194
"58-5413431",Orc,0,13,12094.2705,930.3284561634064
"06-7692099",Elf,0,20,2452.2698,122.61349812746047
"37-6481894",Human,0,6,12367.49,2061.2483825683594
"51-1965099",Human,0,15,2475.22,165.01466604471207
"88-9610455",Northman,0,31,19791.771,638.4441933016623
"53-8635186",Angel,0,11,2957.1301,268.8299997503107
"24-7370139",Northman,0,55,20999.371,381.80672724030234
"93-0765963",Human,0,4,905.73,226.43250262737274
"79-2424659",Demon,1,28,164956.88,5891.3171310424805
"69-3723624",Northman,0,1,14.97,14.970000267028809
"19-7217914",Human,0,84,33192.992,395.1546411741348
"96-4371988",Elf,0,18,23249.1,1291.6166351238887
"13-8945166",Hobbit,0,23,7381.5796,320.93825995403785
"26-0220211",Northman,0,36,7843.4897,217.87472219599618
"87-7139364",Angel,0,63,125448.08,1991.239195505778
"54-0235138",Angel,0,43,28051.492,652.3602310003237
"72-0657370",Hobbit,0,58,21183.316,365.22948177929584
"62-4225762",Orc,0,4,561.47003,140.3675022125244
"95-1482180",Human,0,15,3039.4702,202.6313335418701
"09-8035194",Northman,0,8,1478.5599,184.82000017166138
"78-0612816",Human,1,409,101576.81,248.3540342496002
"85-5067238",Human,0,2,112.29,56.14500045776367
"68-6730445",Orc,0,29,30820.738,1062.7841418036098
"81-6555339",Human,0,18,869.16986,48.287221590677895
"04-8896795",Hobbit,0,21,64086.32,3051.7290402367003
"22-1251067",Northman,0,1,823.5,823.5
"01-1941908",Orc,0,32,7216.9185,225.52875096560456
"21-3154006",Human,0,15,4367.9,291.19332589507104
"83-4824359",Human,0,25,34521.254,1380.8499958133698
"33-7354858",Human,0,38,34900.824,918.4426284150073
"76-5737971",Elf,0,8,3563.5298,445.44124245643616
"59-3486874",Human,0,24,5173.1196,215.54666582743326
"94-0353606",Hobbit,0,23,15717.691,683.3778278931328
"90-6913185",Human,0,88,19826.146,225.29704347523776
"76-6109609",Elf,0,11,3149.5198,286.3199925856157
"27-9972298",Northman,0,88,92311.88,1048.998756441203
"67-6971863",Hobbit,1,142,21280.688,149.86401578742013
"26-8811715",Human,0,86,72465.28,842.6195330952489
"00-4890880",Northman,0,9,969.85004,107.76110988193088
"54-1723420",Northman,0,52,35431.105,681.3674952800458
"20-0891350",Human,0,6,172.18,28.696666876475017
"13-6457595",Elf,0,19,2390.4,125.81052461423371
"66-5899599",Human,1,36,9945.511,276.26416557364996
"50-4523526",Orc,1,58,14714.792,253.70327374030805
"71-3681318",Elf,0,12,35859.645,2988.3033752441406
"27-1844203",Human,0,20,2500.95,125.04750043153763
"38-2330594",Human,0,8,306.94,38.3675000667572
"95-0495181",Orc,0,54,44884.52,831.1946269936032
"98-1430644",Human,1,34,112557.516,3310.515243314864
"43-0226526",Human,1,23,17716.527,770.2839143172554
"87-1301499",Hobbit,0,86,44789.793,520.8116214219914
"09-9350310",Orc,0,3,280.74,93.58000151316325
"59-0444519",Human,0,6,3672.6702,612.1116739908854
"46-6574051",Orc,1,20,29908.123,1495.4059982299805
"47-6142861",Orc,0,166,135056.47,813.5934360393559
"12-5223797",Human,0,19,12906.559,679.2926186009457
"90-3239618",Elf,0,46,8976.339,195.1378263960714
"52-6344736",Northman,0,4,27.49,6.872499942779541
"66-0674481",Demon,1,1,673.77,673.77001953125
"60-1020238",Northman,0,22,6055.7393,275.2609079534357
"85-2187365",Human,0,1,1048.09,1048.0899658203125
"77-7116541",Hobbit,1,24,6428.92,267.8716643402974
"18-2362036",Human,0,34,10926.401,321.3647064882166
"68-8004396",Hobbit,0,80,105022.805,1312.7851302146912
"04-2502697",Human,0,1,1497.28,1497.280029296875
"45-7593996",Human,0,5,2491.95,498.39000549316404
"43-7324437",Angel,1,106,181975.95,1716.7537913952233
"14-1618821",Hobbit,0,60,67357.07,1122.617679897944
"04-6856333",Orc,0,8,1486.4299,185.8037492185831
"62-9657116",Northman,0,19,3532.8103,185.9373668871428
"72-4963317",Angel,0,12,13401.832,1116.8191763559978
"06-8438648",Orc,0,41,34665.71,845.5051204402272
"04-7357192",Hobbit,0,2,7486.38,3743.18994140625
"34-0844078",Human,0,34,18518.47,544.660880355274
"73-5698565",Hobbit,0,6,31527.432,5254.571730295817
"78-0501048",Human,0,41,7737.9,188.72926670167504
"04-6225864",Hobbit,0,344,722711.6,2100.906946753347
"91-9366286",Human,0,24,13438.008,559.9170869191488
"67-8695740",Human,1,37,6144.0996,166.05675682506046
"91-6040485",Northman,0,26,5539.9204,213.07384597338162
"79-1864491",Orc,0,9,1320.6001,146.733334435357
"32-8316815",Orc,0,3,684.19995,228.06666310628256
"29-3989295",Human,0,27,2062.48,76.38814888177095
"16-5292042",Human,0,4342,448264.22,103.23922333823116
"58-4264970",Hobbit,0,130,35824.555,275.57353521493764
"53-4079359",Elf,0,12,8609.34,717.4449806213379
"26-6979717",Orc,1,292,92509.945,316.81499855975585
"63-9749587",Elf,0,27,10645.649,394.2833325068156
"37-4391843",Angel,0,1,74.86,74.86000061035156
"87-4953172",Orc,0,1,1721.87,1721.8699951171875
"47-5184730",Human,0,4,503.36,125.84000015258789
"65-8677882",Elf,0,157,38999.086,248.40171936666889
"30-2891205",Northman,0,149,217672.86,1460.8918779632388
"37-5948808",Demon,0,54,11390.512,210.93537058653655
"25-0289097",Northman,0,22,17952.371,816.016814417375
"48-4745687",Hobbit,0,1,3967.78,3967.780029296875
"34-6077276",Hobbit,0,38,9112.42,239.8005260668303
"81-3676206",Northman,1,17,2609.0098,153.47117367912742
"21-6956510",Hobbit,1,20,3099.35,154.96750078201293
"07-9880967",Human,0,2,2301.78,1150.8899612426758
"76-4856010",Orc,0,172,296394.25,1723.2229099384574
"59-8550196",Hobbit,0,10,860.17,86.01699876785278
"96-4978803",Elf,0,4,681.26,170.31500101089478
"76-3684018",Northman,0,27,28471.176,1054.4877623098869
"94-4984277",Human,0,43,29895.383,695.2413929007774
"99-8233014",Human,0,32,33153.43,1036.0446755290031
"83-6431918",Northman,0,14,15526.7705,1109.0549748284477
"69-1417040",Northman,1,14,12996.371,928.3121474129813
"12-0341994",Demon,0,18,23409.941,1300.5522096421982
"03-1265056",Orc,0,29,12262.683,422.8510374200755
"15-7076495",Human,0,16,3458.6904,216.16812181472778
"97-2898562",Orc,0,113,39567.805,350.15751854086346
"27-3935917",Human,0,2,74.86,37.43000030517578
"41-1463941",Human,0,65,36311.844,558.6435253436749
"81-1966774",Human,0,52,6449.47,124.02826881867189
"25-7618626",Elf,0,36,9822.133,272.8369436264038
"50-7713915",Hobbit,1,11,4458.89,405.3536350943825
"96-2051735",Elf,0,146,78663.71,538.7926700452011
"94-9868680",Hobbit,0,25,36065.28,1442.6111871337891
"36-7722462",Human,1,290,26172.979,90.25168931256852
"84-2460000",Human,0,18,2989.14,166.06333496835498
"13-4757455",Northman,1,47,124881.33,2657.049570935838
"17-5504918",Northman,0,53,8935.138,168.58754816595115
"13-7340891",Hobbit,0,176,111800.76,635.2317049022425
"90-0034984",Northman,0,22,3367.54,153.0699980584058
"87-1802816",Human,0,1,149.73,149.72999572753906
"67-5688156",Northman,1,22,73508.805,3341.309481880882
"67-3752633",Northman,1,3,4491.8203,1497.2733662923176
"34-2388638",Angel,1,47,34934.52,743.2876593590655
"60-6641839",Human,0,215,96665.234,449.60562772750853
"20-2844130",Hobbit,0,1,149.73,149.72999572753906
"93-7042703",Northman,0,59,106673.52,1808.0257567066258
"74-8637401",Human,1,19,6576.7896,346.1468411621295
"02-7821145",Hobbit,0,33,60448.25,1831.7651642886076
"90-9485056",Hobbit,0,13,3431.53,263.96384488619293
"09-1147157",Human,0,84,81485.625,970.0669023422968
"60-8886866",Human,0,42,100133.016,2384.1194779532298
"20-4006514",Orc,0,16,6978.3906,436.1493707895279
"02-2477945",Human,0,4,5442.6,1360.650054693222
"42-7562912",Elf,0,14,2994.55,213.89642892565047
"00-3855769",Hobbit,0,65,36219.168,557.2178465623122
"68-6347808",Orc,1,40,15131.089,378.2772468328476
"48-9307816",Orc,0,2,247.04999,123.52499771118164
"27-7780517",Orc,0,32,46861.312,1464.4159564040601
"50-2491056",Hobbit,0,72,10964.251,152.28124839729733
"29-5671552",Demon,0,198,147907.73,747.0093966144505
"29-4576717",Northman,0,35,41175.184,1176.433719744001
"96-6509924",Orc,0,27,4951.4907,183.3885204968629
"51-8612917",Orc,0,44,37997.203,863.5727230418812
"41-9846313",Hobbit,0,28,5437.4004,194.1928552218846
"99-7617388",Elf,0,1,7.49,7.489999771118164
"99-4005161",Northman,0,2,1122.96,561.4799880981445
"14-1552197",Northman,0,6,3730.01,621.6683124303818
"57-9875072",Human,0,77,42482.53,551.7210392688776
"24-4123848",Human,1,55,21610.26,392.9136356050318
"89-7795112",Human,0,31,121381.52,3915.5335068856516
"03-1910898",Orc,1,32,5706.6597,178.3331237733364
"95-0167034",Hobbit,0,133,64631.58,485.9515823050213
"96-9054441",Demon,0,1,0.75,0.75
"61-2374878",Elf,1,13,3855.4805,296.57538546048676
"51-5198589",Angel,0,13,9492.72,730.2092496431791
"56-0396463",Human,0,378,165119.7,436.82473453895125
"52-4893213",Elf,0,28,5483.1694,195.8274977547782
"92-3657593",Northman,0,126,88122.29,699.3831702641079
"37-1844766",Elf,1,44,24804.297,563.7338659817523
"47-6743481",Hobbit,0,5,1682.94,336.5879928588867
"66-5799123",Angel,0,22,6175.3193,280.69636512073606
"14-6403250",Human,0,132,57544.133,435.9403771270405
"03-3757534",Hobbit,0,28,180294.1,6439.075362750462
"34-2519235",Hobbit,0,29,3443.6904,118.74793059250405
"30-4037546",Orc,0,51,9230.662,180.99333244679022
"25-2462373",Elf,0,21,7729.711,368.0814231690906
"75-6238703",Demon,0,1,74.86,74.86000061035156
"82-5300905",Northman,1,25,37052.28,1482.091198759079
"38-5193562",Human,0,53,38534.188,727.0599942702167
"02-7497120",Elf,0,82,27367.785,333.7535360644503
"22-7429362",Elf,0,27,18311.86,678.2170469495985
"52-1878728",Orc,1,8,3484.2803,435.5349884033203
"51-4944672",Northman,0,2,232.07999,116.03999710083008
"74-5106384",Northman,0,47,12715.633,270.5453163715119
"93-8723859",Angel,0,32,4655.13,145.4728121161461
"03-7557134",Human,1,73,7606.137,104.1935622202207
"03-8226312",Human,0,22,11416.739,518.9427261352539
"14-5660077",Hobbit,0,168,88969.69,529.5813066576209
"37-0711690",Human,0,63,13140.243,208.57523728173877
"76-0916426",Northman,0,4,3376.36,844.0900101661682
"71-6887568",Elf,0,80,7713.3306,96.4166245240718
"48-7943943",Human,1,1,37.43,37.43000030517578
"54-5304239",Northman,0,45,4661.252,103.58333357175191
"19-9231718",Northman,0,8,2687.27,335.9087505340576
"17-5779683",Elf,0,34,7733.89,227.46735411531785
"09-1281671",Human,0,305,47593.086,156.04298324404192
"03-2045542",Angel,0,48,17174.34,357.79874753952026
"83-5009829",Northman,1,37,24131.043,652.190274831411
"77-0404752",Hobbit,1,11,778.5999,70.78181786970659
"81-2450945",Elf,0,45,18969.67,421.5482192966673
"81-2508058",Orc,0,1,1122.96,1122.9599609375
"11-3479230",Human,1,34,10275.051,302.2073474561467
"66-9947881",Orc,0,62,9644.699,155.55967652413153
"00-1499371",Northman,0,11,18194.23,1654.020894830877
"40-9671566",Angel,0,33,7209.39,218.46636055455065
"19-2870388",Northman,0,3,262.02002,87.34000142415364
"44-4987413",Northman,0,39,13457.212,345.05666603186194
"21-0654167",Human,0,6,2298.31,383.0516724586487
"00-0624189",Elf,0,9,12165.38,1351.7088826497395
"30-8180916",Orc,0,26,4428.1797,170.31461529548352
"93-6962764",Northman,0,61,17053.611,279.5673771529901
"16-9848491",Human,0,136,12109.6,89.04117671983755
"41-0923478",Human,1,9,3548.5503,394.28333875868054
"32-6133306",Demon,0,81,12449.784,153.70098872537966
"49-4542792",Human,0,189,165894.72,877.7496316395109
"87-5257691",Orc,0,4,1647.05,411.76250244118273
"00-5993032",Hobbit,1,187,114204.914,610.7212272136607
"05-4705810",Hobbit,1,5,587.67,117.53399963378907
"49-6196157",Elf,0,3,1796.73,598.9099833170573
"17-0187043",Hobbit,0,44,19681.508,447.3070425337011
"22-6056164",Angel,1,50,8110.2393,162.20479873657226
"40-6754856",Elf,0,18,3636.1396,202.00777901543512
"06-6623847",Hobbit,0,306,82609.91,269.96699517536786
"18-7742907",Elf,0,69,17733.2,257.0028970638911
"94-9880447",Human,0,10,19729.84,1972.984019088745
"47-4426013",Demon,0,15,3593.4502,239.56333103179932
"44-9252943",Hobbit,0,50,14987.41,299.7481962347031
"66-3998947",Human,0,44,29488.264,670.1877277114174
"74-3108803",Human,0,15,1194.0901,79.6060001373291
"24-9977787",Orc,0,17,7379.3394,434.0788246603573
"34-2578136",Hobbit,0,29,34180.625,1178.6420618583415
"56-8357252",Demon,0,34,5814.2295,171.00676598268396
"65-2279178",Human,0,72,17411.559,241.8272212346395
"19-7407495",Orc,0,17,11296.739,664.514107648064
"17-9812849",Northman,0,3,1948.71,649.5700124104818
"46-4800672",Elf,0,13,7424.9106,571.146917453179
"90-0671009",Northman,0,111,399586.53,3599.878749065571
"67-4261957",Hobbit,0,2,194.65001,97.32500171661377
"46-6798716",Orc,0,71,39501.18,556.354497536807
"97-0509310",Hobbit,0,78,35498.223,455.10538187393774
"38-6151708",Elf,0,13,2586.5398,198.96461547338046
"84-0004152",Human,0,5,5727.0796,1145.4159912109376
"21-4766824",Northman,0,69,11008.121,159.53797198637673
"37-1536984",Northman,0,23,3322.17,144.44217393709266
"14-8355864",Demon,1,1,254.54,254.5399932861328
"80-9680225",Elf,0,2,1711.54,855.7700119018555
"35-4884923",Orc,0,20,11882.599,594.1300106048584
"41-7396553",Human,0,8,1182.8699,147.85875010490417
"75-2887479",Orc,0,38,12285.727,323.3086835177321
"34-5162248",Elf,0,94,36363.773,386.8486184839239
"44-2932867",Human,0,201,1507571.0,7500.353185890919
"32-7914000",Northman,0,77,14506.366,188.39428499457125
"37-5624290",Human,0,35,5349.01,152.82885789190018
"15-0401844",Hobbit,0,199,111777.086,561.693770469012
"95-8139557",Human,0,5,495.13995,99.02799911499024
"79-4322377",Human,0,47,5051.0605,107.46936092478164
"69-8493659",Human,0,28,11021.47,393.6239288193839
"85-4102893",Orc,0,2,118.39,59.19499969482422
"11-9462699",Northman,0,45,18937.951,420.84333095418083
"00-8679430",Human,1,10,2826.1702,282.61700289919975
"47-4141948",Orc,1,151,85844.91,568.5092712968391
"66-8352420",Hobbit,0,51,48822.46,957.3031324311798
"31-3862013",Orc,0,7,16694.65,2384.950020926339
"54-5448976",Northman,0,8,3035.7302,379.46624687314034
"56-8384769",Hobbit,0,1,269.51,269.510009765625
"87-5127775",Northman,0,39,14691.019,376.69281894981094
"95-1966935",Elf,1,262,169484.47,646.8874066649503
"80-9340281",Hobbit,0,1,74.86,74.86000061035156
"82-7808370",Human,0,69,19636.162,284.58202854965043
"70-2308324",Human,0,72,470065.7,6528.690254847209
"95-6410492",Elf,0,24,35975.85,1498.9937477111816
"05-6387908",Human,0,62,7777.822,125.4487093533239
"59-5707952",Orc,1,22,19921.303,905.5136344216087
"65-6561437",Human,0,40,17130.154,428.25374522209165
"61-1213927",Northman,0,9,396.61,44.06777784559462
"66-6762009",Human,1,135,72612.97,537.8738486890439
"55-8498732",Orc,0,51,43907.66,860.9345261115653
"20-5691623",Elf,0,24,12779.28,532.4700060685476
"27-4563267",Human,0,17,4713.4404,277.26117947522334
"07-6312400",Human,0,23,4873.611,211.89608188297439
"04-7054187",Demon,0,39,9075.7295,232.7110260694455
"77-0278360",Angel,0,20,57815.504,2890.775006103516
"77-9939971",Human,0,30,20377.941,679.2646769205729
"31-3476674",Human,0,18,7115.7896,395.3216740422779
"17-3303109",Northman,0,18,8128.02,451.55667707655164
"64-5153234",Angel,1,117,75855.03,648.3333334882035
"05-3968896",Human,0,5,341.0,68.20000140666961
"04-3638607",Northman,1,20,4970.801,248.53999681472777
"00-3030708",Orc,0,20,3236.73,161.83649654388427
"38-7693916",Hobbit,0,251,270372.22,1077.1809541070425
"22-3618590",Orc,0,1,74.86,74.86000061035156
"27-4628130",Hobbit,0,9,19666.75,2185.194415622287
"52-0468455",Elf,0,12,9619.94,801.6616635322571
"65-7673812",Hobbit,0,21,15499.572,738.0747488112677
"67-6795338",Northman,1,91,17076.305,187.65164735029032
"92-0940170",Elf,0,68,613722.7,9025.335991452723
"37-3487178",Orc,1,62,46289.535,746.6051603017315
"57-9086547",Northman,0,137,73293.5,534.9889761792482
"05-1835165",Human,0,56,16532.78,295.2282123565674
"19-6469584",Demon,0,1,524.05,524.0499877929688
"49-3226930",Elf,1,26,22858.1,879.1576889111445
"06-2449093",Northman,1,18,4298.8,238.82222145133548
"02-3294319",Hobbit,0,380,23242.941,61.16542033841343
"57-6424389",Hobbit,0,22,6464.509,293.841363733465
"89-7603322",Human,0,91,12453.832,136.85527449797144
"59-1893004",Elf,1,9,1674.32,186.03555613093906
"25-1736008",Elf,0,47,70446.98,1498.8714924264461
"67-5359588",Northman,0,15,31468.178,2097.878659184774
"95-6210940",Orc,0,47,72865.04,1550.3197897850198
"60-2254159",Northman,0,25,11235.389,449.41559434890746
"26-6992358",Elf,0,83,5091.0,61.33734911033906
"78-5142000",Demon,0,29,10023.521,345.63861749089995
"09-2150179",Orc,0,47,20880.77,444.27170048368737
"86-5973116",Human,0,2,194.65,97.32500076293945
"57-1332410",Northman,1,39,13715.473,351.6787174420479
"84-5173118",Angel,0,124,92966.33,749.7283841396321
"02-6799460",Hobbit,0,30,27372.912,912.430314095815
"89-3659855",Elf,0,15,5153.4897,343.5659999847412
"85-6081277",Elf,0,11,3968.52,360.7745411829515
"62-2651194",Hobbit,0,2,1639.51,819.755012512207
"57-7311503",Orc,0,1,613.88,613.8800048828125
"39-0374265",Hobbit,0,77,2366229.2,30730.25337893003
"00-9244844",Human,0,5,711.20996,142.24199829101562
"04-4191796",Hobbit,0,20,4449.4697,222.47349758148192
"34-3180176",Northman,0,826,593475.75,718.4937381761704
"09-1988432",Elf,0,15,3439.9802,229.33200174967448
"62-8964346",Elf,0,30,9945.681,331.52266579469045
"25-5332906",Northman,0,3,224.59,74.86333465576172
"20-4662884",Human,0,40,14102.27,352.5567454176489
"58-1153687",Elf,0,50,505518.28,10110.365181274414
"84-5939306",Elf,0,13,9110.93,700.8407639723557
"29-4479409",Hobbit,1,2,1122.96,561.4800109863281
"00-8536569",Orc,1,138,31117.066,225.4859421218651
"36-8647629",Northman,1,31,4549.9297,146.77193374787606
"44-7634813",Northman,0,72,30934.541,429.64624669485625
"87-2248054",Hobbit,0,368,1028244.44,2794.1430687489715
"01-5815328",Hobbit,0,182,24783.502,136.17307640432003
"44-4733928",Northman,1,231,160047.5,692.8466219540799
"55-0030834",Orc,0,16,6676.1504,417.259374499321
"30-7313560",Orc,1,81,40170.27,495.9292587115441
"70-3598825",Elf,0,1,0.75,0.75
"45-6359358",Northman,0,56,31161.832,556.4610723980835
"48-0625234",Hobbit,0,64,91692.945,1432.7021838240325
"15-3090870",Elf,0,28,23984.95,856.6053600992475
"09-2344843",Human,0,54,53639.523,993.3242477487635
"61-9410193",Northman,0,9,16882.83,1875.8699972894456
"65-1689266",Demon,0,977,137343.7,140.57694973981154
"64-0283298",Human,0,82,123171.164,1502.0875608048789
"32-0873578",Elf,1,151,313891.34,2078.7510654247358
"97-3007859",Hobbit,0,49,89441.92,1825.3457066891144
"79-0911575",Angel,0,178,86958.914,488.53314896915737
"55-9552679",Elf,0,15,1579.62,105.30799916585286
"60-1990031",Human,0,2,2245.92,1122.9600219726562
"94-3840610",Hobbit,0,240,498558.97,2077.3295440157253
"06-2205572",Demon,0,3,4109.15,1369.716645558675
"71-4472359",Hobbit,0,56,17222.273,307.54053250806675
"09-5144400",Elf,0,4,481.75,120.43750196695328
"33-4237670",Orc,0,138,39763.906,288.14427271787673
"77-7154012",Angel,0,1,74.86,74.86000061035156
"68-3600023",Human,0,42,6935.8105,165.13833229882377
"83-1102380",Northman,0,11,6752.72,613.8836283250289
"55-7419267",Angel,0,77,18447.883,239.58285419817093
"08-0356471",Human,0,8,23312.6,2914.074996948242
"31-6511884",Northman,1,98,45182.555,461.046430179051
"59-0041020",Human,0,36,8693.02,241.47277641296387
"84-0433794",Demon,0,13,7633.85,587.2192356769855
"90-7739199",Hobbit,0,37,21654.232,585.249454627166
"48-3641162",Human,0,50,25337.723,506.7543974018097
"83-8980238",Elf,1,17,13138.6,772.8588138468125
"55-9742863",Orc,0,47,7205.2095,153.30233990480292
"34-1745650",Orc,0,2,576.45996,288.2299852371216
"46-0123291",Northman,0,57,5664.8994,99.38421046942996
"98-8768749",Hobbit,0,47,12839.171,273.1738270343618
"27-4466376",Orc,0,8,1804.2401,225.53000140190125
"08-7319199",Elf,0,27,8831.399,327.0888917357833
"74-8310085",Human,0,225,114090.34,507.06821910858156
"82-7865117",Hobbit,0,11,3743.2002,340.2909143621271
"42-1895807",Angel,0,136,166829.88,1226.6901478101227
"17-8821992",Northman,1,9,677.49,75.27666727701823
"46-3004131",Human,0,20,6655.41,332.77049576044084
"66-2847932",Hobbit,0,7,330.73,47.247143609183176
"54-5142130",Human,1,45,13460.051,299.11221809387206
"33-4812265",Demon,0,6,613.87,102.31166569391887
"42-7566288",Demon,0,58,8650.54,149.1472397878252
"72-7686770",Elf,0,175,39691.574,226.8089692905971
"87-7100935",Orc,0,2,299.45,149.7249984741211
"33-7190259",Northman,0,28,9316.97,332.7489248939923
"23-5834310",Hobbit,0,26,5192.23,199.70115318665137
"07-4487426",Human,0,38,5454.9395,143.55105413261214
"30-2636009",Orc,0,60,8397.96,139.9659993648529
"33-9508189",Human,1,1,104.81,104.80999755859375
"17-8829738",Human,0,28,15101.922,539.3542849445449
"10-5420631",Northman,1,172,12836.009,74.62790685684182
"09-8384945",Human,0,9,733.67,81.51888942718506
"20-7093988",Human,0,87,67800.34,779.3143678424002
"60-3444994",Elf,0,37,1643.19,44.410539962149954
"87-8063508",Human,1,67,15908.013,237.4329833415017
"54-0271560",Demon,1,37,400786.94,10832.080184524124
"81-1133423",Human,0,25,6424.06,256.9624020385742
"96-8212600",Human,0,18,4080.0703,226.67055172390408
"40-9378793",Human,0,16,1272.68,79.54249894618988
"43-6500876",Hobbit,0,55,81609.625,1483.8114491982894
"65-3023750",Hobbit,0,16,31431.59,1964.4743591547012
"83-0990192",Human,0,40,7823.79,195.5947477221489
"09-3328223",Northman,0,18,6465.2607,359.18110921647815
"05-8571540",Elf,0,91,12884.721,141.59032934838598
"19-8663588",Elf,0,23,14494.909,630.2134697437286
"73-8726806",Angel,0,45,23031.123,511.8026640150282
"21-8578167",Northman,0,34,16069.51,472.6326470936046
"41-5468169",Northman,0,9,5743.3696,638.1522250705295
"73-0676383",Human,0,22,15062.631,684.6649895147843
"10-8073748",Orc,0,38,179823.02,4732.184216951069
"27-9214729",Human,1,30,5321.7695,177.39233071009318
"43-0876891",Hobbit,0,11,2791.75,253.79545506564054
"27-2556704",Angel,0,59,44124.414,747.8713522119037
"35-9007163",Angel,0,37,21734.717,587.4248554642136
"98-1187678",Elf,0,98,10714.841,109.33499933748828
"94-5736892",Northman,1,13,4622.84,355.60307253324066
"26-4589983",Hobbit,1,68,140929.3,2072.4897082868742
"33-4160841",Hobbit,1,35,10629.709,303.70599741254534
"28-7957235",Human,1,1,0.75,0.75
"18-6521787",Human,0,41,26695.844,651.1180518742015
"89-3481170",Human,0,27,30380.014,1125.1859181265313
"08-8339272",Human,0,33,10698.041,324.1830307678743
"46-7615255",Angel,1,15,41699.17,2779.944720458984
"52-9395445",Hobbit,0,18,12023.129,667.9516809251573
"91-4007973",Hobbit,1,1893,470488.38,248.5410461711446
"05-1382348",Human,0,38,16541.463,435.30158103139775
"02-9164267",Northman,0,86,92774.54,1078.7737161988437
"19-5575216",Hobbit,0,157,7041.6143,44.85101876820728
"21-6237796",Demon,0,34,10527.779,309.64058741401226
"29-6715606",Northman,0,56,11576.529,206.72375150237764
"73-0132632",Angel,0,48,66785.36,1391.3614503542583
"28-3981891",Human,0,16,24050.02,1503.1262246370316
"11-2998745",Human,0,2,711.2,355.6000099182129
"00-4481784",Hobbit,0,11,888.94,80.81272589076649
"41-6602589",Elf,0,119,80204.8,673.9897544924952
"82-0405641",Human,0,58,151849.55,2618.095691582252
"10-5617810",Orc,0,7,506.44998,72.34999895095825
"49-6079154",Northman,0,34,7684.9585,226.0282361647662
"12-6162993",Northman,0,43,74265.24,1727.0983662771623
"08-9704756",Human,1,54,13136.562,243.26962770356073
"54-6353894",Orc,0,13,1696.6799,130.5138442516327
"73-0777834",Human,0,27,15680.271,580.7507468329536
"69-3561590",Northman,0,103,14063.402,136.53786377312198
"71-7101555",Orc,0,14,17218.69,1229.906394958496
"57-2836413",Hobbit,0,50,5970.3994,119.40799855232238
"09-5519012",Elf,0,14,1576.6301,112.61642837524414
"10-9669711",Human,0,97,18314.145,188.80556631579842
"05-6991741",Orc,1,145,196411.42,1354.5619969466636
"08-4114914",Human,0,90,30479.734,338.6636687278748
"67-5448247",Orc,0,4,262.01,65.50250053405762
"94-2492136",Northman,0,7,889.14996,127.02142579214913
"11-6220694",Angel,0,20,19756.598,987.8299839019776
"50-5278391",Hobbit,0,80,42654.586,533.1822445392609
"71-3885424",Northman,0,6,6459.25,1076.541685740153
"64-2776009",Hobbit,0,12,3794.4697,316.2058325608571
"75-3688247",Human,1,81,46248.69,570.9713555765741
"45-7602233",Human,0,92,46987.926,510.73837071926454
"79-7107436",Hobbit,1,42,17670.854,420.73452238241833
"61-0430776",Human,0,36,34864.137,968.4480534659492
"17-5805390",Orc,1,14,18865.719,1347.5514406476702
"65-2167673",Northman,0,147,30105.094,204.79646191305045
"07-0699705",Orc,0,49,8824.412,180.08999878046464
"62-9035026",Elf,1,30,9840.89,328.02966620922086
"91-5948895",Northman,0,287,740499.1,2580.135859596838
"56-5927278",Human,0,21,4452.67,212.03190250623794
"81-4547876",Human,0,103,48399.805,469.90107115032606
"08-7142424",Hobbit,1,38,47604.98,1252.762616709659
"71-3885995",Elf,0,1,1497.28,1497.280029296875
"61-9594239",Human,0,32,22792.242,712.2574945762753
"62-9666376",Orc,0,88,137018.95,1557.033186538653
"07-0777821",Orc,0,1,374.32,374.32000732421875
"06-2975053",Orc,0,25,52471.324,2098.852780723572
"87-0174289",Hobbit,0,38,7557.89,198.89184010656257
"80-4602384",Human,0,124,192866.9,1555.3784761857241
"84-4499055",Northman,0,23,4334.6,188.46086709395698
"72-8300577",Human,0,23,10810.119,470.0052204546721
"20-7694789",Hobbit,0,82,48531.984,591.8534130235997
"27-7308991",Hobbit,0,12,2302.03,191.83583052953085
"58-1195499",Demon,0,4,771.1,192.77500009536743
"52-6414165",Northman,0,37,14347.644,387.77405406333304
"83-8051875",Orc,0,34,6896.4204,202.8358837366104
"65-1182678",Orc,0,2,3593.47,1796.7349853515625
"89-8822038",Demon,0,48,26846.432,559.3006213108698
"23-4106714",Northman,0,14,522.77997,37.34142814363752
"26-3273769",Northman,0,16,31143.389,1946.4618606567383
"17-9640989",Demon,0,42,86553.13,2060.7885836419605
"20-9561193",Orc,0,52,20729.322,398.6407678585786
"99-9610988",Hobbit,0,64,17229.902,269.2171839661896
"70-3525993",Human,1,42,40491.605,964.085718870163
"45-7270077",Human,0,70,42073.44,601.0494188036238
"75-9510239",Northman,0,48,108389.94,2258.1237430969873
"45-7406277",Human,0,31,5197.3096,167.65515925038247
"60-5681559",Orc,0,40,17566.1,439.15249848365784
"70-8537828",Elf,0,19,6589.4893,346.8152630078165
"58-1226483",Northman,0,4,254.54,63.63499879837036
"77-9501144",Northman,0,24,9975.609,415.65041224161786
"37-5171134",Northman,1,120,307967.3,2566.394920841853
"98-5861148",Human,0,21,37884.38,1804.0181073688325
"77-5983880",Orc,0,41,11231.011,273.9270696872618
"13-1490834",Elf,0,66,62160.0,941.8181829091275
"06-4874575",Angel,1,36,15772.319,438.11999904447134
"43-6864092",Elf,0,53,131925.11,2489.1530240616707
"93-1239678",Orc,0,32,7591.07,237.22093400359154
"74-8761274",Northman,1,10,3973.46,397.3460063934326
"99-3098656",Orc,0,38,22345.541,588.0405205801914
"77-9272426",Angel,0,48,17728.209,369.337703704834
"00-9028931",Northman,0,102,105906.52,1038.2992154663684
"15-2269944",Orc,0,3,374.32,124.77333068847656
"12-7460683",Hobbit,1,37,12334.592,333.3672997758195
"43-7422015",Angel,0,48,63868.13,1330.5858248472214
"76-7411301",Northman,0,6,2320.78,386.7966588338216
"49-6898759",Orc,0,34,36410.426,1070.8946909063002
"36-0766952",Northman,0,2,74.86,37.43000030517578
"05-2710257",Orc,0,2,23.97,11.98499954212457
"98-7208648",Human,0,48,40330.34,840.215427984794
"20-0080924",Northman,0,20,41503.023,2075.1510204315186
"84-3413789",Hobbit,1,72,6753.3,93.79583323332999
"64-4618969",Orc,0,76,16567.363,217.9915757932161
"87-1184880",Elf,0,46,10877.781,236.47347701114157
"67-2283651",Human,0,98,223892.94,2284.62233138571
"98-0125805",Hobbit,0,21,10727.99,510.8566578456334
"22-4151863",Northman,1,12,4499.32,374.94333028793335
"33-2874377",Hobbit,0,94,17284.506,183.87765902407625
"74-8543058",Human,1,166,72324.83,435.6916253652917
"27-6358755",Human,0,93,64154.09,689.8288157194332
"03-5093987",Orc,0,6,59554.2,9925.699728647867
"89-7024275",Angel,0,17,4980.6006,292.9764723462217
"50-2657263",Orc,1,52,109816.49,2111.855759437268
"68-6236992",Elf,0,75,36393.848,485.25120008558036
"36-7123554",Angel,0,6,647.56995,107.92833137512207
"64-3572053",Human,0,48,36949.457,769.7802131573359
"49-4591174",Orc,0,5,2715.5298,543.1060056209565
"12-2984832",Human,0,2,374.32,187.15999603271484
"24-0268241",Orc,0,1,37.43,37.43000030517578
"48-3946582",Northman,0,39,2429.3003,62.289743472368286
"15-6931763",Hobbit,0,51,113415.05,2223.824524636362
"62-9079049",Elf,0,11,8930.5205,811.8654500787908
"03-4742398",Hobbit,0,20,4813.7495,240.68749804496764
"68-7410830",Demon,0,4,4240.48,1060.119987487793
"39-6938654",Elf,0,46,10809.292,234.98456461533257
"36-3877633",Human,0,161,73336.63,455.50696246872036
"93-0702612",Human,0,45,27346.639,607.7031154844497
"52-2943342",Northman,1,131,14317.131,109.29106777041923
"97-8001157",Hobbit,1,16,3112.42,194.52625089883804
"69-8385580",Human,1,96,62766.316,653.8155244787534
"02-1115741",Angel,1,5,9432.85,1886.5700241088866
"24-7414366",Orc,0,36,9680.141,268.8927776813507
"90-1925192",Hobbit,0,76,23357.463,307.3349971833982
"06-2718524",Human,0,18,8983.61,499.0894427829319
"39-7183891",Northman,0,38,17255.19,454.0839466044777
"35-7186171",Human,0,14,13887.249,991.946442263467
"02-2407293",Human,0,27,36314.832,1344.9937128844085
"19-9166765",Human,0,6,2253.41,375.5683364868164
"80-2109091",Hobbit,0,42,32948.043,784.4771464665731
"50-7012927",Human,1,21,4076.99,194.14238166809082
"35-1909124",Hobbit,0,15,1699.43,113.29533246358235
"54-2927900",Human,0,15,10750.469,716.6979858398438
"53-6070301",Angel,0,3,4177.4,1392.4666493733723
"96-4777727",Human,0,5,1597.07,319.4139959335327
"19-1452958",Human,0,107,9978.481,93.25682266627517
"99-7719404",Northman,0,16,3375.6199,210.9762465953827
"96-9080243",Northman,0,54,61571.18,1140.206647519712
"97-0458034",Hobbit,1,23,9432.851,410.1239172894022
"46-2175606",Elf,0,105,29423.81,280.2267615817842
"12-1453845",Angel,0,30,3097.38,103.24599988460541
"84-6851224",Orc,0,1026,69724.65,67.95786557182467
"87-4245271",Northman,0,12,10817.839,901.4866619110107
"39-4792171",Hobbit,1,13,4042.6501,310.9730741060697
"37-1667048",Hobbit,0,37,27529.383,744.0372952383917
"90-6138308",Orc,1,37,6671.87,180.3208103502119
"74-7193716",Elf,0,147,197832.98,1345.802988117244
"44-9391061",Human,0,68,29655.47,436.1098525944878
"04-0486272",Human,0,59,47519.81,805.4205052004022
"46-4575865",Human,0,7,5629.76,804.25144304548
"68-9089061",Human,0,299,686006.7,2294.336856988187
"25-7177224",Northman,0,10,3318.56,331.85600118637086
"32-5060475",Orc,0,24,1594.6198,66.4425007601579
"38-5811474",Human,0,79,41946.64,530.9700010154821
"70-8255302",Hobbit,0,59,74514.97,1262.965768781759
"68-0795600",Human,0,17,2369.4697,139.38058449240293
"72-3217678",Northman,0,15,4589.16,305.9439982096354
"89-6148670",Hobbit,0,3,173.65,57.88333384195963
"00-1892609",Hobbit,0,155,17648.662,113.86232280389916
"31-8439321",Elf,0,53,36633.15,691.191324827806
"82-4813321",Hobbit,1,35,17409.713,497.42028176443915
"90-1311970",Orc,0,49,20678.023,422.00040650854305
"96-6914677",Angel,0,40,23387.764,584.6940070152283
"26-6590720",Orc,0,268,184953.89,690.1264197879763
"55-4051612",Elf,0,80,23283.56,291.04449670100587
"24-4571351",Elf,0,35,28940.156,826.8614362989154
"85-1943345",Hobbit,0,1033,647746.1,627.0534160656481
"34-8013833",Human,0,6,13258.39,2209.7316360473633
"91-9752922",Demon,0,45,15174.9,337.21999617682565
"45-3172910",Human,0,36,37548.93,1043.025826430983
"45-9396791",Demon,0,273,54538.94,199.7764091008094
"18-2705174",Human,1,10,11551.51,1155.1509895324707
"19-9063438",Northman,0,63,26723.047,424.17539502703954
"67-7763792",Human,1,153,21001.557,137.2650313985114
"31-7728396",Hobbit,1,114,75941.42,666.15271945167
"10-5193129",Orc,0,59,22344.56,378.7213522337251
"57-2452939",Hobbit,0,76,28733.9,378.07749985393724
"11-3782956",Human,1,164,19733.498,120.32621993960404
"05-3578987",Human,0,30,9193.279,306.44266675313315
"46-6322008",Elf,1,20,12603.029,630.1514910936355
"97-0605239",Orc,0,18,27003.828,1500.2127492957645
"77-4817795",Angel,0,2,748.64,374.32000732421875
"66-2206590",Orc,0,46,58298.023,1267.3480468418288
"42-9136577",Elf,0,27,16853.271,624.1951870388455
"69-5469829",Northman,0,86,266676.9,3100.894156437974
"62-0949239",Hobbit,1,17,5681.7197,334.2188186084523
"17-5672685",Northman,0,97,10858.844,111.94680319075502
"53-3740662",Elf,0,57,8497.01,149.07034910770884
"39-2982588",Human,0,2,78.6,39.30000030994415
"74-5603875",Human,1,2,748.64,374.32000732421875
"82-4076816",Northman,0,14,1253.98,89.56999841758183
"12-5848721",Human,0,13,50835.043,3910.3876366248496
"82-9967161",Hobbit,1,92,108125.06,1175.272502222463
"36-2846026",Hobbit,0,46,25309.705,550.2110802712648
"03-8472914",Northman,1,53,12575.141,237.26679020107917
"63-4450786",Elf,0,24,6558.4204,273.26749777793884
"90-2808400",Hobbit,0,43,20117.31,467.8444195237271
"34-5723320",Orc,0,32,9479.09,296.2215633543674
"21-3113327",Orc,0,40,13606.555,340.16374518871305
"91-2733243",Demon,0,74,64873.3,876.6660767374811
"24-5659754",Hobbit,0,58,26758.662,461.3562041356646
"53-0967896",Human,0,32,9721.012,303.7815588414669
"92-2781830",Human,0,10,2866.52,286.6519968271256
"37-2011685",Human,0,59,35525.457,602.126268322185
"92-7022703",Orc,1,84,60715.58,722.8044063420523
"58-6141304",Hobbit,0,2,190.91,95.45499801635742
"47-5588387",Orc,1,258,898770.2,3483.607529292735
"19-3859020",Hobbit,1,79,5022.59,63.577088467682465
"12-5279334",Northman,1,2,3443.7302,1721.8650588989258
"79-0462837",Hobbit,0,4,1497.28,374.3200035095215
"84-4701137",Human,0,2,1122.96,561.4800109863281
"68-4958492",Angel,0,96,49849.58,519.266454850634
"50-4208110",Northman,0,57,27036.107,474.3175446078704
"71-6070384",Northman,1,45,46803.836,1040.0851076338026
"46-8674969",Northman,0,13,3690.8298,283.91000014085034
"31-6399219",Human,0,44,8214.101,186.68408901041204
"84-0117468",Elf,1,17,7935.56,466.7976478127872
"03-4997422",Hobbit,0,17,13904.27,817.8982223061954
"13-7939157",Elf,0,3,535.58,178.52666759490967
"13-6046486",Hobbit,0,3,336.88998,112.29666392008464
"54-8975402",Northman,0,10,1365.15,136.51499881744385
"25-8522088",Elf,0,51,11050.651,216.6794104202121
"04-1286704",Human,0,4,8305.3,2076.324996948242
"60-9639349",Human,0,181,56859.895,314.14303965067995
"21-5163089",Northman,0,2,75.61,37.80500030517578
"15-3586803",Human,0,19,1414.8799,74.46736839296003
"66-8391959",Demon,0,1,336.89,336.8900146484375
"37-2073345",Human,0,16,2156.09,134.75562447309494
"48-2288115",Hobbit,0,55,6136.0425,111.56436410112815
"65-4552380",Elf,0,20,11678.77,583.9384971618653
"48-7306520",Elf,0,36,28015.818,778.2172163592445
"83-1297756",Hobbit,0,58,46257.15,797.5370724530055
"54-1597547",Hobbit,0,172,36288.492,210.97959262063338
"24-8238175",Elf,0,2,282.98,141.4900016784668
"29-4527167",Human,0,48,3710.3909,77.29979196811716
"89-2766717",Hobbit,0,32,4626.4907,144.57781252264977
"67-6344096",Hobbit,0,38,17795.143,468.29314407549407
"44-1659879",Elf,1,75,64329.92,857.7322659810384
"24-4571899",Hobbit,0,489,336302.6,687.735498312396
"83-5487040",Human,0,10,2040.0298,204.00299816131593
"43-0173889",Human,1,24,24363.268,1015.1362559000651
"55-7614680",Orc,0,44,11815.572,268.53567663106054
"71-7059842",Human,0,31,19943.74,643.3464450605454
"00-5155617",Orc,0,1,37.43,37.43000030517578
"23-3243010",Elf,0,42,4772.54,113.63190507888794
"94-1175232",Human,0,51,9110.92,178.64548937479654
"95-6409590",Orc,0,2,431.14,215.56999969482422
"76-9788151",Hobbit,0,203,59745.746,294.3139906848593
"75-4689185",Orc,0,57,24343.1,427.0719288608484
"92-3944330",Demon,1,125,39700.016,317.6000791063309
"97-2189071",Hobbit,0,123,32496.557,264.19959404798055
"11-2056772",Demon,0,91,12067.986,132.61527382148492
"83-8123413",Human,0,58,33739.76,581.7199923745517
"48-8471995",Human,0,59,16684.58,282.7894888085834
"42-1917612",Human,0,42,11277.649,268.51547911053615
"76-6899302",Angel,0,32,3839.4302,119.98218601837289
"78-4720332",Orc,0,2,748.64,374.320011138916
"94-7334563",Human,0,111,118815.86,1070.4130654496116
"98-6142544",Elf,0,23,7467.32,324.66608760667884
"22-1172453",Elf,0,51,28804.979,564.8035217045862
"02-5641376",Northman,0,108,148674.0,1376.6107428603702
"30-0240460",Human,0,12,1951.0099,162.58416867256165
"97-4321800",Human,0,5,408.00998,81.60199780464173
"84-4521275",Human,0,14,7224.3604,516.0256947108677
"57-4586937",Hobbit,0,13,5143.1304,395.6253894659189
"81-2078649",Human,0,15,2283.3596,152.2239980061849
"85-8823935",Orc,1,17,1652.2501,97.19117607789882
"10-6097725",Northman,0,16,14967.631,935.4768806695938
"62-5152252",Hobbit,1,21,1691.2198,80.53428507986523
"47-1547925",Orc,1,1,149.73,149.72999572753906
"25-0290203",Human,0,29,23282.68,802.8510342301994
"12-8154463",Elf,0,14,4126.4897,294.74927917548587
"39-4926467",Northman,0,84,82148.38,977.9567825680688
"16-0388730",Angel,1,20,1116.2299,55.81150043010712
"67-1837192",Human,0,23,1917.34,83.36260756493911
"04-2541887",Angel,0,621,164937.89,265.60078907665616
"01-7681796",Angel,0,24,5240.4595,218.35249737898508
"63-5475901",Human,1,12,7868.1895,655.6824862162272
"91-0214594",Hobbit,0,7,2788.6897,398.3842736652919
"91-7648657",Hobbit,0,223,22334.254,100.1534974845335
"26-4701825",Elf,0,944,299770.6,317.5534624054523
"61-4407645",Orc,0,8,632.58997,79.07375064492226
"75-6692148",Elf,0,17,12442.82,731.9305874284576
"30-5914688",Human,0,99,33687.395,340.27666741428953
"16-2695647",Demon,0,108,43026.18,398.39045846793385
"25-1102379",Hobbit,0,9,1321.3398,146.81555557250977
"95-6356058",Human,0,68,30289.535,445.43426484570784
"23-4721245",Demon,0,41,39004.086,951.3190235510106
"71-3362927",Hobbit,0,295,859476.4,2913.4814024588377
"12-5378034",Northman,0,33,9834.35,298.0106021779956
"30-8530224",Hobbit,0,82,51034.664,622.3738980176972
"42-3039847",Northman,0,3,224.58,74.86000061035156
"66-6446372",Hobbit,0,21,1669.4198,79.49619079771496
"46-9751096",Orc,0,4,4866.16,1216.5399780273438
"06-8191249",Human,1,2,1759.3,879.6500091552734
"52-1205751",Human,0,5,2275.8699,455.17400512695315
"67-3497804",Elf,0,14,24375.68,1741.1199564252581
"51-0223001",Orc,0,17,13400.701,788.2764735502356
"03-7606184",Orc,0,15,5034.5903,335.63933614095055
"30-5058840",Orc,0,1,6.82,6.820000171661377
"78-2224167",Orc,0,21,19179.33,913.301418031965
"24-5560325",Demon,0,3,782.33,260.7766596476237
"07-1239125",Orc,0,6,3102.18,517.03000831604
"09-6552396",Northman,0,1,3.74,3.740000009536743
"67-4196145",Northman,0,37,9445.451,255.2824308163411
"66-2625866",Hobbit,0,23,2975.81,129.3830436312634
"42-6768221",Angel,1,34,956.37994,28.128823564333075
"11-1812600",Human,0,18,2960.8604,164.49222140842014
"98-2014834",Demon,0,19,8047.8394,423.5705253199527
"12-0528273",Human,0,56,97023.62,1732.5644595623016
"79-0508010",Elf,0,94,79294.125,843.5545747419621
"36-4059442",Hobbit,0,2,112.29,56.14500045776367
"41-9493058",Northman,1,69,13415.602,194.42898664958236
"38-3473210",Human,0,19,1669.4598,87.86631438606663
"87-0053621",Northman,0,15,12389.97,825.9979909261068
"12-1931126",Human,0,15,5831.9194,388.79465942382814
"21-3503973",Northman,0,58,104131.12,1795.364153796229
"98-6116125",Elf,0,2,7486.3896,3743.1949462890625
"92-5856255",Hobbit,1,293,94134.39,321.2777472714108
"94-0133200",Elf,0,24,26964.773,1123.5320882797241
"48-3333146",Orc,0,50,48517.055,970.3409906005859
"24-6892416",Human,0,1,23.88,23.8799991607666
"03-2960058",Angel,0,2,91.85,45.92500019073486
"01-5140944",Demon,0,9,1025.65,113.96111234029134
"04-0612394",Human,0,42,8818.13,209.95547387713478
"01-2132667",Orc,0,19,9560.131,503.16473624580783
"39-0694431",Elf,0,37,4019.5603,108.63675700651633
"70-0359557",Hobbit,1,78,26971.582,345.78948748111725
"58-3430065",Elf,0,16,8701.07,543.816877193749
"07-8973612",Hobbit,0,20,10083.411,504.1704973220825
"57-7340153",Demon,0,4,2919.69,729.9224853515625
"61-5203366",Orc,0,69,39821.418,577.1218887550243
"76-2303928",Human,0,4,21665.6,5416.400074005127
"25-8149191",Northman,1,4,1347.54,336.88500595092773
"89-6192718",Orc,0,2,299.46,149.72999572753906
"80-7104160",Northman,0,2,262.03,131.01499938964844
"37-0391280",Northman,0,5,1160.38,232.07599639892578
"70-6098216",Human,1,45,60941.938,1354.264870859517
"58-7951204",Elf,0,443,1019626.3,2301.639698275594
"43-4747729",Human,1,5,339.64,67.92800025939941
"42-3546426",Human,1,18,1175.83,65.32388842105865
"61-5728408",Angel,0,1,262.02,262.0199890136719
"75-0162110",Angel,0,65,17619.031,271.06200073682345
"04-5251016",Human,0,17,5301.6597,311.862356634701
"29-7504408",Hobbit,0,20,9970.841,498.54199142456054
"44-1909154",Northman,1,31,5576.8394,179.89806172155565
"66-1962723",Human,0,8,2298.3398,287.29250144958496
"91-4288738",Angel,1,46,15275.54,332.07695210498315
"61-4921606",Hobbit,0,38,21271.83,559.7849965346487
"72-8737936",Demon,0,36,17566.822,487.96722500191794
"74-0666060",Hobbit,0,23,6078.9385,264.301733929178
"11-4295688",Hobbit,1,38,8624.359,226.95683838819204
"05-2264247",Human,0,12,28535.44,2377.9533112843833
"36-9013495",Hobbit,0,47,20009.137,425.7261725486593
"22-4388077",Human,1,183,6343.213,34.66234933613428
"68-0026271",Hobbit,0,76,26063.459,342.94012984633446
"82-4628110",Human,0,89,85440.19,960.0020212216324
"94-2006980",Northman,0,38,15990.92,420.8136913901881
"51-8056679",Human,0,161,94339.55,585.9597523582648
"25-0103879",Human,0,40,16857.86,421.44649916887283
"97-7614530",Hobbit,1,1,973.23,973.22998046875
"16-2635790",Orc,0,6,127515.61,21252.601806640625
"99-2837871",Northman,0,22,7453.2803,338.7854552621191
"00-9763187",Hobbit,0,2,1609.5701,804.7850189208984
"98-8672774",Hobbit,0,47,93075.26,1980.3248888380983
"00-3135807",Northman,0,42,57365.21,1365.8380937576294
"36-6739087",Human,1,27,5809.3896,215.1625946186207
"67-7387668",Northman,0,10,1383.5,138.3500004053116
"18-2761089",Demon,0,7,3930.3599,561.4799891880581
"98-5265601",Orc,0,12,8983.67,748.6391639709473
"20-4381765",Human,0,48,79310.56,1652.303333600362
"44-4886519",Northman,0,13,2781.1702,213.93615062420184
"04-6817482",Hobbit,0,23,6101.44,265.2799954621688
"66-0519386",Hobbit,0,77,8661.951,112.4928582736424
"05-6496532",Orc,0,69,23091.932,334.66564388551575
"58-4086841",Orc,0,26,17050.23,655.778074998122
"05-3662083",Orc,0,35,7317.1694,209.0619972229004
"78-0728209",Orc,0,3,232.07999,77.35999870300293
"34-4840255",Hobbit,0,22,8301.66,377.34817913750356
"26-2106221",Orc,1,211,107593.53,509.92194335381566
"78-6484434",Hobbit,1,36,1971.0701,54.751943899525536
"79-8924920",Hobbit,0,117,339279.2,2899.8223646278057
"19-8644329",Orc,0,58,19902.535,343.1470689979093
"38-6551250",Demon,0,20,20646.434,1032.321509150043
"11-3614812",Northman,0,9,5015.8794,557.3199954562717
"55-2303637",Orc,0,19,3807.21,200.37947013503626
"93-5628650",Human,0,62,66767.36,1076.8927457717157
"96-4487451",Northman,0,14,8328.98,594.9271373067584
"67-9403566",Hobbit,1,39,5026.1196,128.87486971341647
"75-5817252",Hobbit,0,439,1443133.9,3287.3193720915865
"10-8935837",Orc,1,8,4184.74,523.0924987792969
"98-0037874",Human,0,58,47487.12,818.7434489151527
"40-4079476",Orc,1,92,133258.48,1448.461729267369
"14-6701697",Human,0,28,7127.049,254.53749888283866
"64-6909443",Human,0,95,45382.44,477.70989412006577
"89-2783184",Human,1,3,2994.56,998.1866861979166
"28-8023176",Human,0,1,112.3,112.30000305175781
"71-7184877",Human,0,124,10415.992,83.99991876367599
"68-3700226",Northman,0,421,2966354.2,7045.972774462433
"71-8737838",Human,0,30,23301.414,776.7136670430501
"57-5686880",Angel,0,74,25936.62,350.4948584330394
"85-8155830",Demon,0,29,14934.95,514.9982710213496
"87-5944401",Hobbit,0,2,118.29,59.14500141143799
"12-0454626",Angel,0,20,4903.5796,245.17900009155272
"89-3032385",Northman,1,136,703253.5,5170.980405601618
"28-0579330",Human,0,35,11124.751,317.85000275203157
"12-9850324",Human,1,20,7943.0386,397.1519950866699
"63-7269338",Demon,0,31,9378.308,302.5261303224871
"29-9121136",Demon,0,57,78837.055,1383.1059619543846
"60-0026906",Orc,0,44,16824.86,382.38317602060056
"33-3019035",Angel,0,26,6797.6504,261.44807903583234
"22-1223983",Hobbit,0,20,10877.739,543.8869976043701
"98-2360204",Orc,0,7,4956.0,708.0000087193081
"51-5164437",Elf,0,1,748.64,748.6400146484375
"09-4642185",Orc,0,15,4836.2197,322.4146667480469
"75-4902326",Hobbit,0,30,13175.781,439.1926605860392
"64-7193218",Demon,0,2,602.64996,301.324986577034
"68-4582841",Human,0,16,14978.909,936.1818895339966
"90-1553236",Human,0,1,89.84,89.83999633789062
"12-1767917",Human,0,3,512.67,170.8900032043457
"60-3507722",Northman,0,51,18097.838,354.85960480410097
"17-9449189",Northman,0,38,20717.031,545.1849928906089
"46-7913256",Northman,0,21,13891.07,661.4795161655971
"57-6047890",Elf,0,27,26505.531,981.6862980966215
"15-7805235",Angel,1,315,627500.25,1992.0634641495963
"17-6893557",Hobbit,1,14,2749.4102,196.3864276068551
"88-1890289",Elf,0,21,12932.021,615.8104768480573
"19-7841858",Elf,0,19,22142.709,1165.4057627226177
"98-8367185",Demon,0,33,5432.1,164.60909248120856
"45-0272214",Orc,1,21,19828.422,944.2104840959821
"06-1341315",Hobbit,0,67,18289.19,272.97298502566207
"08-9365936",Human,0,71,90618.98,1276.3235121176276
"27-9278412",Northman,1,32,3516.0598,109.87687498144805
"09-5458942",Human,0,127,57517.973,452.89732598325634
"50-4267264",Hobbit,0,1,187.16,187.16000366210938
"51-2677100",Human,0,26,17607.97,677.22960963616
"73-9843040",Human,0,263,219569.7,834.8662333479399
"22-4630082",Elf,0,18,4986.7,277.03889009687634
"93-7956762",Hobbit,0,83,37429.016,450.951931521476
"74-5520186",Northman,0,16,7332.9204,458.3075032234192
"54-6780702",Northman,0,31,49588.258,1599.6212785782352
"44-8206645",Hobbit,1,5,486.61,97.3220001220703
"55-5836488",Human,0,3,718.69,239.56333923339844
"64-5859063",Orc,1,26,3973.8398,152.83999888713544
"27-5070048",Human,0,19,5120.7104,269.5110517802991
"91-7848044",Hobbit,0,19,3170.4802,166.86736980237458
"98-2080413",Human,0,5,4795.04,959.0080184936523
"06-6529743",Human,0,49,17919.803,365.71020662054724
"94-2949827",Angel,0,11,2459.2,223.56363489411095
"58-0730118",Hobbit,1,53,83506.88,1575.6012973627953
"75-5930110",Hobbit,0,15,5352.77,356.85133870442706
"86-2386198",Human,0,129,43094.38,334.06480441721834
"39-5387488",Human,0,12,5708.3696,475.6975034077962
"25-2665744",Northman,1,17,8026.7505,472.16176111557905
"47-3929839",Orc,0,10,1312.36,131.2359992980957
"46-1236516",Orc,0,9,7852.4795,872.4977857801649
"08-7610164",Elf,0,47,33752.387,718.135743552066
"28-5439484",Human,0,4,1186.6,296.650004863739
"59-2652340",Orc,0,20,10233.87,511.6934928894043
"25-7897461",Northman,0,81,259383.4,3202.264806582604
"13-4999519",Elf,0,145,52457.758,361.77758394438644
"82-5032401",Elf,0,23,6074.7,264.11738922284997
"60-8999676",Hobbit,0,51,68953.39,1352.0270414165423
"85-0150531",Human,0,64,56728.637,886.3848369345069
"88-8973942",Human,0,130,27419.82,210.92161532915554
"85-0720898",Human,0,8,6103.37,762.9212474822998
"12-6229090",Human,0,15,7169.2603,477.95066401163734
"58-3200886",Hobbit,1,60,70217.73,1170.2951511065164
"92-8661462",Hobbit,0,23,1804.01,78.43521711100702
"60-4377023",Hobbit,0,4,235.81001,58.95250105857849
"10-4751217",Human,0,2,583.93994,291.9699854850769
"43-6458982",Elf,0,1,56.52,56.52000045776367
"12-3916577",Demon,0,13,14510.932,1116.2254051795373
"56-5357175",Human,0,33,14851.493,450.0451484448982
"26-4830419",Northman,0,32,34105.023,1065.7818644046783
"18-6748961",Human,0,18,5733.6104,318.5338890949885
"95-8948352",Hobbit,0,36,20196.764,561.0211119651794
"81-7878879",Human,1,32,15096.3125,471.75968626886606
"29-4170915",Elf,0,365,179770.11,492.5210419328245
"63-8947911",Hobbit,0,3,5742.0503,1914.0166317621868
"56-4289852",Northman,0,31,30799.549,993.5338671284337
"56-5488001",Human,0,103,20542.6,199.4426231199098
"22-6889677",Northman,0,12,3222.8804,268.57333302497864
"46-1189879",Elf,0,108,46948.88,434.7117538540452
"79-6081482",Human,0,8,6213.6904,776.7112522125244
"43-4765915",Elf,0,62,61623.516,993.9275749575708
"52-4097998",Hobbit,0,87,67537.75,776.2960896766049
"17-4194815",Elf,0,10629,677927.2,63.78111756684816
"84-2120781",Northman,0,76,32463.8,427.1551304145863
"43-8250629",Human,0,82,33588.812,409.6196329099376
"45-3710879",Orc,0,52,7549.998,145.19230597294293
"51-1360309",Orc,0,2,898.36,449.17999267578125
"72-5304273",Elf,0,5,9215.75,1843.1499923706056
"16-2356781",Hobbit,0,34,61942.375,1821.8343877231373
"18-8322423",Hobbit,0,27,5683.67,210.50629538076896
"59-4689976",Hobbit,0,4525,229688.14,50.76006628902248
"29-3944305",Hobbit,0,70,25595.588,365.6512831381389
"85-8687274",Angel,1,253,344909.6,1363.2789317458985
"05-9109461",Human,0,3,187.15,62.38333384195963
"77-5586325",Hobbit,0,117,128523.37,1098.4905921495879
"73-8369942",Elf,1,17,3329.02,195.82469985064338
"58-0020287",Human,0,2,262.03,131.0149965286255
"62-3781450",Human,0,7,20250.69,2892.955636160714
"39-8154162",Northman,0,2,187.07999,93.53999710083008
"31-9925227",Human,0,5,1336.3099,267.26199612617495
"75-6645282",Orc,0,1,74.86,74.86000061035156
"87-4252188",Human,0,118,98975.84,838.7783088199163
"12-9126376",Human,0,23,13379.66,581.7243380442909
"02-1851628",Human,0,4,9432.86,2358.215019226074
"58-1727244",Elf,1,39,6045.2,155.00512939844376
"45-4281449",Orc,0,17,5382.7197,316.6305896534639
"92-6807858",Hobbit,0,32,4977.9497,155.56093705073
"67-6726667",Hobbit,1,5371,281109.28,52.338059937443745
"96-4594595",Hobbit,1,53,15318.257,289.02377483080016
"11-1348636",Demon,1,1732,117226.92,67.68290983082825
"87-0787713",Orc,0,29,6901.0195,237.9662046350282
"05-7043682",Northman,1,42,23260.943,553.8319033852646
"89-0127396",Human,0,15,9485.26,632.3506500244141
"66-4559157",Orc,0,89,94838.26,1065.5984226934027
"48-1299575",Angel,0,39,37450.69,960.2741085932805
"33-7649695",Northman,0,172,424180.53,2466.1660004715586
"00-9148951",Northman,0,2,393.04,196.52000331878662
"43-7932996",Hobbit,0,2,749.39,374.69500732421875
"42-5826811",Northman,1,44,13325.845,302.8599973158403
"92-4663582",Orc,0,2,421.19,210.59499979019165
"07-4911904",Orc,1,104,61638.37,592.6766395224975
"35-3128736",Human,0,6,845.94995,140.9916648864746
"17-1602005",Human,0,112,45211.74,403.67615671668733
"64-3942682",Orc,0,23,5793.7603,251.9026108034279
"15-7816148",Angel,0,26,11794.779,453.64538049697876
"14-4252344",Demon,0,19,6124.32,322.3326295551501
"12-7302717",Human,0,20,768.18994,38.40950037240982
"92-3740985",Angel,1,78,57234.92,733.7810306335107
"01-0600294",Angel,1,1,0.75,0.75
"17-7234633",Elf,1,23,18453.959,802.3460896533469
"19-1676709",Human,0,30,13626.0,454.1999982198079
"79-7027538",Orc,1,68,67706.85,995.6889539886923
"58-2731459",Hobbit,0,18,26262.889,1459.049430542522
"21-9272112",Human,0,11,2657.6504,241.60454212535512
"49-2169754",Northman,0,9,2518.28,279.8088879055447
"88-0445086",Human,0,9,6529.9307,725.5477763281929
"48-9823862",Human,0,1,7.49,7.489999771118164
"14-8308614",Northman,0,7,3443.74,491.96285574776783
"27-1473362",Northman,0,8,2230.9402,278.8675003051758
"58-9367673",Human,0,11,3712.28,337.47999520735306
"52-5073848",Northman,0,15,2178.57,145.23799641927084
"25-9006900",Angel,0,22,52093.734,2367.896823536266
"72-0588810",Northman,0,27,7812.7695,289.3618548711141
"95-9663353",Human,0,17,7896.609,464.5064635557287
"35-2965958",Orc,0,25,11602.421,464.09679626464845
"40-3272857",Human,0,5,946.33,189.2659984588623
"79-3209425",Orc,0,30,15720.531,524.0176707267761
"57-9420634",Elf,0,8,890.87006,111.35875034332275
"05-3974379",Orc,0,17,8377.23,492.77823594037227
"08-1286590",Northman,0,10,6595.51,659.550984954834
"59-4127542",Human,0,82,16013.262,195.28366089448696
"78-0240513",Human,0,33,2748.98,83.30242445974639
"98-0063038",Human,0,45,126843.055,2818.7344468010797
"05-0199826",Northman,0,23,1857.3798,80.75565118375032
"28-4997739",Human,1,45,26771.883,594.9306622452206
"47-6579754",Angel,0,3,411.75,137.25
"51-9797858",Orc,0,18,10075.94,559.7744458516439
"85-4755658",Human,1,3,4566.7,1522.2333170572917
"98-6071248",Human,0,9,2865.4202,318.37999725341797
"47-5905276",Orc,0,77,31071.734,403.5289593486043
"66-0492918",Orc,1,13,20553.879,1581.0676915095403
"18-7967469",Human,0,17,7391.4,434.7882340375115
"13-5608210",Orc,0,101,37862.34,374.8745558191054
"41-8104018",Orc,1,52,31098.328,598.0448061136099
"70-7129971",Hobbit,0,14,20084.852,1434.632164154734
"88-1337805",Demon,0,21,5834.14,277.8161868140811
"96-6521441",Elf,0,2,2620.24,1310.1199951171875
"63-7663365",Orc,0,89,55163.543,619.8150546480431
"27-0185675",Hobbit,0,4,374.32,93.57999992370605
"12-4038490",Human,0,20,7833.0815,391.65399030297993
"71-2809520",Hobbit,0,4,492.53,123.13249778747559
"74-8251475",Hobbit,0,13,4154.94,319.61076589731067
"25-6345695",Elf,0,133,101878.41,766.0033068065356
"41-4726529",Human,0,7,2133.62,304.802859715053
"03-7223288",Northman,0,14,3200.48,228.60571452549524
"61-0016448",Orc,0,57,22197.492,389.42964946387104
"57-8892048",Human,1,33,3290.2302,99.70393903327711
"49-7372811",Northman,0,22,16513.46,750.6118066527627
"96-8677957",Human,0,36,26696.428,741.567486445109
"99-6668352",Elf,0,29,29760.76,1026.2331019434437
"74-8477474",Demon,1,2,3818.05,1909.0249710083008
"15-4420680",Elf,0,11,2141.1,194.6454577879472
"27-0654095",Elf,1,28,10544.56,376.59142018216
"98-4372614",Northman,0,2,8983.66,4491.830078125
"68-3884505",Demon,1,15,8271.59,551.4393417358399
"46-7245091",Northman,1,10,1916.5101,191.65099868774413
"20-1857466",Angel,0,3,299.45,99.81666564941406
"47-5795918",Hobbit,0,57,31162.936,546.7182457572535
"25-1374184",Human,0,34,8226.79,241.9644122684703
"90-9593357",Elf,1,168,161801.69,963.1056529283524
"43-5035582",Human,0,68,14323.779,210.64382374987883
"91-5225416",Orc,0,38,33252.203,875.0578964885913
"13-5826193",Hobbit,0,2,334.92,167.4600067138672
"03-9688688",Human,1,1,74.86,74.86000061035156
"23-4179347",Hobbit,0,27,9069.79,335.91814853526927
"78-4407621",Human,1,1,195.13,195.1300048828125
"00-3341718",Northman,0,21,7426.48,353.64190746489027
"91-5660563",Human,0,48,11852.459,246.9262482871612
"52-1408820",Elf,0,8,1972.6599,246.5825016796589
"14-3285020",Human,0,10,2931.37,293.1369987487793
"83-0713814",Angel,0,228,11644.676,51.07306966865272
"56-1082264",Demon,0,13,8221.56,632.4276921198918
"44-1463409",Hobbit,0,126,55299.785,438.88706173523076
"02-4064527",Elf,0,8,5509.9697,688.7462205886841
"46-2654628",Human,0,27,10132.83,375.2899958027734
"48-1015903",Orc,0,55,169340.48,3078.9170870434154
"90-1216475",Human,0,2,486.61,243.30499649047852
"77-1341164",Orc,0,2,658.80005,329.40000915527344
"11-7516158",Hobbit,0,8,17334.72,2166.839983820915
"18-4736713",Human,0,86,120815.945,1404.836391094119
"08-2012105",Human,1,4,340.63,85.15749931335449
"22-6575914",Hobbit,0,63,29986.068,475.969359261649
"32-1341136",Orc,1,28,5611.6904,200.41749804360526
"15-1355404",Hobbit,0,74,47852.953,646.661489016301
"86-2170578",Northman,1,56,79069.53,1411.9557154859815
"21-5955727",Human,0,15,6457.3696,430.4913225889206
"45-2192488",Human,0,22,7766.369,353.01681865345347
"09-6406409",Orc,1,84,122954.89,1463.7486941927955
"50-6976319",Demon,0,61,48158.63,789.485420922764
"93-6790473",Human,0,84,33303.98,396.4759489226909
"74-8021643",Human,0,6,615.37,102.56166521708171
"37-5386188",Orc,0,150,87495.625,583.3041332387925
"57-0796158",Northman,0,10,10398.6,1039.8599860191346
"38-9625446",Northman,1,9,10550.63,1172.292234023412
"97-0127192",Human,0,83,24732.164,297.97783029223064
"92-9529860",Demon,0,76,67140.195,883.4234198520058
"14-0043920",Hobbit,0,1,524.05,524.0499877929688
"01-5188629",Angel,1,31,7225.828,233.09129007401006
"46-8917883",Human,0,45,7610.3105,169.117999903361
"19-3886308",Human,0,33,10855.271,328.94757542465675
"33-8751408",Angel,0,1,1497.28,1497.280029296875
"02-7865520",Elf,0,108,212933.53,1971.6075893596367
"98-3123377",Northman,1,2,4379.54,2189.77001953125
"92-1085963",Human,0,12,3481.1604,290.0966682434082
"64-8520211",Human,0,49,34648.605,707.114277742347
"62-5250441",Human,0,50,5887.9995,117.75999853134155
"07-5872233",Demon,0,91,86899.15,954.9357193957318
"97-1191370",Elf,0,76,29601.455,389.4927654768291
"58-1645819",Human,0,2,3930.35,1965.175048828125
"18-3831798",Elf,0,30,25176.121,839.2040090640386
"04-1923412",Hobbit,0,33,13726.013,415.9396951270826
"67-9060977",Hobbit,0,9,1793.7299,199.30333137512207
"06-4174896",Hobbit,0,29,13288.341,458.21862398344894
"59-1768936",Human,0,16,5083.2603,317.703751206398
"80-0347350",Human,0,11,5652.9697,513.9063640941273
"66-7252366",Human,0,3,677.51996,225.83999570210776
"53-4225044",Hobbit,0,163,13358.045,81.95110408660094
"72-0144041",Human,0,67,175150.25,2614.1826975327817
"72-1956996",Angel,0,116,160532.8,1383.9041392257245
"90-6706402",Human,0,17,19278.299,1134.0176539701574
"11-0719658",Human,0,79,65467.68,828.7046850180324
"13-5599836",Elf,1,96,51122.42,532.5250015787315
"23-8760649",Elf,0,15,3774.57,251.63799947102865
"75-8799921",Elf,0,58,31318.639,539.9763759086871
"94-9727453",Northman,0,20,5756.71,287.83549938201907
"03-2618961",Human,1,299,1455475.0,4867.807963431878
"68-9704275",Orc,1,45,18620.508,413.78910546567704
"66-6068200",Elf,0,11,4809.6997,437.24545444141734
"68-1177164",Elf,0,235,1291099.0,5494.036617372851
"80-7597568",Hobbit,0,5,2552.8599,510.57200660705564
"20-9741059",Hobbit,0,19,4042.67,212.77210275750411
"16-7639042",Orc,0,154,99948.66,649.0169455219883
"59-8432289",Human,0,46,11857.189,257.76499984575355
"09-0562266",Human,0,64,16610.77,259.54328249394894
"42-7751402",Northman,0,146,432293.62,2960.9150688484924
"90-4611808",Hobbit,1,2,2994.56,1497.2799987792969
"96-2037714",Human,0,173,448389.1,2591.8445609594355
"89-2475828",Northman,0,3,90.65,30.216665903727215
"96-5661337",Human,0,8,13550.371,1693.7962646484375
"37-9079724",Elf,1,121,62854.62,519.4595924034592
"80-9106150",Orc,0,43,18482.32,429.8213966447254
"36-8349173",Elf,0,4,2994.56,748.6400146484375
"99-4598372",Orc,0,19,5183.56,272.8189441279361
"21-0849254",Orc,0,150,34232.773,228.2185329135259
"50-6139543",Human,0,62,25584.715,412.65661282693185
"94-8843538",Human,0,153,82625.72,540.0375185573803
"96-0782390",Human,0,81,24270.914,299.6408634833348
"90-4794913",Hobbit,0,1,7.79,7.789999961853027
"85-5521400",Human,1,164,50293.973,306.6706076758664
"53-4545769",Orc,0,94,18729.143,199.2461710575215
"61-0106425",Orc,0,221,148025.06,669.7968321795917
"55-0358020",Angel,0,26,5485.2607,210.97153641627386
"12-2227503",Hobbit,0,215,90212.15,419.5912580756254
"23-8488778",Northman,0,15,925.34985,61.690000172952814
"83-0864376",Human,0,2,74.869995,37.43499946594238
"17-9137297",Demon,0,18,14703.26,816.847777472602
"58-1504956",Human,0,20,24145.809,1207.2904827594757
"68-2903310",Human,1,53,126835.83,2393.128874724766
"63-0263092",Hobbit,0,29,24128.654,832.0224191073713
"96-9316812",Demon,0,98,144000.8,1469.3960274044348
"41-4630354",Human,0,23,30769.086,1337.7865156090777
"48-4648904",Human,0,52,11442.882,220.05538414991818
"22-2004322",Northman,0,40,6471.3496,161.78374938964845
"08-6179904",Elf,0,1,74.86,74.86000061035156
"93-0911691",Orc,0,1,2620.24,2620.239990234375
"78-5587432",Orc,0,241,145956.17,605.6276344886954
"50-4419606",Hobbit,0,1,748.64,748.6400146484375
"44-4034083",Hobbit,0,32,7109.0293,222.15718461782672
"95-6919363",Human,1,2,19389.74,9694.870483398438
"64-9564613",Human,0,69,12766.654,185.0239118700442
"12-4956369",Hobbit,0,26,31541.283,1213.1261602548452
"62-9475100",Northman,0,28,6215.0996,221.96785627092635
"18-0062767",Hobbit,0,106,87864.86,828.9136831265575
"83-6644890",Human,0,4,67.39,16.84749937057495
"86-3145441",Elf,0,1,374.32,374.32000732421875
"87-3360513",Orc,1,21,14096.722,671.2723857334682
"64-1343637",Elf,1,37,76960.04,2080.001092034417
"14-0534107",Northman,1,1,299.46,299.4599914550781
"68-8062702",Orc,0,18,11865.931,659.2183363172743
"74-3739341",Demon,0,1,973.23,973.22998046875
"96-1607310",Demon,0,38,7643.089,201.13394538979782
"01-5377792",Human,0,108,239652.62,2219.005084761867
"57-9746632",Angel,1,9,32526.293,3614.032223171658
"86-0898213",Human,0,23,10271.339,446.5800038213315
"67-3434408",Orc,0,2,232.08,116.0399980545044
"16-8608154",Hobbit,0,12,4005.2097,333.7674929300944
"79-7974300",Human,0,1,1497.28,1497.280029296875
"95-7734318",Northman,0,8,1781.76,222.72000360488892
"90-2179775",Northman,0,116,485862.78,4188.472233426982
"01-0038079",Human,0,42,18483.88,440.09237886610487
"57-3194853",Elf,0,3,546.51,182.1700013478597
"59-0288868",Angel,1,11,3793.5798,344.8709090839733
"13-4425898",Orc,0,19,7827.0303,411.9489516208046
"75-1754703",Angel,0,8,3997.8098,499.7262552976608
"30-2853314",Hobbit,0,68,116544.16,1713.8845577345176
"66-1337594",Human,0,4,262.02,65.50499963760376
"14-8791976",Hobbit,0,32,2628.7803,82.14937565103173
"71-8232108",Northman,1,9,1407.43,156.38111368815103
"95-5295991",Human,0,4004,198363.53,49.54122877388552
"02-4807091",Elf,1,83,161592.36,1946.8959161718208
"30-4036725",Human,0,2,2635.21,1317.604995250702
"20-2568380",Human,0,37,17334.719,468.50594804093646
"41-8974718",Northman,0,301,28402.166,94.35936864529832
"10-7933959",Hobbit,0,15,15131.861,1008.7906679789226
"14-4726502",Human,1,23,4147.47,180.32478145931077
"88-8875558",Angel,0,25,46232.63,1849.305203561783
"46-5050771",Northman,0,54,14093.111,260.9835176821108
"98-6926156",Human,0,6,5203.05,867.1750183105469
"06-9287148",Human,0,30,4656.5205,155.21733488241833
"15-8471675",Northman,0,31,15922.428,513.6267737265556
"45-9616013",Demon,0,62,11814.251,190.5524173859627
"60-6606226",Elf,0,47,20134.83,428.40063346700464
"71-1289722",Orc,0,27,4247.6807,157.32147888784056
"90-5164569",Human,0,3,1048.1,349.3666585286458
"66-7668795",Human,0,18,9904.489,550.249441994561
"45-2113202",Orc,0,21,5801.97,276.28428441002256
"01-6119292",Northman,0,12,2373.25,197.77083097460368
"69-5040151",Human,0,134,115250.19,860.0760363866367
"29-0136521",Orc,0,34,21067.07,619.619705845328
"32-9746988",Elf,0,2,157.22,78.60999774932861
"62-4847652",Elf,0,19,4821.25,253.74999718917044
"05-1567280",Elf,0,30,8035.161,267.8386702219645
"43-8503682",Orc,1,1,74.79,74.79000091552734
"83-6044737",Human,1,15,7463.9204,497.59466349283855
"12-4124106",Orc,0,69,3775.4194,54.716231553450875
"61-1052179",Angel,0,16,9087.509,567.9693645238876
"03-0900961",Hobbit,0,3,11229.58,3743.1932779947915
"30-8941116",Human,0,4,1726.95,431.73749351501465
"03-3475507",Northman,0,4,2844.82,711.2049942016602
"46-5543382",Human,0,41,18451.668,450.0407243821679
"38-9299603",Elf,0,18,37035.156,2057.508901807997
"63-8835173",Human,1,40,10432.34,260.8084988670424
"10-4589871",Demon,1,2,449.18,224.59000396728516
"51-7853818",Orc,0,125,280685.97,2245.487829940796
"37-8455370",Human,0,118,14667.423,124.30016954874588
"14-0278724",Human,0,50,17559.73,351.19459869384764
"10-7399721",Northman,0,29,5556.9497,191.61896690829047
"36-7482749",Elf,0,79,32399.492,410.12012951283515
"40-8175103",Human,0,86,56619.582,658.3670906022537
"21-8158060",Human,0,6,1090.02,181.6700005531311
"95-9645755",Human,1,55,26278.367,477.7885478106412
"15-5163283",Orc,0,14,11651.83,832.2735764639718
"59-7127897",Human,0,31,8848.91,285.4487068422379
"29-5359167",Orc,0,230,270651.44,1176.7459506490957
"81-0579544",Human,0,236,195863.78,829.931819748307
"86-7398289",Angel,1,37,3144.9897,84.99973073521176
"25-4228301",Orc,0,13,9073.5,697.961533839886
"88-7689961",Demon,1,18,13683.52,760.195558336046
"81-9849620",Human,0,50,25354.771,507.09539812088013
"64-7419462",Human,0,28,2177.7803,77.77785799333027
"20-2692022",Human,0,69,16938.203,245.48116133005723
"31-7067754",Human,1,6,325.68,54.27999941507975
"88-8182861",Elf,0,52,56898.54,1094.2026829169347
"50-6192161",Human,0,19,7003.5,368.60525994551807
"03-4405503",Hobbit,0,40,4429.68,110.74199873209
"21-5996545",Northman,0,114,43014.902,377.32368802606015
"05-0710062",Demon,0,170,82914.79,487.7338235827053
"59-9275046",Human,0,120,2343.1082,19.525916679700217
"76-8752269",Human,0,13,77760.984,5981.613805917593
"51-3798322",Elf,0,17,14066.93,827.4664803112255
"05-3646913",Hobbit,0,3,22.45,7.483333428700765
"53-8594960",Hobbit,0,137,1102191.8,8045.197048102417
"04-6350506",Elf,1,4,168.51,42.1274995803833
"78-1632786",Human,0,18,4045.03,224.72389104631213
"99-9109769",Demon,0,20,27320.396,1366.0199977874756
"87-2339649",Orc,0,100,202037.52,2020.375418379307
"67-9992364",Hobbit,0,20,7317.9395,365.89699907302855
"67-1776485",Orc,0,7,7261.8003,1037.3999982561384
"87-0122558",Orc,0,76,117990.055,1552.5006678982784
"80-4206554",Human,0,88,18797.574,213.60875098813665
"65-4335241",Elf,0,142,27354.156,192.63485675462536
"11-9984274",Angel,0,36,10692.79,297.0219421386719
"76-5511781",Human,0,224,75328.71,336.2888830123203
"39-3382300",Human,1,44,20134.01,457.5911337245594
"14-8270473",Elf,0,7,38745.79,5535.112721034458
"53-6884313",Hobbit,0,14,4446.91,317.63642828805104
"88-8090995",Orc,0,10,7474.64,747.464005279541
"51-9640852",Demon,0,2,748.64,374.32000732421875
"73-2005071",Orc,1,75,41794.543,557.2605306625367
"19-0136140",Human,0,5,1946.46,389.2919891357422
"00-9358294",Human,0,187,107066.94,572.5502670818472
"72-1140727",Human,0,22,2774.6296,126.11954362554984
"41-4341464",Demon,0,71,33889.793,477.32098125404036
"07-4432399",Human,0,9,1021.1399,113.46000101831224
"56-4205212",Orc,0,121,78890.49,651.9872748004503
"43-6048422",Elf,0,44,16082.861,365.51954660632396
"79-9547905",Human,1,26,5135.71,197.52730949108417
"76-6011589",Orc,0,71,52074.25,733.4399996744075
"16-7455727",Demon,0,45,30301.168,673.3593276129828
"12-7430456",Orc,1,15,3363.4702,224.23133362134297
"64-8130063",Orc,0,11,8796.492,799.6809317848899
"72-2833421",Northman,0,6,1085.52,180.91999944051108
"28-2859470",Human,0,47,42655.953,907.5734030946772
"24-0454023",Orc,1,4,879.6599,219.91499572992325
"87-6737326",Human,1,42,10366.492,246.82118884314383
"63-4117763",Elf,0,2,300.21,150.10499572753906
"17-7501102",Human,0,22,12159.241,552.6927306435325
"99-8832663",Demon,0,3,144.04,48.013333002726235
"15-3586563",Human,0,25,14246.608,569.8643933868408
"70-3424756",Orc,0,119,79210.53,665.6347078535737
"26-5048277",Human,0,2,374.32,187.16000366210938
"52-7589572",Angel,0,23,2159.81,93.90478175619374
"52-3291472",Human,0,32,23282.65,727.5828104019165
"40-8936465",Human,1,1,7.49,7.489999771118164
"72-6292921",Human,1,164,80381.85,490.13316823578464
"57-7946101",Orc,1,4,1497.28,374.3199983239174
"57-0024011",Hobbit,0,1,74.86,74.86000061035156
"29-7168137",Human,0,85,9648.573,113.51258901988759
"05-4835600",Northman,1,12,4230.19,352.5158348083496
"69-3580008",Hobbit,0,15,3073.1802,204.87866217295328
"68-2477948",Elf,1,10,3256.57,325.65699462890626
"17-0753115",Hobbit,0,12,2111.22,175.934996948267
"81-8354239",Orc,0,3,3838.49,1279.4966475168865
"92-9620947",Angel,0,10,1983.8998,198.38999319076538
"95-8268104",Orc,0,21,5270.4497,250.97380719866072
"93-6790085",Elf,0,23,8107.7593,352.51131041153616
"96-4482014",Elf,0,23,3610.2803,156.96869577013928
"39-1860982",Hobbit,0,12,3255.15,271.26249583562213
"80-5228681",Human,0,324,88893.016,274.36098636889164
"10-6440697",Orc,0,14,3159.2297,225.65928314413344
"77-6789619",Orc,0,16,19973.672,1248.354379594326
"25-8110004",Northman,0,35,19442.771,555.5077118737357
"81-6099081",Orc,0,9,50907.43,5656.381123860677
"42-2145973",Orc,0,71,83266.414,1172.7667701345094
"11-3991094",Human,0,21,13745.029,654.5252351306733
"64-5004601",Human,1,30,5430.7607,181.02533196210862
"35-1390413",Northman,0,16,6514.651,407.1656233072281
"12-6958897",Human,0,17,22205.379,1306.1988137469573
"47-1720255",Hobbit,0,20,1850.26,92.51300144195557
"25-5735945",Hobbit,0,9,4517.34,501.9266654120551
"75-2482763",Hobbit,0,112,12359.7705,110.35499958481107
"83-1513336",Orc,0,120,111176.46,926.4705867886544
"04-0071334",Elf,0,2,94.4,47.200000286102295
"52-1283154",Elf,0,19,10341.7,544.2999970285516
"42-3838025",Human,0,78,56926.17,729.8226923086704
"81-8002247",Elf,0,21,6477.1895,308.43761239733016
"51-0073359",Elf,0,42,5137.13,122.31261962368374
"51-3450987",Hobbit,0,18,48727.4,2707.0772439108955
"86-3329072",Human,0,34,20111.852,591.5249945766785
"12-2769659",Angel,0,51,32015.348,627.7519590901394
"27-4621539",Human,1,106,46468.78,438.3847166367297
"94-1334029",Elf,0,98,18852.832,192.3758151230155
"08-8906677",Orc,0,8,526.57,65.82125064730644
"33-2341669",Orc,1,345,205587.69,595.9065185726553
"72-8650479",Orc,0,45,2230.5896,49.568666723039414
"52-5356142",Human,0,90,24208.482,268.9832262992859
"34-3756543",Northman,0,46,73236.81,1592.1047645237136
"38-1654872",Human,0,37,100620.77,2719.48030840384
"93-3087087",Hobbit,0,49,31117.29,635.0467285234101
"45-9107610",Orc,0,135,24453.68,181.13829607433743
"49-0327777",Elf,0,34,105185.22,3093.6829257923014
"95-5401328",Northman,0,188,187995.61,999.9769638548506
"81-6177987",Hobbit,0,12,9455.3,787.9416689872742
"51-8295785",Hobbit,0,59,10335.632,175.18016793364185
"42-0588365",Human,1,131,22159.785,169.1586261837537
"58-4544835",Hobbit,1,6,1185.5,197.58333587646484
"14-8261205",Orc,0,32,14287.761,446.49249255657196
"27-6077536",Northman,0,31,50570.523,1631.3071006036573
"16-8446263",Human,0,42,54891.754,1306.9464479628064
"35-5893818",Orc,0,40,10688.103,267.2025010585785
"28-9334827",Human,0,7,791.30994,113.04428563799176
"69-6126737",Angel,0,51,63634.305,1247.7311712526807
"13-3959766",Angel,0,5,2433.08,486.6159973144531
"58-3241853",Northman,0,189,23969.855,126.82454947110206
"86-7640284",Human,0,36,5847.6294,162.43416647778616
"97-4570241",Northman,0,189,50681.523,268.1561381139216
"01-2451586",Hobbit,0,12,1534.3499,127.86250001192093
"53-2424933",Human,0,10,61893.25,6189.3250160217285
"06-1267765",Orc,0,464,449373.62,968.4775626166113
"48-2012931",Demon,1,496,35566.184,71.70590673723528
"52-8785439",Angel,0,30,16657.201,555.2399988810222
"37-6969225",Orc,0,56,54241.547,968.5989202644143
"21-7150852",Human,0,24,7100.87,295.8695772488912
"44-8367589",Human,0,21,15796.29,752.2042919340588
"18-3246399",Hobbit,0,8,5128.1797,641.0225028991699
"82-1954041",Human,0,18,4985.95,276.9972224765354
"75-1459198",Elf,0,5,4416.9697,883.3940032958984
"42-8575461",Human,1,1,748.64,748.6400146484375
"30-4567521",Hobbit,0,577,406661.72,704.7857497994573
"30-5695571",Orc,0,11,19992.42,1817.492714101618
"92-1103466",Angel,0,18,6894.9497,383.05277729034424
"36-5449784",Northman,1,50,9418.553,188.37099939167499
"20-3343478",Human,0,23,13879.771,603.4682674407959
"48-8040242",Orc,0,5,1156.2899,231.25799560546875
"43-4771017",Human,0,7,1684.44,240.63428388323103
"15-5447904",Orc,1,5,2032.47,406.49399719238284
"48-8372206",Northman,1,6,217.09999,36.18333339691162
"69-2479057",Hobbit,0,50,12723.78,254.47560020446778
"09-6823211",Human,0,93,44469.156,478.162796297381
"62-7582425",Human,0,112,162056.72,1446.9349981887
"77-3439714",Hobbit,0,20,10806.601,540.3299896240235
"38-5775231",Hobbit,1,99,29482.867,297.8066654229405
"37-1788249",Angel,0,4,1230.83,307.70749068260193
"78-6418650",Hobbit,0,16,4089.06,255.56624686717987
"62-2038591",Elf,0,182,522214.28,2869.309940788772
"48-9894812",Hobbit,0,106,17666.543,166.66547067772666
"79-7709342",Northman,0,168,82537.17,491.292675354518
"52-0430043",Orc,0,5,1561.73,312.34599723815916
"95-5718940",Human,0,6,631.39,105.2316648165385
"96-7214373",Hobbit,0,20,7144.2397,357.21199799776076
"85-1903362",Angel,0,29,7950.5493,274.1569011704675
"56-5047486",Demon,0,5,5614.7896,1122.9579956054688
"50-3441629",Human,0,20,8201.33,410.0665047287941
"02-9825039",Hobbit,0,27,6951.111,257.44851671324835
"65-2289659",Orc,0,89,21626.404,242.993257061819
"76-4003590",Human,1,123,22975.525,186.79284599544556
"93-3674946",Hobbit,0,71,35081.176,494.1009795565001
"18-5486404",Angel,0,2,9732.3,4866.14990234375
"36-6856675",Orc,0,15,3734.9402,248.99600168863932
"96-6547744",Elf,1,98,166323.72,1697.1810224396843
"25-5209499",Elf,1,3,2207.73,735.9099985758463
"49-1985817",Northman,0,56,20322.139,362.8953549691609
"83-6506101",Elf,0,4,2268.3801,567.0950126647949
"30-2837442",Elf,1,95,12001.7,126.33368522995397
"39-3576443",Human,0,34,30533.256,898.036770603236
"00-3217869",Orc,0,75,12618.819,168.25093229929607
"22-9767750",Orc,0,115,20408.498,177.46521620750428
"34-9178875",Human,0,141,129370.32,917.520345568287
"37-4697466",Elf,0,18,20961.893,1164.54945119222
"44-8198146",Orc,0,5,7186.93,1437.385986328125
"72-7218133",Hobbit,0,64,36503.637,570.3692256212234
"15-7261889",Orc,0,18,2096.3901,116.4661127726237
"85-3140202",Hobbit,0,27,19651.934,727.8492598357024
"99-3509390",Human,0,2,3368.88,1684.43994140625
"52-5168301",Hobbit,0,10,10670.721,1067.0720077514648
"35-6430958",Human,0,12,15407.0,1283.916685740153
"87-0466779",Human,1,580,555234.4,957.300620190902
"46-4671204",Angel,0,13,5809.43,446.8792307927058
"47-4915467",Human,0,20,19659.262,982.9629985332489
"45-7026185",Orc,0,173,101880.555,588.9049107601188
"19-8364474",Demon,1,4,1572.1399,393.0350036621094
"64-2459098",Northman,0,81,31913.195,393.990001183969
"08-6274397",Orc,0,85,42144.74,495.82035095551436
"93-9045491",Northman,0,39,10672.592,273.65615054888605
"51-6661372",Human,0,44,32711.803,743.4500078938224
"63-4818208",Orc,0,3,524.05,174.68333689371744
"67-4461543",Hobbit,1,1,298.71,298.7099914550781
"77-8027958",Hobbit,0,30,22530.63,751.0209979693095
"02-2430950",Orc,0,6,2624.7898,437.46498820309836
"65-7626920",Human,0,14,8044.1104,574.5792748587472
"83-2329675",Hobbit,0,60,14725.722,245.4286643822988
"71-5741538",Northman,0,110,28417.646,258.34217972321943
"59-7827398",Orc,0,139,125988.46,906.3917903488489
"38-0163378",Northman,0,50,20106.635,402.1326023340225
"31-6545194",Human,1,18,12488.261,693.7922161950005
"21-1612620",Angel,0,43,19253.514,447.7560510413591
"29-3652604",Orc,1,77,57798.6,750.6310294015067
"02-8655722",Demon,1,15,8116.9604,541.1306538899739
"17-1413463",Angel,0,24,4810.04,200.4183316230774
"09-5110423",Human,0,63,15559.04,246.96888762535085
"64-9324608",Human,0,113,29477.588,260.86353964721206
"61-4239909",Angel,0,123,39585.766,321.8354481662192
"83-3329231",Northman,0,64,16990.018,265.46906057186425
"71-7919332",Human,0,27,4583.1597,169.74666485963044
"64-6839528",Orc,0,23,9773.469,424.93347980665123
"95-6466857",Human,0,21,12232.0,582.4761907600221
"54-1062074",Hobbit,0,107,16850.062,157.47719628342958
"08-4754096",Orc,0,9,24891.79,2765.7543936835395
"38-9100852",Hobbit,0,45,29133.8,647.4177868154313
"98-4905834",Demon,0,13084,529560.5,40.474085773135506
"55-4297783",Hobbit,0,1,52.4,52.400001525878906
"66-0812080",Hobbit,0,87,23784.219,273.38172440145206
"11-8941836",Elf,0,23,4260.52,185.23999852719516
"15-6051437",Human,0,11,4671.5103,424.68272677334875
"52-2994245",Northman,0,3,41.93,13.976666132609049
"95-8939750",Elf,0,9,827.2399,91.9155536227756
"13-2454178",Angel,0,1,823.5,823.5
"30-8317163",Human,0,1,374.32,374.32000732421875
"99-7747041",Hobbit,0,9,5315.3296,590.5921969943577
"67-4226980",Hobbit,1,2,1122.96,561.4800109863281
"90-9501569",Hobbit,0,34,4166.98,122.55823469161987
"90-4502799",Human,0,37,41976.477,1134.4991801493877
"67-3022718",Human,0,5,1661.99,332.3979949951172
"13-9512287",Human,0,64,28574.486,446.47624788060784
"26-1442502",Demon,0,116,23736.684,204.6264655117331
"04-8612760",Human,0,56,7392.801,132.01428560393728
"20-3653705",Northman,0,127,75073.984,591.1337020629503
"05-3789997",Elf,1,4,1422.4099,355.6024971008301
"91-0922758",Human,1,19,12220.352,643.1763042399758
"95-4878619",Demon,0,66,20327.137,307.9869694190495
"78-7471102",Elf,0,5,2957.12,591.4239898681641
"81-3098575",Orc,0,45,18251.77,405.5948862711588
"92-8430907",Northman,0,72,28952.473,402.1176333063179
"58-3939331",Demon,1,45,87370.51,1941.5666749742295
"56-1472745",Human,1,215,367158.38,1707.7147410902867
"30-4417560",Orc,1,44,16479.742,374.5395432846113
"28-4240034",Hobbit,0,17,7220.6104,424.7417647417854
"96-1166809",Angel,0,91,17967.29,197.44274631699363
"12-0839360",Demon,1,152,103053.83,677.9856564528063
"88-6254723",Human,0,218,353022.22,1619.368889086837
"80-7860893",Northman,0,47,40587.445,863.5625554754379
"78-4059506",Northman,0,70,48428.07,691.8294298716954
"81-0374438",Demon,0,49,20744.738,423.36204201834545
"49-8062024",Orc,1,45,8970.99,199.35533218913608
"93-8253862",Human,0,65,41825.973,643.476458637531
"35-3977770",Human,0,58,15721.388,271.0584481666828
"17-5359075",Elf,0,2,453.43,226.71499633789062
"18-8842696",Hobbit,0,90,64275.74,714.174657898479
"88-0583659",Human,0,46,24330.682,528.9278250984523
"73-5248418",Elf,0,42,4385.9004,104.4261899157649
"38-0353556",Northman,0,245,227373.12,928.0538790099475
"69-4364338",Human,0,389,1292497.6,3322.6176427507767
"17-9073942",Human,1,2,598.98,299.48998657241464
"20-5467323",Human,0,14,1740.5698,124.32642773219517
"55-1232168",Northman,0,1,5240.47,5240.47021484375
"16-2428407",Northman,0,9,2533.85,281.5388901233673
"75-3881700",Human,0,38,18193.568,478.77815909134716
"95-8343522",Hobbit,1,54,15064.12,278.9651777567687
"06-1994981",Elf,0,17,16844.398,990.847063849954
"17-6781789",Elf,1,15,1085.4999,72.36666673024496
"10-2379862",Demon,1,35,14950.31,427.1517142295837
"35-4913661",Human,0,35,17914.92,511.8548544747489
"33-8016186",Demon,1,2,149.72,74.86000061035156
"13-4422636",Human,0,42,12034.409,286.53356786001297
"68-6035335",Human,1,1,86.09,86.08999633789062
"65-7911829",Demon,0,44,27455.584,623.9904490038753
"74-0995960",Human,0,37,13714.209,370.65432354244024
"32-5987304",Northman,0,132,65707.945,497.787346572587
"80-0657481",Orc,0,14,11244.569,803.1835675920759
"63-5047379",Human,0,14,3604.7,257.4785705975124
"27-4470480",Hobbit,0,89,79793.66,896.5579713114192
"08-1965529",Human,0,1,89.84,89.83999633789062
"25-3430028",Hobbit,0,20,2736.19,136.80950130224227
"90-3482464",Angel,0,184,379406.66,2061.992828297874
"82-6044462",Northman,1,170,37523.24,220.72488117498511
"51-9908111",Orc,0,58,8263.789,142.47913648342265
"09-0298579",Human,0,30,11729.32,390.97733246485393
"58-6198962",Angel,1,43,61240.5,1424.1976645491843
"73-8738005",Human,0,15,8807.73,587.1820034027099
"34-3719502",Hobbit,0,17,2987.0703,175.71000132841223
"32-6020373",Orc,0,6,2552.8699,425.47832107543945
"84-2539091",Orc,0,42,5235.2197,124.64809424536568
"21-8639024",Human,0,33,4952.2305,150.0675756859057
"02-8826003",Orc,1,68,200546.94,2949.2208679984597
"85-0778452",Orc,0,58,28498.363,491.3510317843536
"12-0821958",Elf,1,23,61603.844,2678.4278057761812
"54-3987428",Northman,0,1,224.59,224.58999633789062
"01-7205028",Hobbit,0,84,24285.61,289.1142871493385
"34-8986846",Angel,1,49,22609.895,461.42632235799516
"20-7654139",Hobbit,0,80,103319.0,1291.4873738565482
"81-6496636",Human,0,169,339551.53,2009.1820078629714
"28-6433236",Hobbit,0,124,12360.37,99.68040297685131
"41-7266813",Orc,0,20,4645.31,232.2654974102974
"56-3881641",Demon,0,76,57494.7,756.5092191450102
"07-1862203",Orc,0,107,67541.02,631.2244870373022
"78-2802966",Hobbit,0,29,16657.52,574.3972426447375
"14-8476285",Orc,0,6,6101.4097,1016.9016443888346
"66-6066149",Human,1,81,3660.969,45.19716084444964
"03-1401254",Hobbit,0,90,29836.697,331.51877579291664
"37-0165087",Orc,1,25,1915.7397,76.62960035324096
"01-0957306",Hobbit,0,96,104766.016,1091.3126061757405
"23-9951194",Human,1,54,69947.51,1295.3240744979294
"05-6029128",Elf,0,128,423043.88,3305.030488539487
"41-5023381",Hobbit,0,167,98142.34,587.6786226241175
"71-8478830",Northman,1,41,4447.639,108.47902309022298
"11-3825603",Human,1,26,3284.2903,126.31884271364946
"08-0951972",Northman,0,23,3891.4197,169.1921707443569
"13-3322224",Human,0,17,5720.3394,336.4905807831708
"74-1601895",Northman,0,60,23762.861,396.0476636191209
"08-5326075",Orc,0,16,2433.1099,152.06937217712402
"79-4418609",Hobbit,0,48,281731.97,5869.416787233359
"85-0502531",Angel,0,16,11175.529,698.4706236720085
"60-6158336",Northman,0,32,8362.33,261.3228146508336
"35-5118009",Hobbit,0,29,19337.69,666.8168939721995
"63-0373082",Northman,0,22,16561.09,752.7768142006614
"13-5457981",Human,1,41,41623.914,1015.2175698396636
"31-2702975",Elf,0,15,3446.3499,229.7566660563151
"35-3579920",Northman,0,1,374.32,374.32000732421875
"81-1789607",Elf,1,9,1560.91,173.434445699056
"47-9306357",Human,0,110,58344.125,530.4009971716188
"37-1800707",Elf,0,14,1548.9298,110.63785702841622
"76-2987099",Human,1,15,6725.0303,448.33533198038737
"41-1074146",Human,0,53,14123.83,266.48735686967956
"85-8438245",Northman,0,13,2189.76,168.44307767427884
"36-1263173",Northman,0,142,232616.42,1638.1444832756065
"36-6628896",Human,0,20,25832.52,1291.6259757995606
"48-9171298",Human,0,858,457586.03,533.3170261169091
"45-9300183",Human,1,23,35305.73,1535.0317323104196
"30-6187039",Human,0,14,18989.238,1356.374276297433
"60-8206259",Northman,0,61,25191.658,412.9780310724602
"18-9530364",Human,0,1,19.61,19.610000610351562
"62-2138620",Orc,0,23,3428.75,149.07608844922936
"91-3756675",Human,0,38,9695.239,255.13789744126169
"87-9956879",Human,0,24,7055.95,293.9979195992152
"35-9850535",Northman,0,38,15409.832,405.5218428059628
"63-6240674",Northman,0,7,4244.79,606.3985704694476
"54-5408424",Human,0,72,35698.824,495.8169451985094
"75-7181497",Demon,0,3,1871.6001,623.8666585286459
"34-6902972",Orc,0,8,6943.6196,867.9524852335453
"65-3842192",Human,0,1,0.07,0.07000000029802322
"21-7116398",Northman,0,1,22.46,22.459999084472656
"50-9761376",Hobbit,0,55,10039.899,182.54363783056087
"09-4748611",Human,0,19,19621.793,1032.7257871125873
"13-8421118",Human,1,38,11380.039,299.4747407875563
"70-4035804",Demon,0,73,83319.766,1141.3667187625415
"07-2133009",Human,0,70,11899.569,169.99385559899466
"74-5408966",Hobbit,0,66,148671.98,2252.6063641634855
"34-3329853",Demon,1,9,3743.19,415.91000027126734
"19-5901759",Orc,0,14,1836.4099,131.1721431187221
"88-5206125",Northman,1,26,22879.75,879.9903810941256
"97-5818140",Human,0,24,53059.73,2210.8220741053424
"63-0132832",Human,0,67,9916.433,148.00641779757257
"77-6680267",Orc,0,54,18368.672,340.1605565106427
"87-8023241",Orc,0,21,20662.463,983.9266669863746
"87-3316831",Demon,0,3,793.55994,264.51999918619794
"78-6402071",Northman,0,17,2719.73,159.9841178445255
"19-3520340",Orc,0,25,65281.293,2611.2515872192384
"32-7710173",Hobbit,0,73,174060.95,2384.3967183648724
"25-3240253",Hobbit,0,22,8408.09,382.1859101463448
"87-6695267",Orc,1,9,4626.86,514.0955456627739
"65-3720008",Angel,1,89,275773.4,3098.577645119656
"66-9081744",Hobbit,0,39,12320.5205,315.9107679220346
"70-9924490",Elf,0,73,24882.39,340.8546592927959
"75-5384447",Human,0,63,2650.2092,42.0668249300548
"30-2124629",Angel,0,15,5446.3296,363.0886680603027
"90-7052978",Human,0,48,18664.305,388.8395815143983
"14-0192702",Orc,0,21,7518.7393,358.035236676534
"00-6420231",Northman,0,16,5135.66,320.9787504673004
"03-6373520",Demon,0,27,18715.568,693.1692685286204
"51-6240722",Hobbit,1,1,101.07,101.06999969482422
"14-9789374",Human,0,1,3.74,3.740000009536743
"31-0096090",Human,0,7,239.55002,34.22142801965986
"96-3525092",Human,0,42,23844.172,567.7183286348978
"40-6082915",Hobbit,0,38,99175.5,2609.8811007047952
"22-6794812",Elf,0,52,15957.982,306.88423035695
"35-9102184",Hobbit,0,11,9163.35,833.0318251523105
"81-0205766",Demon,1,1,2245.92,2245.919921875
"63-4451725",Hobbit,0,7,2546.1301,363.7328567504883
"85-6609673",Orc,0,9,2290.83,254.5366677178277
"02-2631691",Northman,0,60,107179.73,1786.3289646228154
"50-0469330",Human,0,75,24476.73,326.35640056927997
"27-2933742",Orc,0,14,2353.7002,168.121429170881
"12-4750885",Orc,0,37,67688.58,1829.4208171689831
"00-1418617",Hobbit,0,16,16258.189,1016.1368625164032
"30-5007824",Human,0,12,4518.0303,376.5025003751119
"19-3575211",Demon,1,10,10596.971,1059.697013092041
"52-6594756",Human,0,11,3088.89,280.80818280306727
"14-3040918",Northman,0,22,15758.859,716.3118261857467
"06-8774886",Elf,1,65,94381.445,1452.022458061805
"31-7779992",Orc,0,80,10972.121,137.15150073468686
"63-9282870",Demon,0,2,1624.55,812.2750291824341
"88-1093521",Northman,0,24,10591.15,441.29791736602783
"19-4423356",Hobbit,0,2,5270.45,2635.225107192993
"25-3950972",Northman,0,32,9177.57,286.79906064271927
"85-6513204",Orc,0,17,19475.842,1145.637653799618
"45-6000634",Northman,0,3,134.76001,44.92000079154968
"10-4921057",Orc,0,5,2650.19,530.0380104064941
"23-2132571",Elf,0,52,15892.732,305.6294228663811
"70-9593375",Northman,1,73,37357.094,511.74096387555846
"53-0726508",Northman,0,46,144662.5,3144.8369372823963
"17-0925230",Hobbit,0,21,3533.58,168.26571291968935
"54-5673753",Human,0,42,26602.879,633.4016691446304
"89-4158816",Angel,0,31,6662.859,214.9309665926041
"38-5786746",Northman,0,213,301533.0,1415.6491020274275
"43-5376593",Human,1,80,510185.2,6377.314853285998
"23-1483929",Orc,0,77,118318.6,1536.6049440309598
"93-7711242",Demon,1,11,4012.71,364.7918167114258
"46-8472147",Northman,0,30,55840.203,1861.3400221506754
"45-6589795",Elf,0,6,3447.4802,574.5800009171168
"19-5346018",Hobbit,0,6,3192.8704,532.1449972788492
"13-6812433",Angel,0,47,20141.602,428.54467480740647
"04-8230549",Human,0,30,12012.668,400.4223309834798
"72-7560028",Human,0,138,94953.18,688.0665262194648
"66-4238260",Orc,0,42,18738.441,446.15333093915666
"26-5449974",Hobbit,0,86,97822.98,1137.4762708198193
"27-2705247",Orc,0,37,23247.436,628.308919481329
"16-0613860",Human,0,15,7561.26,504.0840087890625
"24-1347262",Human,0,51,6303.42,123.59647004744586
"26-1967728",Hobbit,0,2,446.76,223.3800048828125
"83-1554903",Northman,0,6,5030.84,838.4733454386393
"00-5687686",Elf,0,161,158205.11,982.6401234739316
"33-6818612",Human,0,59,23035.566,390.43339104571584
"45-1269535",Demon,0,68,41110.81,604.570730153252
"47-1625486",Hobbit,0,32,7177.3906,224.2934360988438
"78-3415857",Human,0,80,41190.79,514.8847469866275
"56-2772341",Northman,0,41,13308.104,324.58780760881376
"68-0167073",Demon,0,92,124718.586,1355.6368508131607
"35-7157316",Northman,0,26,9962.23,383.16269023601825
"04-2559661",Human,0,10,1673.2,167.32000017166138
"75-1780881",Hobbit,0,7,1018.14996,145.44999722072058
"55-2190364",Elf,0,19,6333.48,333.34104776382446
"81-9987043",Human,0,15,9897.01,659.8006629943848
"21-2568284",Northman,0,142,240271.0,1692.0495112244512
"09-0530658",Hobbit,0,23,20879.543,907.8060917646989
"13-1549585",Orc,0,2,321.91,160.9550018310547
"98-1128107",Angel,0,30,8739.48,291.3159985860189
"26-6482835",Orc,0,108,174006.48,1611.171013019703
"15-9589281",Human,1,166,32129.674,193.55216997323265
"34-4633691",Demon,0,56,23429.39,418.38196454729353
"40-0521976",Human,0,50,2302.0493,46.04099989414215
"04-8658807",Human,0,38,13370.982,351.86789219002975
"23-8825496",Northman,0,2,182.66,91.32999908924103
"79-9150364",Northman,0,41,54351.93,1325.656592206257
"87-4105819",Hobbit,0,78,65809.66,843.7133353673495
"58-5200145",Northman,0,99,92132.234,930.6286827530524
"38-9446472",Demon,0,13,24255.88,1865.836934016301
"77-3278783",Orc,0,26,13408.131,515.697301369447
"31-4064298",Human,0,3,4274.73,1424.9099559783936
"81-7167052",Orc,0,49,29117.53,594.2353048178614
"99-2621569",Northman,1,50,80326.89,1606.5374195861816
"29-9928739",Human,0,10,3175.74,317.5739974975586
"10-6937545",Northman,0,3,535.45,178.4833313624064
"63-8917713",Orc,0,83,43072.984,518.9514378582138
"79-9335926",Angel,0,18,2369.7898,131.65499846140543
"24-7963773",Elf,1,17,14083.54,828.4435188074541
"93-0336159",Orc,0,62,23467.021,378.5003255067333
"35-3598428",Human,0,280,75941.22,271.2184264353343
"23-6373814",Northman,1,23,5951.651,258.7673863949983
"91-5555508",Human,0,48,4963.389,103.40395800272624
"60-5940463",Northman,0,12,2847.6,237.30000336964926
"05-5616977",Human,0,142,293889.75,2069.6472547826634
"75-0433470",Hobbit,1,29,27954.164,963.9365669776654
"00-9624016",Human,0,130,71774.695,552.1129199633232
"00-8679766",Orc,0,42,25026.332,595.864999680292
"21-8271491",Orc,1,31,14882.93,480.0945224838872
"34-5987858",Elf,0,20,14920.398,746.0200073242188
"44-8866335",Elf,1,10,8470.859,847.0859939575196
"64-4464768",Orc,0,21,19878.771,946.6080863589332
"51-6189440",Demon,1,27,3974.81,147.21518631334658
"35-5046563",Hobbit,1,39,44404.547,1138.5779480078281
"78-4671120",Orc,0,52,28171.27,541.7551852372976
"47-8204319",Orc,0,17,2433.11,143.12411633659812
"47-0838412",Northman,0,17,6550.5796,385.32822238697725
"73-2885560",Northman,0,44,17136.068,389.4561346931891
"63-1115061",Orc,1,7,539.02997,77.00428553989956
"23-2989305",Northman,0,5,1638.13,327.62599716186526
"12-8205031",Demon,0,9,1220.2799,135.586666531033
"92-6194682",Human,0,106,63524.91,599.2915012319133
"76-3646535",Human,0,24,3374.8298,140.6179149945577
"51-1807898",Northman,0,4,1736.84,434.210009098053
"14-5128852",Human,1,56,16772.5,299.50892632348194
"31-4025361",Northman,0,20,4289.68,214.48399620056153
"52-4950792",Human,0,45,36631.1,814.0244386249118
"38-9335118",Northman,0,1,748.64,748.6400146484375
"38-3957950",Human,0,33,17398.408,527.2245377049302
"75-5209634",Hobbit,0,1,89.84,89.83999633789062
"79-9185523",Hobbit,0,26,9961.381,383.12999828045184
"69-2756641",Human,0,45,21564.172,479.2037790934245
"82-2010284",Northman,0,27,17264.82,639.4377831353081
"77-4234439",Human,0,71,118752.57,1672.571269508084
"80-9444494",Hobbit,1,14,2552.8499,182.34642682756697
"86-5041981",Human,0,49,7166.9053,146.26326500639624
"95-0505726",Human,0,6,954.50995,159.0849978129069
"04-2503836",Northman,1,110,182157.83,1655.9808040965688
"82-3925516",Hobbit,0,2,2320.78,1160.3900146484375
"44-1303393",Northman,0,219,168798.2,770.7682221904737
"51-1925684",Orc,0,69,65311.48,946.543038084887
"90-8749135",Demon,0,39,6702.5396,171.85999992566232
"00-1277358",Orc,1,32,47884.508,1496.3909401595592
"03-0944815",Orc,0,36,11685.141,324.58722257614136
"93-1564215",Human,1,6,587.46,97.90999857584636
"19-7047266",Orc,0,244,124325.91,509.53237913695517
"22-4456132",Northman,0,6,6730.2603,1121.7100205421448
"89-0429787",Human,0,88,44311.934,503.5446588667956
"85-2836365",Elf,0,49,33273.223,679.0452982649512
"48-1320077",Human,0,30,16402.69,546.7563335418702
"21-3309317",Human,0,50,138127.6,2762.551398474127
"50-4582840",Angel,0,62,87360.02,1409.0327256110406
"06-7145423",Human,1,65,12651.983,194.64584476649762
"96-1569114",Human,1,67,19801.547,295.54537296295166
"03-3614782",Northman,0,50,6637.8896,132.75779844284057
"89-5251865",Orc,0,14,2275.86,162.5614288875035
"59-5348991",Hobbit,0,84,47628.453,567.0052427110218
"69-7399079",Orc,0,23,19793.959,860.6069436413438
"51-9301144",Human,0,64,73492.375,1148.3181226849556
"34-1960881",Human,0,2,165.45,82.7249984741211
"61-0438490",Hobbit,0,48,30993.611,645.7002084056536
"82-3639247",Northman,0,8,715.44995,89.43125057220459
"00-8960230",Orc,0,2,74.86,37.43000030517578
"52-9738672",Human,0,90,24032.51,267.02788957224953
"00-0948136",Hobbit,0,35,34909.027,997.4008442470006
"04-1746693",Elf,0,20,6419.53,320.9765007853508
"28-3885388",Orc,0,27,4792.04,177.48296158402056
"27-9666443",Hobbit,0,16,5215.7803,325.9862479567528
"67-5669563",Human,0,19,7647.2603,402.4873675296181
"56-6993291",Northman,0,91,47059.457,517.1368148405473
"25-2691506",Demon,0,67,15366.033,229.34373199405954
"71-7015743",Orc,1,40,27587.37,689.6842443227767
"40-4821100",Hobbit,1,1,666.29,666.2899780273438
"65-2969707",Human,0,17389,1520811.0,87.45730229578211
"31-8249592",Human,0,18,3362.1304,186.78500270843506
"57-0764282",Hobbit,0,1,97.25,97.25
"38-3817613",Orc,1,6,30694.18,5115.696624755859
"23-4898815",Northman,1,1,164.7,164.6999969482422
"73-1665051",Human,0,69,23164.361,335.715364418168
"08-5385155",Human,0,57,9042.41,158.6387720902761
"01-5511863",Northman,0,64,27635.975,431.8120264261961
"15-1188718",Hobbit,0,29,13034.881,449.478624987705
"76-7456746",Hobbit,0,30,15201.758,506.7253328005473
"34-9663204",Northman,0,1,4996.58,4996.580078125
"05-9302855",Human,0,3,4641.56,1547.1866658528645
"43-4086476",Human,0,2,1198.57,599.2849731445312
"05-1766436",Elf,0,19,12303.88,647.57262938901
"05-4538217",Hobbit,0,19,3102.03,163.2647360033895
"75-8729714",Human,0,74,27835.998,376.16216343158
"43-5916534",Angel,0,34,40883.188,1202.4464638653924
"08-4241420",Northman,0,36,8186.46,227.40166887496082
"17-5082636",Hobbit,0,1,14.97,14.970000267028809
"20-9117224",Human,0,118,83785.23,710.0443151391158
"91-3736250",Angel,0,81,30518.193,376.7677820170367
"81-7479768",Northman,1,52,14239.4795,273.8361517099234
"45-7717933",Human,0,21,20284.701,965.9380914015429
"09-4064433",Elf,1,29,3862.96,133.20551774419587
"11-0922413",Elf,0,2,623.59,311.79500246047974
"24-0305249",Elf,0,45,13024.851,289.44110873416065
"63-0910757",Human,1,7,778.57996,111.22571495601109
"98-2261580",Human,0,38,26505.71,697.5186762809753
"04-6822238",Northman,0,26,10361.159,398.506146137531
"31-9258940",Northman,0,62,36261.56,584.8637104649698
"10-7042562",Elf,0,16,7470.6694,466.916867852211
"30-1693449",Elf,0,3,138.12,46.040000915527344
"60-5892180",Human,1,2,82.28,41.140000343322754
"39-1883399",Angel,0,76,203391.97,2676.210378359121
"00-3402094",Angel,0,5,3294.01,658.8019958496094
"84-1351816",Human,0,190,42545.617,223.9242632806301
"40-3714715",Orc,1,19,2075.8997,109.25789280941612
"02-3414035",Orc,0,8,514.96,64.36999990046024
"74-9867340",Hobbit,0,25,18828.25,753.1300006103515
"24-0869036",Hobbit,0,86,24763.955,287.95290787760604
"81-2469443",Angel,0,6,4941.0195,823.5033187866211
"02-1443955",Human,0,12,2864.31,238.6925003528595
"21-7014201",Human,0,20,4888.62,244.43099517822264
"58-9656249",Elf,0,12,11653.311,971.1091545422872
"37-5662286",Northman,0,21,5566.1396,265.0542845953079
"78-8823050",Elf,0,36,16485.05,457.91805622312756
"58-1483153",Demon,0,6,621.29,103.54833348592122
"36-4866994",Orc,0,16,1846.8699,115.42937541007996
"27-2619893",Angel,0,116,40321.41,347.5983611797464
"12-7361269",Orc,0,56,11805.981,210.8210698025567
"84-4596044",Northman,0,5255,400415.5,76.19676298811592
"53-4814432",Hobbit,0,14,6334.0303,452.43071631288956
"34-7821002",Elf,0,17,2418.09,142.24058622472427
"10-7723467",Northman,0,68,27544.424,405.0650023572585
"59-2688341",Orc,0,75,19900.1,265.33466447194417
"38-9674356",Human,0,1,748.64,748.6400146484375
"02-8814353",Human,0,237,44025.746,185.7626995922141
"94-6831962",Hobbit,1,3,18.01,6.003333495308955
"01-7331210",Northman,0,310,1700865.9,5486.664498175344
"52-9400871",Orc,0,47,22433.549,477.30957290974067
"53-6073173",Demon,0,74,209341.81,2828.94364550307
"57-8067541",Hobbit,0,37,9019.279,243.76432539965654
"99-2932564",Human,0,17,2631.45,154.79117578618667
"28-9180523",Hobbit,1,169,96889.16,573.3086370772864
"00-0041533",Human,0,29,228986.11,7896.073455021299
"11-5603970",Human,1,1,224.59,224.58999633789062
"66-9914216",Northman,0,86,152735.94,1775.9996613569037
"04-7725885",Orc,0,77,24004.324,311.7444165341266
"15-7069160",Orc,1,10,1933.9199,193.3920016527176
"96-8265004",Northman,1,1,4117.51,4117.509765625
"57-6833428",Angel,0,20,13045.13,652.2564986228942
"75-6862885",Angel,0,65,8041.1104,123.70938319059519
"32-3657645",Demon,1,9,4117.5103,457.50111219618054
"73-2988819",Human,0,10,5427.62,542.7619979858398
"04-3693859",Hobbit,0,21,13861.051,660.0500016439529
"40-4750284",Hobbit,0,24,10038.33,418.26374133427936
"31-0270355",Orc,1,17,1624.5299,95.56058816348805
"42-0997490",Human,0,106,7825.541,73.82584853442211
"56-0442576",Orc,1,10,15347.1,1534.710009765625
"23-4382523",Hobbit,0,40,29031.707,725.7925204575062
"06-2898989",Northman,0,31,22425.209,723.3938609092467
"52-1226264",Angel,1,16,3862.92,241.43249714374542
"83-2030939",Orc,1,13,1793.03,137.92538332939148
"58-1366086",Demon,0,54,35142.605,650.7888879776001
"85-4658239",Demon,0,176,30544.812,173.54999861392108
"51-2891548",Human,0,53,167186.8,3154.468838997607
"47-7178595",Northman,0,172,36772.82,213.79540645859615
"87-0632728",Hobbit,0,4,3720.73,930.1824913024902
"37-4210603",Human,0,43,49267.22,1145.749070278434
"71-8378678",Human,0,2,7958.0503,3979.0250854492188
"86-2087190",Elf,0,312,95217.68,305.1849350474584
"03-9593488",Elf,0,79,16319.622,206.57746672715191
"94-1317906",Human,1,1,299.46,299.4599914550781
"63-1012391",Demon,0,13,2103.67,161.82076747600848
"38-3401448",Demon,1,3,494.11,164.70332845052084
"01-1215079",Angel,1,8,2055.01,256.87625098228455
"92-4264342",Human,0,25,21860.29,874.4115905761719
"07-1894645",Orc,0,124,85943.39,693.0918511075358
"93-0693106",Human,1,179,38784.855,216.67513852812058
"22-0222868",Hobbit,0,13,4532.2305,348.6330791620108
"06-0433508",Human,0,53,89048.25,1680.1558542251587
"83-2532569",Orc,1,55,20376.133,370.4750898924741
"80-3352937",Angel,0,35,5047.32,144.20914203098843
"59-4696508",Orc,1,101,23775.324,235.39920455630462
"35-1493122",Angel,0,42,16167.8,384.94762132281346
"41-0745829",Orc,0,122,85871.81,703.8672143904889
"76-0833110",Human,0,19,6745.25,355.01315709164265
"40-5480734",Elf,0,5,352.6,70.51999950408936
"19-8292396",Elf,0,51,67272.58,1319.0697970296821
"58-8567110",Human,0,1,3.74,3.740000009536743
"01-6675581",Angel,1,66,25610.12,388.03197008190733
"08-6210525",Human,0,54,32933.473,609.8790722832912
"99-3527247",Hobbit,0,29,14636.881,504.72000293073984
"48-0239521",Human,1,78,58267.67,747.0214047431946
"65-9945249",Elf,0,62,15504.988,250.08048251367384
"57-1963317",Orc,0,24,1093.0,45.541666477918625
"74-5411272",Human,0,7,1212.7899,173.25571537017822
"69-9967950",Northman,1,31,28923.145,933.0045291223834
"26-6149603",Hobbit,0,26,9983.073,383.96423090421234
"63-8984125",Human,0,32,13146.075,410.81468138098717
"01-8402838",Orc,0,20,6999.7695,349.9885028839111
"46-0118338",Human,0,340,330612.5,972.3897916962119
"04-0458144",Elf,0,24,4758.34,198.26416648427644
"94-1122733",Angel,0,57,9885.041,173.42175138205812
"26-4055052",Orc,0,24,28450.883,1185.4533460686605
"14-8926443",Northman,0,16,15197.36,949.835033416748
"78-4850392",Human,1,26,42822.05,1647.001885340764
"32-1282063",Hobbit,0,1,7.49,7.489999771118164
"98-8065051",Northman,0,2,187.16,93.58000183105469
"36-7961212",Hobbit,0,125,24288.482,194.3078397525847
"66-1422588",Human,0,76,14382.4,189.24210275474348
"28-8977028",Elf,0,29,21507.33,741.6320593274872
"52-1379752",Elf,0,26,12450.254,478.85577352688864
"50-6327925",Hobbit,0,216,30192.604,139.7806012417983
"98-7221923",Human,0,1,524.05,524.0499877929688
"90-8016821",Northman,0,15,4387.47,292.4980018615723
"13-4938007",Elf,0,35,9841.91,281.19742973872593
"33-6965225",Northman,0,22,2021.2899,91.87681718306108
"90-4455556",Human,1,5,183.42001,36.68400001525879
"67-8450642",Northman,0,107,26417.979,246.89691620786613
"50-5474200",Human,0,72,16762.0,232.80555458863577
"63-1218577",Northman,0,46,108739.98,2363.91262536091
"76-1677322",Northman,0,132,36628.586,277.48931736476493
"99-6143630",Hobbit,0,82,30008.318,365.95512076122003
"62-2775095",Hobbit,0,1,10659.28,10659.2802734375
"86-8430232",Northman,1,1,1122.96,1122.9599609375
"97-5216930",Orc,0,44,36425.43,827.850446595387
"86-1683990",Human,0,85,150374.3,1769.1091735166663
"57-9446300",Human,0,2,756.13,378.06500720977783
"64-3621688",Human,0,35,8493.3,242.66571583066667
"73-3499267",Human,0,65,19293.385,296.8212305839245
"00-9089278",Northman,0,28,4544.0493,162.28750108821052
"52-3865722",Orc,0,1,4087.57,4087.570068359375
"08-9209621",Human,0,22,7127.0586,323.95727049220693
"37-8373943",Human,0,171,65836.234,385.00725149242373
"62-2232950",Northman,0,28,3723.0,132.96428436892373
"25-4115621",Human,0,67,134673.81,2010.0568658060101
"12-4963871",Northman,0,97,278870.7,2874.9573134786074
"61-4233899",Orc,0,11,3529.84,320.89454650878906
"48-5254584",Northman,1,19,12427.401,654.0736726459704
"31-6348066",Hobbit,0,96,21689.32,225.9304157073299
"17-8544298",Orc,0,60,4727.6396,78.79399982293447
"26-4721485",Northman,0,152,48324.926,317.9271666454641
"51-9047624",Elf,0,37,22631.018,611.6491919852592
"87-9381913",Human,0,6,3672.0798,612.0133378108343
"12-1820260",Orc,0,136,1288554.6,9474.663990618552
"40-7285373",Elf,1,53,87119.05,1643.755851169802
"21-1923525",Human,0,68,23420.594,344.4204407018774
"72-8533818",Human,0,73,29424.89,403.0806844136486
"75-9912621",Hobbit,0,2,37.48,18.739999771118164
"96-1296875",Northman,0,28,6850.9,244.67500284739904
"86-2619643",Human,0,41,8785.239,214.27414480069788
"92-0979286",Hobbit,0,29,2904.7002,100.16206916447344
"74-3449017",Human,0,31,4011.76,129.41161172620713
"21-5749828",Demon,1,10,2590.29,259.0290008544922
"68-7234543",Angel,0,196,41774.836,213.1368360273084
"79-3399549",Human,0,2,853.63,426.81500244140625
"29-7521144",Human,0,3,823.51,274.5033264160156
"60-7989519",Northman,0,59,29451.467,499.1772880554199
"82-4914246",Human,0,95,51134.285,538.2554718419125
"84-2947772",Demon,0,23,15343.358,667.1026077270508
"99-1237713",Hobbit,0,250,220528.98,882.1166381902694
"76-1431170",Hobbit,0,12,3605.46,300.4550042152405
"00-2874422",Human,1,152,72405.125,476.34947234122575
"63-0402198",Human,0,105,34546.188,329.01123661767866
"84-9581370",Hobbit,0,77,475687.6,6177.762226426757
"35-4468812",Hobbit,0,14,25849.053,1846.3607270595219
"42-9775477",Northman,0,37,54471.83,1472.2113458047043
"28-7580005",Orc,0,51,37806.293,741.2997951133578
"44-2228730",Northman,0,3,82.340004,27.446666876475017
"13-7682883",Human,0,3,9235.95,3078.649948120117
"29-4271266",Human,0,72,30184.111,419.22375064426
"65-6075652",Human,0,2,205.87001,102.93500244617462
"47-1873656",Northman,0,18,27999.117,1555.506115383572
"38-1447325",Human,0,24,7419.0396,309.1266638437907
"36-7737582",Human,0,167,397906.44,2382.673423201738
"27-3905626",Hobbit,0,12,5476.3003,456.35832532246906
"34-1568006",Orc,0,10,1688.1799,168.81799566745758
"34-9481693",Northman,0,68,44704.89,657.4248472943026
"64-3040728",Human,0,46,20763.537,451.3813048652981
"12-4732117",Hobbit,0,15,19359.07,1290.6046569824218
"01-3002835",Elf,0,130,173054.53,1331.1892979548527
"97-8014561",Human,0,115,20623.783,179.3372147731807
"05-8814334",Human,0,49,29834.236,608.861826248315
"37-4672636",Hobbit,0,10,1635.77,163.57699682712556
"87-6686309",Human,0,22,8658.94,393.58818436210805
"51-9376480",Human,0,37,18329.963,495.4043222458379
"65-0486442",Human,0,5,1649.4099,329.8819915771484
"37-2052639",Elf,0,122,37906.234,310.70679976314796
"04-4214287",Northman,0,50,20980.914,419.6181950378418
"25-5927187",Human,0,1,7.49,7.489999771118164
"94-2686663",Human,0,57,12759.9795,223.85929484116403
"02-9025346",Northman,0,1930,190006.8,98.4490515212321
"40-8460170",Orc,1,42,37289.086,887.8352382807504
"57-0172436",Hobbit,1,41,61124.324,1490.8368234401796
"58-1971555",Hobbit,0,6,1422.4099,237.06832885742188
"38-0823753",Hobbit,0,61,97713.88,1601.8667103501616
"10-6704027",Angel,1,3,348.12,116.0399996439616
"65-9809225",Orc,1,27,37443.105,1386.7815136379666
"99-8109567",Hobbit,0,35,14081.901,402.3399980545044
"27-4926530",Orc,1,10,4065.11,406.5110023498535
"35-6907578",Elf,0,63,18982.469,301.3090440507919
"73-6636425",Demon,0,347,1541612.1,4442.686723626656
"56-7955648",Northman,0,16,2118.6099,132.41312336921692
"33-0599418",Human,0,68,125020.3,1838.5336641704334
"04-4464846",Hobbit,1,33,14412.059,436.72909320484507
"30-6778817",Human,0,8,1346.81,168.3512487411499
"35-0209523",Northman,1,59,115088.22,1950.6476386280383
"93-9012318",Hobbit,0,25,18213.562,728.5424043273925
"82-0861430",Hobbit,0,4,598.91,149.72749710083008
"85-8363474",Hobbit,0,208,242521.45,1165.9687942739647
"87-6288116",Northman,0,55,17104.44,310.9898178924214
"86-3606405",Hobbit,0,21,10751.961,511.9980981463478
"54-2184663",Orc,0,41,13938.971,339.9748754239664
"31-0245137",Elf,0,203,49236.832,242.54605816502877
"43-8177945",Elf,0,16,9122.15,570.1343769431114
"63-6690337",Orc,0,55,51708.605,940.1563596552069
"86-6026290",Hobbit,1,43,41700.312,969.7746443637582
"31-9183608",Human,0,19,6447.9404,339.36526137904116
"85-6097545",Northman,0,47,8224.763,174.9948926276349
"19-6009249",Hobbit,1,7,587.67993,83.95428483826774
"40-4221173",Demon,0,11,3593.46,326.678183815696
"21-2868317",Angel,0,45,18383.586,408.523993089464
"43-7518657",Northman,0,25,10072.939,402.9175988864899
"75-6844080",Hobbit,0,56,22164.08,395.78714356252124
"92-5610862",Orc,0,72,20401.143,283.349164697859
"37-8743231",Elf,1,27,6920.8687,256.32851862024376
"33-6780503",Human,0,47,5246.4204,111.6259584883426
"95-8135237",Human,0,1,374.32,374.32000732421875
"78-5993706",Orc,1,5,823.49994,164.7
"01-4138486",Human,0,3,351.86,117.28666655222575
"69-3295019",Hobbit,0,13591,789553.8,58.09388862602886
"27-5786484",Human,0,8,995.68994,124.46124839782715
"72-5940887",Orc,0,45,24748.84,549.9742180983226
"17-0268032",Orc,0,1,166.2,166.1999969482422
"80-2226495",Hobbit,0,3,748.64996,249.54999287923178
"39-0523969",Northman,0,4,1654.5,413.62499475479126
"19-5825244",Human,0,9,1769.5701,196.61888313293457
"37-7020026",Hobbit,0,31,149946.34,4836.97877324012
"81-3920783",Elf,0,28,17772.648,634.7374950136457
"92-0611992",Elf,0,40,30143.227,753.5804994344711
"35-9848383",Orc,0,36,33801.05,938.9180586073134
"41-9549391",Human,0,49,13399.923,273.4677564708554
"55-5986703",Hobbit,0,234,91684.055,391.81217845994183
"25-9229335",Hobbit,1,2,299.44998,149.72499465942383
"36-7411224",Orc,0,18,3144.2502,174.68055470784506
"78-8723792",Human,0,93,33114.84,356.07343862778555
"46-6291046",Orc,0,33,38611.36,1170.0412101745605
"77-2486932",Orc,0,71,117166.33,1650.2295806508669
"83-0115227",Hobbit,0,8,1070.5599,133.8199977874756
"33-6895748",Demon,0,55,22651.262,411.8410899942572
"12-6350394",Human,0,12,2960.88,246.7400018374125
"41-3570114",Angel,0,52,8916.259,171.46653745724603
"41-6165458",Hobbit,1,53,19170.393,361.7054702470887
"46-2209971",Hobbit,0,1,2395.64,2395.639892578125
"40-0927928",Hobbit,0,16,6546.83,409.17687095701694
"03-8474248",Human,1,68,57020.105,838.5308825969696
"73-1703499",Elf,0,31,3795.5498,122.43709768018415
"55-2686906",Human,0,18,13003.892,722.4383308622572
"06-2594353",Demon,0,39,97760.734,2506.685610331022
"23-6940461",Northman,0,31,29227.98,942.8380750225436
"15-0286355",Human,0,24,21197.71,883.237914254268
"91-2121330",Northman,0,47,8950.581,190.43787145614624
"54-3431995",Human,1,61,45637.25,748.1516441595359
"62-4425568",Human,0,13,6468.25,497.55769025362457
"95-8156357",Demon,0,98,150264.4,1533.3100885396102
"87-7046227",Demon,0,48,20935.668,436.1597886532545
"53-6293219",Orc,0,38,14163.771,372.7307920667686
"65-6872943",Hobbit,0,18,17428.3,968.238883972168
"94-1294151",Northman,0,114,44285.69,388.4709627000909
"04-5660966",Hobbit,0,4,1422.4199,355.6050033569336
"93-7893224",Northman,0,67,37624.523,561.5601464207492
"82-5075998",Human,0,19,7604.3804,400.23052588262055
"30-0138228",Angel,0,16,1332.6,83.28750123083591
"20-1392251",Human,0,216,403169.44,1866.5254643482622
"21-2022251",Elf,1,66,15085.074,228.56166556387237
"98-6187948",Orc,0,35,6182.4897,176.6425726754325
"53-4444302",Elf,0,82,73489.38,896.2119467432906
"40-0051981",Human,0,103,20639.438,200.38281449299413
"24-2873433",Demon,0,113,123351.945,1091.6102587818045
"85-9544169",Human,0,1,11.23,11.229999542236328
"50-6400774",Northman,0,11,3862.8303,351.16636989333415
"84-3677587",Orc,0,7,1310.11,187.15857097080774
"19-1830418",Human,1,56,12335.483,220.2764298852001
"60-9997487",Northman,1,54,43095.44,798.0636987597854
"11-3182452",Hobbit,0,15,33326.09,2221.739305750529
"22-9768339",Human,0,89,34077.465,382.8928081561717
"40-0373931",Angel,0,22,6193.3203,281.51453906839544
"17-5929795",Human,0,29,2886.7903,99.54448226402546
"16-0780021",Orc,1,21,4387.0303,208.90618664877755
"85-2754158",Northman,1,94,37830.66,402.45371741436895
"80-9500998",Hobbit,1,22,8770.32,398.6509154926647
"97-0509922",Human,0,47,134375.23,2859.047418675524
"28-9182331",Human,1,9,1070.5499,118.94999874962701
"70-4174781",Northman,0,36,11040.172,306.67139241430493
"49-4302866",Hobbit,0,53,106039.664,2000.748307911855
"83-0188146",Human,0,130,23676.45,182.1264617057947
"13-1968208",Human,1,138,70894.34,513.7271690023118
"07-7878423",Human,0,113,109765.43,971.3753985852267
"87-2354181",Human,0,35,7246.2607,207.03600083078658
"37-5612344",Human,0,89,325105.9,3652.876173734665
"91-9913784",Hobbit,0,13,4723.8994,363.376921580388
"78-8225650",Orc,0,176,14434.281,82.01301124827428
"13-1083886",Human,0,9,2171.07,241.22999403211804
"10-6087452",Elf,0,77,25728.494,334.13623363940746
"91-1200389",Northman,0,69,24799.393,359.4114488276882
"82-8692356",Human,0,20,9523.45,476.1724941253662
"22-8846622",Northman,0,17,11409.239,671.1317565020393
"35-3128866",Orc,1,22,8863.87,402.9031805558638
"71-5900533",Orc,0,875,2114249.0,2416.2814392922264
"28-9696596",Elf,0,3,995.69995,331.8999938964844
"79-0728798",Hobbit,0,16,25753.17,1609.5731420516968
"64-5537275",Hobbit,0,5,4042.6497,808.52998046875
"42-2823199",Human,0,18,18183.89,1010.2161081102159
"03-0190933",Orc,0,53,9303.21,175.5322646419957
"91-9501683",Demon,0,25,9781.72,391.2687961578369
"89-3493959",Orc,0,2,3967.78,1983.8899688720703
"81-8253021",Northman,0,74,25165.53,340.0747295650276
"46-8595854",Hobbit,0,83,17458.014,210.33747066359922
"56-1096657",Orc,0,10,2335.76,233.57600195407866
"13-3467820",Human,0,141,48046.664,340.75638204601637
"83-9079600",Hobbit,0,37,10369.722,280.26270526164285
"45-4259548",Orc,1,22,8403.919,381.9963587847623
"59-2216132",Hobbit,0,26,1561.1399,60.04384618539076
"51-4981328",Hobbit,0,14,18974.24,1355.3028644834246
"33-0930211",Demon,0,34,17555.604,516.3411802404067
"59-8541706",Orc,0,33,8914.61,270.1397000081611
"97-4477917",Orc,1,6,2275.8599,379.31000741322833
"73-8063985",Orc,0,76,44529.44,585.9136764752237
"85-3531864",Northman,0,20,8371.23,418.5614974975586
"65-4713072",Hobbit,0,13,6732.0,517.8461623558632
"79-1093789",Northman,0,1,57.65,57.650001525878906
"25-9226000",Orc,0,6,1351.2899,225.21500051021576
"90-2464825",Hobbit,0,20,2742.6504,137.13250103592873
"89-0992142",Northman,0,46,11491.931,249.824564271647
"09-1247609",Human,0,107,5885.7524,55.00700947280242
"41-9448021",Human,1,10,3210.92,321.09199924468993
"83-3904187",Human,1,9,3642.1401,404.6822297837999
"06-8855050",Northman,0,12,3447.48,287.2899929682414
"56-4255258",Orc,0,1,748.64,748.6400146484375
"49-5856319",Angel,0,1,1122.96,1122.9599609375
"49-7264273",Demon,0,10,458.00998,45.80099973678589
"24-7197809",Northman,0,31,49303.83,1590.4461431810932
"41-3055303",Northman,1,40,40514.547,1012.8634948730469
"73-2039802",Hobbit,0,37,10596.951,286.4040528632499
"07-6693314",Human,0,42,26147.938,622.5697588239398
"35-6957322",Human,0,3,15047.641,5015.880126953125
"60-7334869",Hobbit,0,3,247.79999,82.5999984741211
"36-5661505",Human,0,182,16096.46,88.44203239351839
"00-7925080",Human,1,175,22949.717,131.1411992219516
"62-0458393",Orc,0,107,27433.906,256.3915880417155
"88-7048515",Orc,0,20,7171.8906,358.59450368881227
"95-7459626",Human,1,1,1160.39,1160.3900146484375
"18-1235671",Human,0,5,23014.64,4602.927978515625
"19-5202259",Orc,0,578,1662447.2,2876.2061390146664
"03-1392351",Angel,0,2,598.91,299.45499420166016
"08-2890945",Human,0,20,16357.77,817.8884933471679
"88-1847323",Human,0,48,22348.307,465.5897893508275
"13-0348278",Human,1,35,40183.207,1148.0914281572614
"97-8707807",Orc,0,23,3327.68,144.6817386875982
"80-6795585",Hobbit,0,12,18240.58,1520.0483306248982
"72-4969954",Hobbit,0,83,15568.309,187.56999877562006
"72-9768849",Human,0,37,14620.901,395.1594570263012
"89-9470865",Orc,1,21,3473.6606,165.4123807634626
"66-9434834",Northman,0,1046,863630.25,825.6504920185411
"95-0954820",Northman,0,48,16433.35,342.36145754158497
"30-5391309",Orc,0,46,14913.448,324.2054293933122
"99-5956843",Human,0,22,4892.3994,222.38181686401367
"29-7722424",Human,0,7,905.85,129.40714154924666
"42-7428992",Elf,0,4,348.11,87.02749878168106
"65-0097783",Hobbit,0,16,29724.094,1857.7556779682636
"50-5171869",Hobbit,0,48,19534.254,406.96353846788406
"61-7982316",Hobbit,0,246,218085.83,886.528372163695
"37-7763757",Orc,0,31,12597.34,406.3658073179183
"92-2356815",Hobbit,0,37,14224.132,384.4359493513365
"70-4001438",Orc,0,79,43877.78,555.4149353685258
"87-6693207",Angel,0,21,14524.4795,691.6418935344333
"27-3593865",Northman,0,46,15198.491,330.4019541584927
"39-0262039",Elf,0,29,6602.251,227.6637966961696
"60-3799429",Northman,1,50,39631.55,792.6307979249955
"20-9903751",Orc,0,1,299.46,299.4599914550781
"61-8764563",Human,1,12,7576.22,631.351666132609
"73-8070449",Northman,0,80,28679.508,358.4938722372055
"99-3418937",Human,0,27,8998.648,333.2833266788059
"54-5421405",Human,1,201,423452.1,2106.7268141181908
"09-9100272",Orc,0,11,6251.13,568.2845563021573
"46-1762415",Orc,0,54,10675.619,197.6966655254364
"52-3615137",Hobbit,0,17,5247.9404,308.70235577751606
"63-6495292",Human,1,29,27052.09,932.830684530324
"27-1161021",Human,1,1,224.59,224.58999633789062
"25-1237206",Northman,1,27,15669.9795,580.3696379484953
"01-2689848",Demon,0,66,9861.461,149.41605927061403
"54-4384692",Human,0,32,27538.43,860.575931340456
"61-8932888",Human,0,1,283.73,283.7300109863281
"59-4504581",Angel,0,73,15815.2705,216.6475343483768
"14-4653349",Human,0,4,2444.3,611.0750017166138
"31-9937609",Hobbit,0,2,2575.32,1287.6600036621094
"41-5672328",Demon,0,58,110972.08,1913.31207828532
"42-2183555",Elf,1,4,1647.01,411.7525062561035
"40-1452840",Hobbit,1,29,10888.392,375.4617256296092
"07-1372584",Human,0,1,1122.96,1122.9599609375
"88-0324219",Demon,0,82,64600.4,787.8095184070309
"21-7447536",Human,0,29,11145.069,384.312762007888
"62-9777108",Orc,0,83,23352.96,281.36096437006114
"01-0586118",Northman,0,87,29670.586,341.04125962312196
"68-5270319",Demon,0,23,50920.1,2213.917415111366
"19-1610310",Orc,0,18,6730.23,373.9016695022583
"45-0728918",Human,0,419,935460.6,2232.603280023914
"45-9860594",Northman,0,63,26660.615,423.1842823142097
"14-5411954",Demon,1,74,45107.99,609.5672951131254
"62-3277804",Hobbit,1,34,6191.2505,182.09558812309714
"91-2683738",Elf,0,21,10937.631,520.8395262218658
"73-7716699",Northman,0,20,5797.069,289.8534980773926
"69-0137150",Human,0,20,4526.05,226.30249787569045
"61-0099020",Demon,0,84,15213.186,181.10928562993095
"72-8559492",Hobbit,0,406,96754.67,238.31214157922716
"92-8274940",Orc,0,40,43341.3,1083.5325184822082
"28-1318596",Angel,0,41,23312.611,568.6002421495391
"17-2242817",Human,0,55,144840.22,2633.458892804926
"53-0201111",Northman,0,38,26763.975,704.3150092677066
"03-3657847",Hobbit,0,51,101902.86,1998.0950992808623
"27-9161117",Northman,0,64,52363.777,818.1839131303132
"41-5342495",Human,0,38,40147.598,1056.5157927964863
"82-4804230",Orc,0,61,29395.344,481.89081734712005
"43-5844046",Demon,0,23,25649.098,1115.178253920182
"44-5173906",Orc,0,3,104.8,34.93333371480306
"42-2729506",Angel,1,2,2320.78,1160.3899841308594
"48-9952245",Human,0,119,347752.72,2922.2917990544265
"11-7019915",Elf,0,42,17242.902,410.5452381769816
"11-5716594",Hobbit,0,57,9774.539,171.48315797144906
"36-0187430",Human,1,72,59906.902,832.0402764081955
"21-8361056",Human,0,42,6850.879,163.11618798687346
"90-3577111",Angel,0,9,5629.6997,625.5222176445855
"43-1017668",Hobbit,0,56,13913.634,248.45768083844865
"48-6445878",Elf,0,60,17734.107,295.56833225886027
"19-1156435",Orc,1,137,76274.086,556.7448934307934
"04-9453103",Orc,0,94,27198.906,289.34999762261486
"07-4049456",Orc,1,1,7.49,7.489999771118164
"42-0279657",Human,0,30,9980.881,332.69599771499634
"19-9222031",Human,0,6,456.65997,76.11000061035156
"12-3657099",Elf,0,110,98106.96,891.8813548890028
"72-2247157",Hobbit,0,8,2328.26,291.03250527381897
"15-4324829",Angel,0,31,9509.959,306.7729014735068
"46-3564939",Angel,0,19,23728.2,1248.8526022238166
"90-3371308",Orc,1,2,374.32,187.16000747680664
"17-8695666",Human,1,98,13802.939,140.8463263327674
"23-5205946",Human,0,22,37281.86,1694.6300034956498
"11-4844336",Northman,0,4,636.33997,159.08499717712402
"37-1138366",Orc,0,53,21507.053,405.7933947511439
"51-6039706",Hobbit,0,21,10811.82,514.8485710507348
"32-7533049",Orc,0,393,310929.6,791.1702498758718
"28-1043969",Human,0,15,35954.12,2396.9413825988768
"39-7766950",Orc,0,46,7976.731,173.40717401193535
"80-0395279",Hobbit,0,18,5053.3003,280.73888397216797
"66-7849063",Elf,0,292,122066.695,418.03664230453234
"92-9999688",Human,0,81,79155.02,977.2223431269327
"00-8541630",Human,0,170,98436.78,579.0397566500832
"45-0081861",Orc,0,74,61957.477,837.2632392612663
"19-1410256",Orc,0,54,17012.838,315.0525874385127
"69-3945083",Northman,0,30,7778.3604,259.2786668141683
"27-0793285",Demon,0,14,1953.9401,139.56713921683175
"98-4192115",Hobbit,0,37,8248.5205,222.93297329464474
"48-7232943",Human,0,2,187.16,93.58000183105469
"19-0513382",Northman,0,38,7270.4404,191.3273687770492
"94-1196621",Demon,0,4,112.29,28.0725000500679
"53-7178069",Orc,0,35,10787.882,308.2251453399658
"23-9010492",Human,0,17,5712.1104,336.00647157781265
"77-7055273",Hobbit,0,16,2260.8901,141.30562633275986
"22-7789872",Orc,0,16,52872.633,3304.5393686294556
"27-5377154",Demon,0,10,1246.4502,124.64499969482422
"16-3298287",Northman,0,3,486.61,162.20333607991537
"07-3345553",Orc,0,31,6915.33,223.07516108789753
"67-3282648",Northman,0,33,32183.229,975.2494096177998
"28-1303372",Human,0,38,76026.35,2000.6936965239674
"26-1147977",Elf,0,28,18492.893,660.4603649548122
"94-6597756",Human,0,22,5216.5195,237.11454114046964
"50-0857416",Human,0,41,14708.5,358.74390462549724
"62-1513767",Human,0,44,7799.329,177.25749943473122
"88-5367176",Orc,0,41,4579.421,111.69317138921923
"87-9952546",Northman,0,156,485604.62,3112.8495549997074
"87-7849264",Hobbit,0,33,10868.73,329.3554504856919
"56-6813781",Northman,0,21,4196.13,199.81570974985758
"39-9114150",Elf,0,2,898.32,449.1600036621094
"92-6379708",Northman,0,46,61974.984,1347.2823978507001
"11-3641234",Orc,0,74,8990.512,121.49337783697489
"24-8439558",Northman,0,55,21440.965,389.83563695820897
"55-1044008",Hobbit,0,134,76009.64,567.2361172289212
"48-4645953",Human,0,3,3443.7302,1147.9100189208984
"40-6919745",Human,0,47,74982.805,1595.378743744911
"96-1956882",Demon,0,18,4787.5195,265.9733319812351
"39-6747677",Hobbit,1,91,40924.87,449.72373502333085
"88-2706763",Human,0,71,8567.979,120.67577524923942
"30-1072132",Northman,0,105,63074.74,600.7118094943819
"74-3822735",Hobbit,0,49,37424.344,763.7620426939458
"77-5284846",Demon,0,42,7582.0396,180.52476260775612
"42-4621484",Orc,0,11,9601.301,872.8454518968409
"34-1452348",Human,0,16,16245.47,1015.3418960571289
"52-4683961",Elf,1,6,643.83,107.30499903361003
"62-4947792",Human,0,2,2769.97,1384.984992980957
"70-8922371",Human,1,27,6115.4097,226.49666680230035
"75-0419670",Hobbit,0,50,44925.805,898.5160020828247
"43-1330590",Northman,0,4,524.04,131.01000213623047
"39-8713703",Elf,0,42,11983.5,285.3214268287023
"83-9072687",Northman,0,551,28427.557,51.592468120292935
"41-6887106",Elf,0,1,74.86,74.86000061035156
"36-1926598",Human,0,509,169055.73,332.13296459044363
"13-9437770",Orc,0,28,7588.591,271.0210711837613
"98-0301257",Elf,0,109,1708075.0,15670.414228036863
"32-9514623",Angel,0,21,140363.73,6683.987098330543
"53-6329866",Elf,0,44,59546.723,1353.334305676547
"84-2052985",Human,1,27,20774.682,769.4325940167463
"11-8485392",Orc,0,82,77138.99,940.7191449490989
"62-8751829",Human,0,116,70206.76,605.2306015470932
"44-2028523",Demon,0,47,8898.66,189.3331924702259
"16-3831222",Human,0,1,74.86,74.86000061035156
"06-5266676",Northman,0,47,10677.349,227.17765937460229
"44-1205340",Northman,1,13,2182.29,167.8684597015381
"50-4811408",Northman,1,1,224.59,224.58999633789062
"03-0288444",Angel,0,7,14160.5,2022.9285805565971
"79-5689259",Northman,0,40,99299.445,2482.4860177993774
"86-1661664",Elf,0,31,39279.74,1267.0880717197733
"92-1705108",Hobbit,0,11,6202.4595,563.8600071126765
"61-8468727",Angel,0,35,17954.201,512.9771417379379
"11-3312342",Orc,0,3,1796.73,598.9100138346354
"55-1646967",Elf,0,25,12768.79,510.75159648895266
"74-7452781",Orc,0,5,3723.81,744.7619776248932
"10-9491925",Northman,0,36,5194.04,144.2788864771525
"22-6685551",Orc,1,19,2883.7502,151.7763127276772
"37-4915368",Northman,1,20,9560.14,478.00700225830076
"01-7283521",Hobbit,0,90,50849.395,564.9931075864368
"19-3595814",Angel,1,12,4304.6606,358.7216657002767
"07-8636599",Orc,0,24,7243.0693,301.7945849498113
"48-1171427",Human,1,95,27010.02,284.31599746503326
"18-0423042",Orc,0,2,823.5,411.75000762939453
"42-1361909",Orc,0,37,11852.6,320.3405421263463
"07-9992281",Northman,0,50,11805.619,236.11239948272706
"15-6806242",Human,0,77,112310.13,1458.5732359948097
"63-7532835",Northman,1,15,53476.387,3565.0919596354165
"46-1839639",Demon,0,58,12573.22,216.77965384105156
"60-7698626",Northman,0,6,2335.7502,389.29166825612384
"08-1271151",Human,0,105,78899.05,751.419233921596
"10-2012116",Elf,0,23,2829.84,123.03652091648267
"04-9568148",Elf,0,29,10674.131,368.0734442349138
"61-7980303",Human,1,1,1628.29,1628.2900390625
"82-0195987",Human,0,1,112.3,112.30000305175781
"15-5750613",Orc,1,49,21061.81,429.8328578326167
"80-1837732",Human,0,94,43721.38,465.12095477860026
"16-0611101",Human,0,56,28055.244,500.98642356055126
"80-2273311",Hobbit,0,64,23561.512,368.1485937424004
"13-6247513",Elf,1,18,5615.5503,311.97499593098956
"76-1922858",Orc,0,12,15683.981,1306.9983304341633
"78-6610331",Human,0,307,77185.41,251.41824134863938
"37-9338866",Demon,0,19,13726.281,722.4357845908717
"57-4002949",Orc,0,219,433800.25,1980.8238865752198
"72-6145839",Human,0,333,50933.832,152.95441369108252
"79-9448804",Hobbit,0,150,75623.45,504.15639545758563
"08-3012188",Human,0,61,39462.785,646.9309843915407
"23-4118810",Human,0,6,6954.86,1159.143325169881
"63-0865764",Hobbit,0,7,45741.812,6534.544261387417
"03-3972201",Human,0,38,3017.0103,79.39499983662053
"55-7609643",Hobbit,0,39,12809.21,328.44128159376294
"58-3832979",Human,0,41,15517.29,378.4704895314829
"45-4152082",Angel,0,3,3338.93,1112.9766845703125
"78-3923269",Northman,0,60,103514.16,1725.235986630122
"05-4558190",Human,0,34,7093.3394,208.6276425193338
"25-2404573",Human,0,12,2646.44,220.53666456540427
"33-3440140",Northman,0,11,4918.55,447.14091829820114
"64-0101683",Elf,0,20,2082.69,104.1344979763031
"89-0868974",Northman,0,90,32528.5,361.4277768982781
"46-1154993",Human,0,47,13241.502,281.73404182271753
"71-6550795",Human,0,8,2732.6301,341.5787546634674
"71-8515937",Elf,0,50,11429.959,228.59919979207217
"11-4460403",Hobbit,1,6,2545.1099,424.1850061416626
"09-3717941",Demon,0,70,103949.73,1484.9958625793456
"19-5832601",Hobbit,0,51,20802.033,407.8829378814382
"60-0571722",Hobbit,0,1,112.3,112.30000305175781
"36-6452436",Human,1,9,18690.398,2076.711110432943
"72-9937940",Angel,0,18,5824.4004,323.5777748955621
"83-8310646",Hobbit,1,72,24563.568,341.1605563958486
"64-0433724",Hobbit,1,104,110124.56,1058.8902942400712
"04-1436193",Human,1,40,19234.701,480.8675028324127
"46-0352396",Human,0,2,41.32,20.65999937057495
"02-0283310",Northman,0,10,7164.48,716.4479891777039
"49-8754124",Human,0,38,4147.3813,109.14157870568727
"05-8229694",Northman,0,19,3171.6,166.9263162110981
"39-8372791",Human,0,38,25493.328,670.877106467605
"26-5827891",Human,0,21,2642.68,125.84190501485553
"44-0754062",Northman,0,352,35973.37,102.19713029434735
"25-3130619",Human,1,23,10144.05,441.0456508138905
"74-4590998",Elf,0,30,10817.822,360.59399744669594
"93-7307143",Northman,0,67,605257.3,9033.692089265853
"20-6302541",Human,0,157,60080.46,382.67821115597036
"30-0946712",Human,0,70,18864.64,269.4948563167027
"73-0005437",Human,0,10,1897.7999,189.77999362945556
"31-7406458",Northman,0,37,7039.45,190.25540563222523
"29-3532369",Hobbit,0,360,342240.12,950.6664994398753
"40-4028372",Human,0,56,18153.014,324.16089445385813
"40-6893383",Orc,1,3,531.54,177.18000094095865
"64-5112221",Orc,0,55,15520.87,282.19763962138785
"23-9189296",Orc,0,48,13794.41,287.38353994488716
"53-8909305",Human,0,43,16308.851,379.2755826573039
"83-3301265",Human,0,165,127318.02,771.6245497379339
"63-0808315",Elf,0,6,26501.82,4416.970041910808
"16-0965546",Human,1,54,89177.79,1651.4405428568523
"29-3930598",Hobbit,0,54,11821.752,218.92129429181418
"63-4045545",Hobbit,0,122,120263.055,985.7628640131873
"30-2023372",Elf,0,11,51521.297,4683.754526918585
"20-5141455",Elf,0,19,4409.42,232.0747356414795
"28-6778966",Orc,0,17,24630.22,1448.836476943072
"95-5771568",Hobbit,0,6,860.92993,143.48833084106445
"71-4592882",Orc,0,28,68484.75,2445.8835825238907
"02-8791262",Orc,0,9,8571.91,952.4344380696615
"17-2214630",Human,1,97,51250.59,528.3564962210114
"25-2772144",Hobbit,0,1,7.49,7.489999771118164
"82-5699124",Orc,0,30,12535.921,417.86399772167204
"25-5625843",Human,0,37,9948.662,268.8827003530554
"18-1276699",Human,0,27,4363.02,161.59333339443913
"38-1936533",Northman,1,61,42155.414,691.0722894981259
"96-7824784",Hobbit,1,91,47282.027,519.5827485951748
"58-6991103",Hobbit,0,214,112290.4,524.7215400856232
"26-1974595",Elf,0,14,42784.71,3056.050748552595
"07-4660789",Human,0,23,3918.37,170.36391283118206
"48-0511450",Orc,0,19,11917.56,627.2399998213116
"69-9318527",Demon,1,45,20467.662,454.836886299981
"11-8149905",Northman,0,62,55903.094,901.6627404766698
"43-4815597",Elf,0,9,40276.758,4475.195583767361
"13-2359225",Northman,0,39,10986.281,281.6994898869441
"80-2264444",Human,1,270,212725.92,787.874217888161
"41-5799574",Elf,1,4,1572.1399,393.0350036621094
"65-7125547",Human,0,13,1730.1498,133.08846125235925
"36-2657631",Northman,0,151,88087.734,583.3623173063164
"91-5220803",Human,0,15,4045.6406,269.7093329270681
"09-7210616",Northman,0,76,18575.951,244.42039461198607
"59-4775668",Human,1,84,10513.043,125.15523814303535
"66-7381900",Human,0,47,11804.921,251.1685102949751
"21-6492233",Human,0,21,4379.5503,208.54999887375604
"28-8752069",Northman,0,72,88682.65,1231.7032045788235
"77-7423620",Orc,0,25,7362.8506,294.51399861335756
"43-7295371",Orc,1,99,104922.04,1059.8184803086099
"73-8053563",Hobbit,0,27,10916.851,404.32777697951707
"22-8568487",Demon,0,164,47584.965,290.15219550888713
"92-5775996",Orc,0,65,102848.414,1582.2833755493164
"91-4608039",Human,0,120,40628.555,338.57124687830606
"32-3089012",Orc,0,54,4802.4517,88.93425870824743
"94-1653123",Human,1,52,255648.06,4916.309779827411
"13-0383924",Hobbit,0,105,15914.212,151.56390315464566
"31-2084653",Human,1,119,104128.85,875.0321838975955
"20-5605922",Demon,0,44,18321.191,416.39068547162145
"01-8688584",Human,0,19,3357.63,176.71736821375396
"19-5261083",Northman,0,2,74.86,37.43000030517578
"66-1318359",Northman,0,12,2391.9001,199.325000445048
"44-7744335",Demon,0,139,418020.16,3007.340928057115
"78-1888060",Hobbit,0,77,75653.71,982.5155861842168
"76-6127031",Elf,0,9,21533.393,2392.5988948610093
"55-2983747",Northman,0,69,12997.711,188.37260600449383
"21-3135132",Northman,0,4,180.3,45.07499957084656
"77-1044898",Northman,0,91,26423.928,290.3727477775825
"80-2931287",Demon,0,117,316782.9,2707.546754308236
"80-3853872",Human,0,16,6453.2695,403.32937812805176
"34-8419427",Northman,0,47,46127.984,981.4463912679794
"36-9248291",Hobbit,1,141,28156.445,199.69106216802663
"65-1034046",Demon,1,44,8407.24,191.07363437878138
"72-7146622",Hobbit,1,5,30604.35,6120.8699005126955
"93-2450019",Demon,0,35,32499.887,928.5679993493217
"26-8722130",Angel,0,363,397898.4,1096.1390043185106
"92-3855051",Angel,0,49,8312.619,169.64530388189823
"84-8701901",Orc,0,35,55852.195,1595.776851109096
"28-1564004",Human,0,107,48394.34,452.2834533776078
"66-4350074",Human,0,194,112437.71,579.5759800025022
"69-7624717",Orc,0,112,46708.035,417.0359812357596
"37-3052125",Northman,0,22,5762.4097,261.9277314706282
"01-2937041",Human,0,79,24938.943,315.68278169028366
"08-8999243",Human,0,2,2253.41,1126.7049865722656
"74-7589781",Demon,1,12,1227.76,102.31333273649216
"01-6693422",Hobbit,1,32,6984.7993,218.2749993801117
"32-7944505",Hobbit,0,125,51833.48,414.6679165859222
"21-7974056",Human,0,85,54839.26,645.1676677142873
"89-5382380",Northman,0,46,26636.219,579.0482504634673
"27-0106841",Hobbit,0,41,12497.87,304.8260971569433
"37-2517888",Human,0,100,92363.5,923.6348956394196
"33-6791273",Northman,0,2,411.77997,205.8899917602539
"00-0055274",Human,0,298,862139.44,2893.087002003753
"46-9732990",Elf,0,66,19983.684,302.7830291372357
"94-5052710",Human,0,36,30375.893,843.7747364309099
"73-2723086",Hobbit,0,125,39923.043,319.38423754501343
"00-4521988",Orc,0,66,22594.63,342.34287787928724
"13-3136738",Hobbit,0,3,306.94,102.31333223978679
"27-4411367",Orc,0,12,24522.777,2043.5649774074554
"73-1982640",Hobbit,1,67,19737.271,294.586118740822
"11-4144524",Angel,0,1,74.86,74.86000061035156
"37-9835402",Orc,0,25,4089.7502,163.58999984741212
"43-9214923",Demon,0,34,23514.752,691.6102979884428
"25-5154603",Elf,0,30,7130.7896,237.69300263722738
"79-2817590",Human,0,4,928.31995,232.07999801635742
"35-2768611",Hobbit,0,1,41.18,41.18000030517578
"64-0385512",Elf,0,21,3848.0103,183.23856981595358
"69-0157856",Angel,0,7,5240.4805,748.6400146484375
"26-2888644",Elf,0,71,3572.5293,50.31732335224957
"01-5212721",Human,0,76,77066.47,1014.032363690828
"90-7332919",Northman,0,60,14763.208,246.05333391825357
"83-1204855",Angel,0,103,7488.132,72.70029040134864
"75-1924992",Elf,0,25,9078.01,363.1204013824463
"51-5739249",Human,1,29,14927.878,514.7544734560211
"84-3954785",Northman,0,65,27529.365,423.5286153793335
"56-9691078",Orc,0,176,125776.64,714.6401123269038
"51-1347959",Angel,1,69,27637.53,400.54376821932584
"38-3498544",Elf,0,106,12296.218,116.0020748354354
"68-0608901",Northman,0,108,21714.242,201.05777754386267
"01-6720875",Northman,0,81,74356.29,917.9790073324133
"44-4943337",Orc,0,24,26677.748,1111.572910308838
"20-1446416",Human,0,37,3740.19,101.08621493545738
"80-4002348",Hobbit,0,38,60010.445,1579.22184783534
"49-8166229",Orc,1,50,12182.269,243.64540176391603
"31-9465371",Human,0,33,8414.72,254.99151489951393
"98-9418900",Human,0,44,9752.161,221.64000123197383
"97-6524874",Elf,0,11,4818.35,438.031813101335
"37-0217819",Northman,0,28,42844.594,1530.1639526912145
"60-8529446",Northman,0,5,606.4,121.27999916076661
"89-9907794",Hobbit,0,112,13380.432,119.46812600536006
"86-9706501",Demon,0,164,115916.44,706.8074335581737
"29-7330889",Human,0,22,3889.92,176.81454571810636
"01-5560541",Elf,1,40,74056.15,1851.403271961212
"29-4338911",Hobbit,0,106,65853.7,621.2614123956213
"21-3368378",Elf,0,24,12659.478,527.4783271153768
"75-5653354",Demon,1,68,30356.508,446.4191180958467
"81-7107850",Elf,0,24,37169.92,1548.7466646830242
"83-7080182",Human,0,55,92471.8,1681.3058260830967
"30-1162393",Elf,0,5,1284.21,256.842001914978
"92-4741969",Elf,0,28,69266.27,2473.7953611101425
"93-3068136",Northman,0,9,7419.0005,824.3333197699653
"21-0204350",Angel,0,3,541.27,180.4233341217041
"73-4046831",Hobbit,0,8,4595.52,574.4399924278259
"09-3436324",Elf,0,40,8954.071,223.85174690783023
"57-4404090",Demon,0,63,104426.43,1657.5623630947537
"50-1052459",Demon,0,50,64909.71,1298.194189567566
"30-4473665",Northman,0,1,336.89,336.8900146484375
"55-4265643",Human,0,50,54060.586,1081.2115938186646
"08-9057978",Orc,0,12,73129.28,6094.106750488281
"85-1291307",Northman,0,58,12436.4,214.42068900322093
"28-2323958",Orc,0,52,10757.93,206.88326886984018
"67-5974075",Hobbit,0,6,8357.061,1392.8433227539062
"98-5307868",Hobbit,0,27,16617.281,615.4548143104271
"33-0372536",Northman,1,39,13043.131,334.4392279111422
"90-0182110",Human,0,57,33018.62,579.2740397202341
"33-0880425",Human,0,3,6400.86,2133.6199951171875
"68-1269014",Northman,0,51,31589.523,619.4023457695456
"49-2587065",Human,0,1,321.91,321.9100036621094
"34-1648206",Elf,0,105,107585.41,1024.6227664402552
"60-9937434",Orc,0,7,3256.5798,465.2257137298584
"44-4373950",Elf,1,10,13131.12,1313.1119918823242
"01-4857076",Hobbit,0,65,22848.062,351.50861195050754
"88-4140185",Northman,0,21,4978.5903,237.0757164728074
"58-3060520",Hobbit,0,45,6292.94,139.84310867786408
"70-4876253",Demon,0,115,32711.783,284.4501739336097
"79-0963196",Demon,1,255,29969.598,117.52780440545403
"92-9719761",Human,0,8,3787.3599,473.41999554634094
"10-1608446",Human,0,24,2720.1504,113.33958293994267
"98-0759640",Human,1,28,11080.611,395.7360717994826
"85-5795555",Hobbit,0,56,5940.7896,106.08553525592599
"39-4384724",Northman,0,64,51733.605,808.3376363143325
"40-4564779",Orc,1,29,7273.0293,250.79413612135525
"23-9809250",Angel,0,80,154179.25,1927.2413863688707
"29-1761247",Human,0,66,46628.902,706.4984888307976
"67-3016817",Orc,0,56,4136.79,73.87125051021576
"64-3174752",Human,0,25,1966.6096,78.66439933776856
"99-5049026",Northman,0,38,10417.31,274.1397354728297
"74-5410438",Hobbit,0,3,823.49,274.4966684977214
"74-4574448",Elf,0,41,13619.58,332.18487874473016
"85-1848769",Angel,0,1,23.36,23.360000610351562
"89-9617897",Human,0,24,7842.7207,326.78000089526176
"09-2069779",Hobbit,0,19,5861.85,308.518420169228
"28-2913354",Northman,0,85,22855.066,268.88305958448086
"56-9932971",Northman,0,5,823.51,164.70199737548828
"36-9459693",Human,0,7,991.19995,141.59999929155623
"86-2707302",Northman,0,37,9852.081,266.2724323272705
"74-6605587",Angel,1,240,103961.71,433.17387660741804
"78-2308593",Northman,0,79,72278.83,914.9220216274261
"96-6504259",Hobbit,0,1,3743.19,3743.18994140625
"46-3985168",Human,1,25,33816.02,1352.640791015625
"37-3610166",Human,0,1,74.86,74.86000061035156
"21-0826400",Human,0,60,65407.223,1090.120166194439
"15-0972538",Hobbit,1,42,4786.5195,113.96476241520473
"67-0497256",Human,0,40,16667.39,416.68474941253663
"77-8480085",Human,0,244,511078.56,2094.583923467847
"03-2830109",Hobbit,0,9,4759.8496,528.8722163306343
"83-9346732",Elf,0,47,11323.141,240.9178694664164
"09-3348683",Hobbit,0,433,41753.805,96.42909834841933
"28-6808710",Human,0,60,178073.23,2967.887002841632
"85-4177225",Angel,0,13,1703.1399,131.0107688170213
"27-0318261",Angel,0,24,3111.3503,129.63958153128624
"40-0891327",Human,0,39,17110.123,438.72102311941296
"85-0274905",Hobbit,0,9,3855.4702,428.38555823432074
"22-8839562",Hobbit,0,15,876.6499,58.443332799275716
"59-8963506",Human,1,9,6898.709,766.5233035617405
"67-4477143",Elf,0,30,10472.229,349.0743360064924
"23-7908752",Orc,0,47,49021.82,1043.0172320832598
"74-8229160",Northman,0,27,10363.409,383.83000445365906
"40-3662356",Northman,0,56,23149.2,413.3785736220224
"30-4383803",Human,0,22,14486.17,658.4622664018111
"80-1807744",Hobbit,0,24,16246.2295,676.9262429873148
"96-4117008",Human,0,5,6168.71,1233.741995239258
"14-4863836",Angel,0,73,115880.38,1587.4027277802768
"56-9555495",Orc,0,46,9320.71,202.62412807993266
"21-8476516",Orc,0,20,19307.941,965.3970002651215
"13-3462578",Hobbit,0,456,1610295.2,3531.347794459577
"09-0461230",Orc,0,23,3381.03,147.00130180690599
"63-0447400",Demon,0,1,8.98,8.979999542236328
"76-6715590",Northman,1,31,30545.992,985.3545217206402
"71-0684812",Demon,0,28,66675.164,2381.255720955985
"03-8302577",Elf,0,13,16825.885,1294.2984534777129
"27-1497044",Human,0,52,18227.045,350.5199994490697
"73-8286005",Elf,0,171,325343.84,1902.5948023670599
"41-8494968",Demon,0,26,5387.1807,207.19923159709344
"63-7573792",Human,0,13,26876.938,2067.456896878779
"47-6068683",Orc,0,53,75466.13,1423.8892183123894
"88-0978661",Hobbit,0,10,1756.24,175.62400169372557
"95-8524888",Demon,1,1,74.86,74.86000061035156
"92-6018464",Angel,1,23,13319.54,579.1104382224705
"89-3512363",Hobbit,1,35,2530.4102,72.297428553445
"12-7135490",Human,0,2,1197.8201,598.9100036621094
"36-9269918",Human,0,80,31615.88,395.1985010653734
"11-8627402",Hobbit,0,1,5.45,5.449999809265137
"76-9153973",Human,0,91,20844.76,229.06329508535154
"89-3118550",Northman,1,69,32138.635,465.77724756710774
"49-3838628",Human,0,7,4574.18,653.4542827606201
"21-0880515",Northman,0,147,34469.41,234.48578232324041
"57-8896802",Hobbit,0,78,64353.016,825.0384600590437
"79-9226110",Human,1,26,3868.2007,148.77692154279123
"78-7501899",Angel,0,152,54984.39,361.7393412009666
"57-0039815",Orc,0,34,4509.81,132.64146901579466
"04-8702203",Hobbit,0,58,22474.121,387.4848258577544
"20-1983944",Northman,0,5,2395.64,479.1279891967773
"38-4010991",Human,0,119,31408.803,263.9394970955875
"36-7183159",Elf,1,16,34407.37,2150.460629463196
"47-5935386",Northman,0,99,11895.144,120.15293017782346
"28-5614028",Human,0,105,305250.88,2907.1526846386137
"02-4662188",Elf,0,3,845.95996,281.9866689046224
"08-5879615",Human,0,22,2230.01,101.36409031261097
"51-5365417",Northman,0,24,8044.189,335.1745877539118
"41-3557239",Hobbit,0,3,118.28,39.426666259765625
"95-0085060",Human,1,86,107028.69,1244.519539808118
"67-1547065",Northman,0,35,18369.316,524.8377104895455
"36-7889218",Demon,0,33,49073.26,1487.0681797952363
"56-3206272",Hobbit,0,64,83843.766,1310.0589045621455
"42-1830410",Elf,0,115,85647.484,744.7604302126429
"84-0984586",Hobbit,0,181,118606.73,655.2859142043973
"04-0170050",Elf,0,9,293.46,32.60666667090522
"96-3372607",Hobbit,0,46,14980.264,325.6578246821528
"62-2253511",Demon,1,21,16845.87,802.1842693147205
"91-1457439",Human,0,876,81375.7,92.89469164814035
"19-1017600",Northman,1,52,15362.0205,295.4234601901128
"29-5417703",Angel,0,2,748.64,374.3199920654297
"79-8977161",Human,1,107,26379.234,246.53495061731783
"26-6172691",Elf,0,2,374.32,187.15999603271484
"80-7699869",Orc,0,182,29520.893,162.20269216285956
"52-9175009",Human,0,29,6475.6997,223.29999773486935
"30-6663744",Human,0,41,11648.859,284.1185358559213
"49-0510475",Northman,0,16,3895.18,243.4487488269806
"14-2452409",Northman,0,44,13063.76,296.9036365855824
"18-8881518",Elf,0,28,6227.9004,222.42500168936593
"30-8716703",Human,0,329,81024.43,246.2749536283835
"51-8268205",Orc,1,511,205696.53,402.53739466819616
"51-3196434",Human,0,44,25104.5,570.5568213950504
"56-2614133",Northman,0,1,3451.22,3451.219970703125
"01-4810979",Human,0,25,4241.6094,169.664398727417
"09-6854070",Orc,0,3,188.20999,62.73666572570801
"25-4715852",Elf,0,18,12199.07,677.7261137564977
"66-4621618",Orc,1,159,10748.011,67.59754690488086
"63-4595319",Northman,0,19,9474.09,498.6363186083342
"19-6153054",Hobbit,0,3,4114.6,1371.5333541234334
"70-9008002",Northman,0,26,5161.849,198.53269283588116
"50-7816548",Orc,0,26,12208.74,469.5669246178407
"96-2215857",Demon,0,3,658.81,219.60332997639975
"36-8641166",Hobbit,1,18,1415.0,78.61110993598898
"90-1253525",Orc,0,4,4866.15,1216.5374870300293
"97-6945027",Human,0,1,14.97,14.970000267028809
"41-6049402",Northman,1,64,23016.422,359.6315653771162
"42-6471326",Human,1,43,134539.33,3128.821398712868
"27-6643490",Hobbit,1,46,8764.381,190.5299990436305
"50-9942713",Angel,0,17,759.82996,44.69588251674877
"71-4989588",Orc,1,65,28822.895,443.4290718958928
"01-7042966",Hobbit,0,11,5012.3003,455.6636387489059
"85-6835324",Northman,0,17,3069.4497,180.5558785831227
"95-5895976",Human,1,1,74.86,74.86000061035156
"64-9660161",Human,0,27,8422.91,311.9596314430237
"58-2640244",Human,0,24,36533.324,1522.2216835021973
"26-9819552",Demon,0,96,346702.0,3611.4797085126243
"71-2149360",Hobbit,0,1,3743.19,3743.18994140625
"95-8270333",Human,1,19,24968.24,1314.1178673192073
"86-9275140",Angel,0,11,2440.5498,221.86818252910268
"79-7743630",Human,1,34,7565.2397,222.5070619968807
"06-4654670",Human,1,1,74.86,74.86000061035156
"08-4965673",Northman,1,18,7037.199,390.95555538601343
"76-1185853",Human,0,19,10930.102,575.2684234819914
"74-9585994",Hobbit,0,10,2113.69,211.3689973115921
"46-6910662",Hobbit,0,9,2096.18,232.9088863796658
"91-8186689",Human,1,9,4540.5103,504.5011065006256
"11-0364894",Human,1,2,1502.52,751.2600145339966
"77-1753232",Hobbit,1,53,69198.89,1305.6396145910587
"78-1982808",Northman,0,21,4259.7603,202.84571075439453
"06-7503260",Hobbit,0,4,1137.94,284.48500537872314
"61-5375896",Angel,0,26,10049.86,386.5330753509815
"30-9069641",Hobbit,0,17,6176.289,363.31117293413945
"33-8245125",Human,1,114,106901.48,937.731839079606
"16-8976598",Northman,1,112,109371.78,976.5336594326155
"87-5015530",Elf,0,3,71.119995,23.706666390101116
"17-5156117",Hobbit,0,12,34594.6,2882.8833249409995
"12-5792398",Northman,0,107,23864.256,223.03037141639496
"22-5471149",Hobbit,0,255,99550.516,390.3943911603853
"80-5801191",Orc,0,14,4226.2104,301.8721449034555
"05-3955795",Northman,0,54,7833.5,145.06481400242558
"64-7498276",Human,0,2,22.65,11.324999541044235
"85-2160616",Hobbit,0,25,6997.3794,279.89520011901857
"49-0409137",Human,0,55,11502.803,209.14181821996516
"05-6984388",Orc,0,2,204.97,102.4849967956543
"18-7114933",Northman,1,47,21249.438,452.11574538210607
"34-3966715",Elf,1,43,16529.883,384.4158154864644
"90-2801561",Hobbit,0,452,140454.78,310.74079442663793
"87-8550087",Orc,0,1,2994.55,2994.550048828125
"04-8572021",Elf,0,33,59977.203,1817.490913217718
"34-1590276",Elf,0,12,33927.44,2827.2866439819336
"47-9309819",Hobbit,0,88,31719.16,360.44499828869647
"74-0142952",Human,0,7,7980.4897,1140.0700160435267
"85-7730572",Angel,0,78,13800.434,176.92858774234088
"30-6083871",Northman,0,5,9035.14,1807.0280044555664
"57-4516704",Elf,0,41,40049.992,976.8290201919834
"03-7422481",Orc,0,46,7871.731,171.12456756728986
"90-0889923",Human,1,4,2130.19,532.5475006103516
"14-7746128",Human,0,6,2538.26,423.0433160973092
"75-6036684",Hobbit,0,85,63235.227,743.9436566184548
"93-4104596",Human,0,22,24084.432,1094.7468032836914
"05-8555145",Hobbit,0,19,2534.15,133.3763158697831
"32-2903036",Orc,0,48,4385.4497,91.36354258252929
"33-2788786",Human,0,24,13475.489,561.4787476857504
"97-4853664",Northman,0,141,70539.15,500.2777988923357
"55-0398889",Elf,0,11,3488.67,317.1518112529408
"54-5825038",Human,0,37,16548.1,447.24594734810495
"86-8812601",Orc,0,64,48580.598,759.0717204809189
"48-4560905",Human,0,34,7933.3193,233.33293897965376
"76-2120623",Orc,0,39,23514.23,602.9289656908085
"52-3199380",Angel,0,32,8169.3096,255.29093623161316
"51-9509860",Human,0,27,10690.539,395.9459282203957
"22-2490824",Elf,0,76,19453.57,255.9680244452075
"69-6669686",Northman,1,22,3034.7002,137.9409094507044
"72-8166526",Elf,0,58,12399.004,213.77586109062722
"25-8386965",Human,0,9,1317.6199,146.40221998426648
"72-5866282",Human,0,13,2772.16,213.24307595766507
"54-7384066",Orc,0,75,912999.06,12173.323594233196
"44-0708557",Hobbit,0,199,77397.36,388.931457674084
"33-2611851",Northman,0,29,7696.0,265.379310081745
"40-3276833",Human,0,38,3384.4497,89.06447395525481
"15-3267902",Northman,0,113,153679.53,1359.9966292001504
"52-3188602",Orc,0,7,4309.1597,615.5942775181362
"27-0341859",Orc,1,39,48663.797,1247.7894729223008
"13-1832337",Northman,0,49,30672.652,625.9724516479337
"87-3931814",Northman,0,11,4009.5898,364.50817463614726
"11-4533891",Orc,1,14,8433.43,602.3878579820905
"00-7507889",Northman,0,11,3180.1301,289.1027304909446
"49-3753595",Demon,0,11,8684.189,789.4718211780895
"66-4451787",Human,1,23,5566.1104,242.004778654679
"64-3031574",Northman,0,56,44665.836,797.6041072905064
"51-0441330",Hobbit,0,11,1198.5499,108.95908930084921
"32-0417867",Angel,0,74,113875.805,1538.8624402123528
"68-0427626",Northman,1,60,31615.566,526.925999756654
"12-2110659",Orc,0,15,8515.749,567.7166595458984
"24-3619358",Hobbit,0,4,464.15,116.03749823570251
"22-2689153",Northman,1,11,27448.82,2495.3472955877132
"48-9709776",Orc,0,109,48102.08,441.30348033560523
"45-8044908",Northman,0,141,36613.645,259.67120611244906
"38-2388723",Human,0,29,26763.855,922.8913779423154
"34-9006725",Angel,0,4,4267.92,1066.9799880981445
"41-8873486",Hobbit,0,13,12112.9795,931.7676902917715
"99-5675601",Elf,0,44,47991.5,1090.7156724062834
"29-7721509",Orc,0,58,5391.4404,92.95586215781755
"17-3445982",Elf,0,32,4506.54,140.8293730309233
"78-2127621",Human,0,13,1650.74,126.9799988086407
"60-5674924",Orc,0,25,5622.2896,224.89159553527833
"07-6732585",Orc,0,18,4491.83,249.54610782199435
"75-5299649",Angel,0,53,192307.6,3628.4452647083212
"60-1568341",Northman,0,4,1182.85,295.7124903202057
"99-0040939",Orc,0,138,31008.836,224.70166477258655
"86-5775893",Angel,0,1,449.18,449.17999267578125
"42-4762801",Orc,0,169,135803.72,803.5723691692014
"99-9149117",Elf,0,4,1801.04,450.25998997688293
"83-1934485",Northman,1,18,19897.732,1105.4294442070855
"50-3780906",Orc,0,54,12840.363,237.7844450738695
"94-1532603",Northman,1,39,92322.07,2367.2325504498604
"19-2321607",Orc,0,22,2041.9198,92.81454486196691
"01-4335725",Orc,0,135,123815.11,917.1489547888438
"71-2347457",Northman,0,31,7816.48,252.14451125360304
"65-8481591",Elf,0,229,51359.453,224.27707262457588
"12-9813727",Orc,0,60,23103.97,385.0661683790386
"65-3419165",Angel,0,3,3856.24,1285.413330078125
"02-6313385",Elf,1,23,8478.78,368.6426067352295
"99-9278521",Human,1,47,350573.84,7459.017931349734
"18-0748909",Human,1,9,5091.63,565.7366820441353
"26-7657347",Northman,0,14,7215.1797,515.3700001495225
"22-0224587",Elf,0,78,29473.996,377.8716644262656
"29-0922519",Hobbit,0,87,170097.81,1955.1477015593957
"40-0124476",Hobbit,1,9,3069.44,341.04888333214654
"92-6985927",Orc,0,4,872.14996,218.0374984741211
"25-5465666",Northman,0,13,1291.3999,99.3384609405811
"96-5187709",Orc,0,17,7428.9805,436.99882821475757
"70-3772650",Angel,0,107,56383.746,526.9508419125993
"86-7775590",Hobbit,0,23,32303.777,1404.5121639085853
"81-3455425",Hobbit,0,24,2880.05,120.0020833130305
"26-5925878",Human,0,143,94532.19,661.0643357661116
"80-7076279",Human,1,49,31670.408,646.3349030553078
"65-7752988",Orc,1,73,214461.7,2937.8322229516016
"13-3144862",Hobbit,0,20,4248.52,212.4259971141815
"23-3757570",Hobbit,0,44,15933.189,362.1179533004761
"92-3232499",Angel,0,184,6158.6377,33.47081503790358
"58-4758249",Northman,1,17,3106.8499,182.755885404699
"27-6415413",Northman,0,5,5292.87,1058.5739730834962
"41-0144572",Human,0,18,2390.84,132.82444212171765
"33-2283421",Human,0,27,18886.297,699.4925884670681
"64-6151680",Elf,0,19,5220.6904,274.7731561158833
"78-7059430",Human,0,110,30254.404,275.03999970609493
"28-8589030",Northman,0,48,32322.521,673.3856201171875
"32-2328069",Northman,0,64,71173.93,1112.092656455934
"14-9757466",Orc,0,8,916.9,114.61249828338623
"66-4282512",Orc,1,46,9372.191,203.74325926925826
"00-6172539",Elf,0,28,15111.42,539.6935752034187
"90-9956520",Human,0,1,37.43,37.43000030517578
"67-9746372",Hobbit,0,4,20962.64,5240.6600341796875
"07-2727940",Hobbit,1,16,20969.408,1310.5881448984146
"69-6238602",Elf,0,29,13678.771,471.68172504161964
"53-7671936",Northman,0,23,12900.55,560.8934768179189
"27-0166997",Human,0,118,15415.388,130.63881255206414
"28-9723476",Human,0,22,3125.5498,142.07045338370582
"61-9494868",Orc,0,26,7644.959,294.03692098305777
"17-2611490",Elf,0,3,6288.5703,2096.1900329589844
"92-3801731",Hobbit,0,204,267115.56,1309.3897057561314
"05-6422195",Northman,0,32,3780.59,118.14343563839793
"05-9347190",Hobbit,0,7,14224.129,2032.018548148019
"36-6239020",Demon,0,5,359.35,71.86999816894532
"36-1059260",Orc,0,47,7220.598,153.62978744506836
"77-6233691",Human,0,24,3398.84,141.61833159128824
"68-7126581",Northman,0,26,14813.931,569.7665385833153
"26-0814059",Demon,0,3,1124.6699,374.8900073369344
"70-1108108",Angel,0,2,3892.92,1946.4600219726562
"43-8538425",Demon,0,8,1778.32,222.2899968624115
"39-2646948",Hobbit,0,25,9081.73,363.2692054843903
"47-0189816",Hobbit,0,18,5611.629,311.7572161356608
"70-5634241",Human,0,211,113518.55,538.0027007118786
"34-3924423",Human,0,48,8606.57,179.30354437550218
"03-2388234",Elf,1,13,12889.299,991.4846192873441
"50-0669362",Hobbit,0,20,4740.9497,237.04750061035156
"16-1209907",Orc,1,123,215260.06,1750.0819458379979
"16-4406094",Hobbit,0,3,209.62,69.87333234151204
"64-0905726",Hobbit,0,15,311.45,20.76333325703939
"41-1360187",Human,0,42,23762.332,565.7697650364468
"72-1478295",Human,0,158,244589.12,1548.032920306242
"99-3644465",Human,0,22,4530.5005,205.93181735819036
"28-1191807",Orc,0,300,106860.24,356.20083367506663
"49-7000927",Human,0,50,25663.37,513.2672005969285
"25-8532080",Elf,0,21,7935.5894,377.88524373372394
"97-0214961",Human,0,3,536.06,178.68666076660156
"37-1217826",Human,0,1,4491.83,4491.830078125
"76-6022889",Hobbit,0,16,2399.39,149.96187461912632
"46-5634034",Northman,1,29,8886.338,306.4255166547052
"45-6718426",Elf,0,27,85086.26,3151.3425821374963
"48-0087229",Hobbit,0,46,7007.9907,152.34760789249253
"94-1237794",Human,0,416,811174.56,1949.9400009535825
"37-9375378",Angel,0,47,6104.061,129.87361721789583
"22-1897418",Human,0,20,6939.9097,346.9955015182495
"90-5008690",Angel,0,5,3332.4402,666.4880065917969
"99-4718658",Elf,0,211,176905.53,838.4152071998935
"82-4351297",Hobbit,0,16,2957.9602,184.87249853136018
"88-9682964",Northman,1,2,193.36,96.67999839782715
"12-2279431",Northman,0,43,102697.805,2388.321170407672
"17-7252397",Hobbit,0,8,16648.49,2081.061259150505
"70-1762850",Human,0,139,29807.766,214.44431527154586
"03-5401704",Orc,0,24,8207.34,341.9724969963233
"12-9876271",Orc,0,79,36944.438,467.65100896518817
"34-7618096",Human,0,85,4666.0005,54.89411770035239
"57-7560346",Elf,1,17,2332.0,137.17647120531868
"13-9535604",Hobbit,0,69,152650.45,2212.325074569039
"27-0198690",Human,1,39,7097.1104,181.97717688633844
"00-6790860",Human,0,21,19786.611,942.2195243835449
"12-0163589",Human,0,25,10232.3,409.29200172424316
"17-1128492",Northman,0,96,71028.88,739.8841591204206
"27-2153464",Human,0,145,830630.1,5728.483668518066
"23-5680794",Elf,0,19,4304.651,226.56052639609888
"11-3002819",Demon,0,12,3080.79,256.7325019836426
"47-1052449",Elf,1,990,415711.16,419.90973715426946
"18-4506921",Orc,0,466,351986.28,755.3359404298369
"39-7306292",Elf,0,4,860.93005,215.23250007629395
"24-2530480",Human,0,1,389.29,389.2900085449219
"45-9346256",Human,0,9,5150.6396,572.2933281792534
"10-8533464",Orc,0,3,703.72,234.57333628336588
"66-7808166",Northman,0,21,2919.6406,139.03047688802084
"43-7725319",Hobbit,1,38,20636.24,543.0589401847437
"85-7260369",Orc,1,9,3095.7002,343.9666639963786
"51-0665182",Demon,0,106,26078.477,246.02330160365915
"95-7490803",Hobbit,1,52,159612.1,3069.4634295485625
"87-3430477",Northman,1,18,5903.5293,327.9738834169176
"21-7354460",Elf,0,16,14232.379,889.5237455368042
"68-0229223",Elf,0,23,13939.651,606.0717441724694
"47-6562015",Orc,0,3,464.16,154.7199961344401
"92-2547306",Hobbit,1,69,14481.4,209.87536072731018
"23-5461207",Northman,0,129,17818.13,138.12496006026748
"20-7935540",Elf,0,59,19195.412,325.34592853158205
"87-7056375",Hobbit,0,68,47896.97,704.3672019874348
"98-8464495",Demon,1,23,21545.82,936.7747877369757
"79-9367495",Northman,0,23,3418.8794,148.6469554071841
"54-7052630",Human,0,97,131253.84,1353.1322484163893
"07-4322941",Human,0,22,966.1199,43.914545286785476
"65-7222914",Hobbit,0,49,37941.023,774.3065128326416
"69-5766589",Orc,0,6,1303.9801,217.33000564575195
"67-9015389",Orc,0,27,7335.9097,271.70037184821234
"04-2743367",Human,1,62,162652.95,2623.4354860859535
"82-2058238",Elf,0,5,2436.8098,487.36198315620425
"62-7963949",Elf,1,9,21373.64,2374.848837958442
"92-5424745",Northman,1,17,18461.451,1085.9676591087791
"70-0709330",Orc,0,18,11386.82,632.6010945638021
"28-4040221",Hobbit,0,36,8538.2,237.17221943537393
"06-6327671",Orc,1,201,81482.65,405.3861671039714
"19-6385120",Human,0,67,44898.39,670.1250716252114
"74-4685007",Orc,0,124,146445.69,1181.013793920317
"06-7384824",Angel,0,2,74.86,37.43000030517578
"69-0815804",Orc,1,17,14448.729,849.9252893784467
"40-1004510",Northman,0,27,49829.406,1845.5333274558739
"58-7545044",Human,0,66,124486.07,1886.1521175557916
"02-1558372",Hobbit,0,11,2725.0598,247.73272653059527
"75-9005365",Hobbit,0,8,233.70999,29.21375024318695
"47-6670205",Hobbit,0,1,374.32,374.32000732421875
"16-4899496",Human,0,3,1370.01,456.6699981689453
"39-8930044",Elf,0,11,1413.36,128.4872693642974
"40-1407371",Hobbit,0,5,2412.79,482.5580078125
"10-1096387",Orc,0,107,15945.114,149.01971893221418
"03-8670660",Elf,0,35,7252.0503,207.20142803192138
"76-4000273",Elf,0,133,37665.965,283.20270675017423
"42-8336499",Northman,0,5,3009.5298,601.9060073852539
"66-2555855",Orc,0,76,3338.8792,43.9326312228253
"55-7904985",Hobbit,0,7,1033.11,147.58714403424943
"78-5173115",Hobbit,1,2,711.21,355.6050109863281
"52-1535671",Hobbit,0,1,12.34,12.34000015258789
"84-9440767",Hobbit,0,10,3357.64,335.7639952659607
"50-5657370",Human,0,108,150503.69,1393.552590864676
"37-2657174",Human,1,92,31429.361,341.62348178158635
"24-3996731",Demon,1,34,7853.23,230.97735012278838
"36-8513436",Elf,0,102,209735.72,2056.2327582602406
"44-4377208",Northman,0,20,10540.841,527.0420006275177
"23-2387099",Northman,0,1,152.09,152.08999633789062
"04-7877401",Human,0,96,74879.17,779.9912510824701
"39-3797963",Hobbit,0,10,62462.527,6246.252990722656
"99-4977273",Human,1,46,12768.781,277.5821703257768
"52-4850986",Northman,0,1,0.75,0.75
"06-0935981",Hobbit,1,47,19068.277,405.70807862789076
"64-8277327",Human,0,19,2530.4297,133.18052271792763
"66-8984033",Human,0,94,34503.863,367.06234035652847
"64-8339125",Human,0,61,56300.04,922.9511527702457
"01-2171203",Human,0,21,8752.7295,416.7966666448684
"78-6536340",Elf,0,28,5592.3594,199.72714178902763
"97-1406089",Hobbit,0,9,5388.8604,598.7622293101417
"78-3089205",Demon,0,19,1957.9598,103.05052481395633
"12-5905896",Human,0,25,17470.23,698.8092010498046
"36-4126636",Northman,1,38,9895.868,260.4176327052869
"79-8752458",Orc,1,48,15414.462,321.13458530108136
"78-8506544",Demon,0,15,3310.0598,220.67066346804302
"44-9398773",Hobbit,1,22,2625.3103,119.33227319067174
"00-6609229",Human,0,70,44768.598,639.5512830461774
"79-6225986",Human,0,43,47123.07,1095.8851187949956
"17-7689735",Demon,0,5,3151.77,630.3540252685547
"46-0616490",Elf,0,7,4893.8403,699.1199956621442
"72-2964102",Human,1,19,438905.22,23100.277704307908
"19-5967843",Elf,0,15,6875.5,458.3666644573212
"07-8808922",Orc,0,106,86797.86,818.8478295870547
"80-8050961",Elf,0,30,27409.57,913.6523348490397
"92-0934173",Human,1,27,13298.909,492.55222200464317
"73-9322544",Orc,0,112,24447.572,218.28187652357988
"35-3889689",Human,0,49,30385.572,620.1136682767954
"45-5618865",Hobbit,0,74,12485.739,168.72621552686434
"65-3739276",Orc,0,145,11984.529,82.65193062157466
"49-0457923",Elf,0,66,16324.062,247.334238652027
"66-2841602",Orc,0,15,2338.75,155.91666660308837
"25-8499371",Human,1,11,7888.001,717.0908917297016
"26-7162762",Orc,0,7,437.95,62.56428585733686
"38-3760974",Human,0,25,33359.36,1334.3743957519532
"70-7710054",Elf,0,20,6142.64,307.13199545480313
"41-9819296",Orc,0,39,5672.8105,145.45666753940094
"52-4553920",Hobbit,0,22,12902.771,586.4895360903306
"24-6437946",Human,1,37,85382.59,2307.6373233279664
"28-3421415",Orc,0,45,16511.893,366.9308850394355
"53-9912842",Orc,1,57,29333.172,514.6170196365891
"01-5595346",Orc,0,109,38853.344,356.4526620140863
"70-0073525",Northman,0,68,12573.691,184.9072068859549
"11-4608411",Northman,0,47,10069.599,214.24680592151398
"15-0139957",Hobbit,0,93,123617.84,1329.2243032660535
"23-0767734",Human,0,28,5682.15,202.93392845562525
"77-2520355",Orc,0,24,2287.0798,95.29500016570091
"62-7032403",Human,0,10,6748.99,674.898998451233
"00-6792940",Human,0,87,34674.24,398.55436969899586
"45-1752235",Northman,0,17,42214.145,2483.1846798167508
"38-2078416",Angel,0,119,19490.854,163.7886544530507
"51-5362598",Orc,0,49,28010.385,571.640410259214
"76-3551883",Elf,0,79,35761.56,452.6778457376021
"52-9916152",Human,0,1,74.86,74.86000061035156
"64-6345232",Human,0,10,1585.3401,158.53399925231935
"85-6241703",Human,0,24,12097.457,504.0608360469341
"96-6985409",Angel,0,11,4533.01,412.0918216705322
"72-2691536",Demon,0,102,37970.453,372.25931385451673
"10-9208462",Elf,0,81,53767.484,663.796049942205
"83-3500214",Angel,1,16,1486.77,92.92312528192997
"91-9040722",Orc,0,4,89.84,22.459999561309814
"54-4084823",Elf,1,166,45564.875,274.4872886966241
"16-7981504",Orc,0,186,63768.05,342.83892393881274
"76-1734339",Hobbit,0,48,17754.29,369.8810401574398
"93-5339748",Hobbit,0,2,16.47,8.234999656677246
"68-6300516",Human,0,19,2181.24,114.8021060165606
"27-0048592",Demon,1,75,94955.84,1266.0778710301718
"42-5519799",Orc,0,86,29925.066,347.96569532571834
"08-9074457",Hobbit,0,51,23116.05,453.255882618474
"95-8811756",Human,0,48,7112.0796,148.16833478212357
"22-6866571",Northman,1,44,5064.551,115.10340842333707
"28-5375161",Angel,0,82,37188.746,453.52133815172243
"75-4750208",Demon,0,11,16823.78,1529.4345370205965
"49-4996476",Orc,0,95,14460.935,152.22031423700483
"76-7751721",Northman,0,23,3007.9998,130.78260724440864
"08-5229185",Elf,0,66,11618.181,176.03302791985598
"09-9647154",Hobbit,0,30,19481.297,649.3766602198283
"46-7880062",Human,0,10,2136.29,213.62900161743164
"04-6370787",Northman,1,46,10510.261,228.4839134423629
"46-9115086",Orc,0,73,49916.95,683.7936957405038
"31-1227100",Human,0,13,18027.219,1386.7092267549956
"49-2093107",Human,0,18,3454.98,191.9433323542277
"45-8644326",Elf,0,61,25622.072,420.0339322324659
"97-6410310",Orc,0,49,69309.33,1414.4761212407327
"71-5806963",Hobbit,0,101,49887.055,493.9311946075742
"47-1549669",Human,0,51,105233.13,2063.3948944877175
"39-0744544",Hobbit,0,25,22107.287,884.2916107177734
"54-4086292",Human,0,71,60720.707,855.2211323388865
"02-9058302",Elf,0,42,12619.791,300.47119013468426
"83-2665389",Human,0,50,21569.63,431.3926004600525
"51-7623717",Human,0,37,3956.8994,106.94324346490808
"02-3241469",Angel,0,92,25815.986,280.6085867052493
"61-0904931",Northman,1,9,1766.7799,196.30888875325522
"83-3616411",Human,0,22,4644.5796,211.11726593835786
"79-6583280",Hobbit,1,30,12009.658,400.3219979604085
"38-8219171",Elf,0,72,31185.438,433.1309710608588
"34-4609884",Northman,0,38,6526.77,171.75710555126793
"95-0839762",Elf,0,12,3990.2502,332.5208390553792
"95-0562879",Northman,0,17,4839.5703,284.6805837294635
"72-7866201",Human,0,75,7409.2407,98.78986725171407
"81-7120507",Orc,1,27,52585.164,1947.5984776814778
"12-2326258",Human,0,85,38059.13,447.75435229452216
"62-1074474",Human,0,22,10713.01,486.9549935947765
"67-7048235",Human,0,225,141015.55,626.735687616931
"13-1171275",Northman,0,100,32606.781,326.0678001403809
"52-6190530",Demon,1,19,7119.55,374.7131569511012
"67-4542830",Hobbit,0,16,8525.24,532.8275063037872
"27-4934297",Demon,0,147,84999.64,578.2289167529061
"46-3264256",Orc,0,124,32916.734,265.45749834660563
"91-1707427",Northman,0,45,48471.906,1077.153320251571
"26-1852135",Elf,0,2,752.38,376.1900073289871
"11-5905086",Orc,0,73,121176.484,1659.9517866683334
"00-0380704",Orc,0,1,119.78,119.77999877929688
"36-7446827",Angel,0,99,368334.12,3720.5470566535837
"20-3383006",Human,0,80,189715.48,2371.443263590336
"02-4370125",Northman,0,15,16175.89,1078.3926724513371
"10-5757644",Human,0,140,68740.72,491.00492749831506
"45-5192351",Human,0,13,5386.5503,414.3500074973473
"42-3860443",Human,0,16,7422.0,463.8749883323908
"33-5061032",Demon,0,5,917.08,183.4160026550293
"62-0369567",Northman,0,38,17734.383,466.69421030345717
"14-3571852",Northman,0,12,1819.1599,151.59666379292807
"76-0125780",Hobbit,0,58,99021.586,1707.2686251936288
"03-2687919",Orc,0,1,29.95,29.950000762939453
"90-9428811",Northman,0,33,3705.34,112.28303089286342
"92-0949508",Angel,0,126,203670.86,1616.435235818227
"01-0641203",Human,0,46,16803.645,365.2965177453083
"96-5092585",Human,0,32,30847.691,963.9903059601784
"37-1238887",Northman,0,7,3967.7903,566.8271397181919
"06-8535094",Hobbit,0,1,3368.87,3368.8701171875
"14-0834340",Human,0,136,109335.31,803.9361784826307
"05-9582091",Human,0,3,4117.52,1372.5066528320312
"55-1368259",Northman,1,2,4267.24,2133.6199951171875
"72-4325869",Elf,0,78,32509.154,416.78397543613727
"98-3440448",Orc,0,15,3975.2703,265.0180041631063
"46-3449738",Elf,0,25,15684.008,627.3603942871093
"12-1393684",Orc,1,52,14921.982,286.961150261072
"48-0680770",Hobbit,0,29,157146.73,5418.85278984596
"62-1770464",Human,0,159,1265715.5,7960.472482645287
"31-5395648",Orc,0,44,74504.93,1693.2938470406966
"46-9282422",Northman,0,3,1272.69,424.23000081380206
"22-4108759",Human,0,43,4300.881,100.02046492487885
"36-7025770",Orc,0,52,56947.305,1095.1401832287129
"91-4115928",Elf,0,1,262.02,262.0199890136719
"23-8331806",Hobbit,1,45,27553.666,612.3035552607643
"61-7986073",Human,0,12,3234.87,269.5724989573161
"97-0788105",Human,0,16,1197.7999,74.86249929666519
"96-8347743",Elf,0,56,12707.162,226.9135707616806
"11-2105489",Demon,0,106,109043.71,1028.7142343116257
"41-5382461",Human,0,122,64645.77,529.8832838945701
"71-3594273",Human,0,27,16211.479,600.4251827663845
"80-2599695",Human,0,32,8129.6094,254.0503143966198
"86-2181587",Northman,0,130,41492.496,319.17299721424394
"91-0077940",Orc,0,2,704.22,352.10998916625977
"05-3380043",Hobbit,0,5,3892.9302,778.5860107421875
"29-3369956",Human,0,3,3294.0098,1098.0032958984375
"45-2313687",Elf,0,16,28373.422,1773.3387413024902
"99-6227758",Hobbit,0,80,36832.625,460.4077471613884
"69-4647317",Angel,0,68,16117.493,237.021912099684
"14-9006254",Angel,0,5,3144.27,628.8539886474609
"68-7706815",Orc,0,3,2257.76,752.5866495768229
"25-0879401",Hobbit,0,129,420434.06,3259.1800677868746
"47-0346810",Orc,1,5,10363.781,2072.7560150146483
"14-7714169",Hobbit,0,10,8060.25,806.0250205993652
"09-3790296",Elf,0,19,2703.3298,142.28052616119385
"48-7649401",Angel,0,12,9954.96,829.5799891153971
"19-7543104",Hobbit,0,47,12809.092,272.533827497604
"48-9630135",Human,0,60,27580.73,459.6788301785787
"75-5199607",Human,0,70,29748.322,424.97600078582764
"66-5825323",Human,0,5,974.73,194.9460021972656
"82-8591299",Hobbit,1,44,47861.19,1087.7543331628497
"70-3256077",Hobbit,0,146,26123.08,178.9251377358012
"75-6979474",Orc,0,1,224.59,224.58999633789062
"90-6419957",Hobbit,0,1,1122.96,1122.9599609375
"71-8043654",Northman,1,10,2732.53,273.2529983520508
"19-7342376",Orc,0,52,9370.858,180.20884489096127
"79-0045838",Human,0,57,32405.414,568.5159635376511
"21-9109241",Elf,0,18,13033.802,724.100017812517
"95-2089583",Orc,0,1,449.18,449.17999267578125
"55-9690086",Orc,0,49,23930.988,488.38754895268653
"06-2579907",Human,0,600,2814812.0,4691.346911818714
"57-3495763",Demon,1,30,20316.0,677.2000003973643
"19-1612204",Northman,0,36,21008.31,583.5641663339403
"53-9045539",Hobbit,0,189,320432.2,1695.40814770088
"62-9187116",Northman,0,51,22680.006,444.7058738680447
"06-2343082",Hobbit,0,3,12783.01,4261.003369649251
"88-4630373",Northman,0,36,1438.1399,39.94833295212852
"65-8843912",Elf,0,32,32577.014,1018.0315685272217
"49-3554320",Orc,0,87,30858.914,354.7001145023039
"29-8164238",Human,0,6,774.85,129.14166736602783
"20-4387350",Human,0,168,262395.88,1561.880297769748
"15-8771797",Hobbit,0,78,81437.41,1044.0693457921345
"70-0828882",Angel,0,1,149.73,149.72999572753906
"35-5410619",Human,0,29,15215.311,524.6658648992407
"14-5620883",Human,0,243,167740.0,690.2883128639495
"40-5479481",Northman,0,41,28218.781,688.2629255259909
"58-9178397",Human,0,29,12984.391,447.7375846073545
"53-1740574",Human,0,26,20253.37,778.975773371183
"49-6042738",Demon,0,67,75829.62,1131.7853785130515
"15-2453157",Demon,0,29,4365.7,150.54137913934116
"56-5368521",Northman,0,2,299.44998,149.72499465942383
"93-8038927",Orc,0,61,339859.75,5571.47161973109
"36-6971328",Hobbit,0,20,3997.74,199.8869955062866
"95-9719650",Hobbit,0,64,5025.9995,78.53125050291419
"44-6757074",Orc,0,36,3539.6602,98.32388834655285
"30-2162520",Northman,0,15,15439.93,1029.3286726633708
"71-7646140",Angel,1,1,179.45,179.4499969482422
"01-5945630",Northman,1,3,224.58,74.86000061035156
"89-4667304",Northman,0,12,7411.52,617.6266530354818
"94-9277603",Orc,0,359,562846.0,1567.8174385481766
"11-7707187",Northman,1,41,31054.611,757.4295179553149
"12-4377020",Human,0,37,5972.9,161.42972930702004
"62-2629903",Hobbit,0,4,344.37,86.09249877929688
"15-0428832",Human,0,89,85314.12,958.5855057534208
"06-6304800",Hobbit,0,230,628488.6,2732.559041435822
"38-8920415",Northman,0,15,11636.83,775.7886664072672
"26-3308244",Hobbit,0,20,21456.012,1072.800498008728
"08-5462014",Orc,0,1,11.23,11.229999542236328
"62-4654280",Orc,0,35,10046.742,287.0497107914516
"48-1798597",Hobbit,0,94,19608.377,208.59978669755003
"80-5192161",Elf,0,47,22907.432,487.3921283965415
"50-0431357",Northman,0,26,63353.555,2436.6750573378345
"55-5457335",Hobbit,1,71,56490.83,795.6453566752689
"18-1693893",Orc,0,3,2474.25,824.7499727408091
"96-4871669",Orc,1,25,31967.02,1278.68078576684
"84-7024399",Orc,0,154,84461.86,548.453640138174
"99-1995012",Elf,0,57,16664.69,292.3629794539067
"28-4763852",Orc,0,721,328544.53,455.6790418630923
"55-0916766",Northman,1,79,33375.066,422.46911194958267
"64-6999393",Orc,0,39,13314.501,341.3974303282224
"72-8315597",Hobbit,0,37,8148.941,220.2416236529479
"09-0774396",Orc,0,156,87919.13,563.5841026978615
"66-7660269",Elf,0,6,456.66,76.10999933878581
"98-4580830",Human,0,3,396.77002,132.2566680908203
"17-2492535",Northman,0,16,3358.4102,209.90062481164932
"97-4359491",Human,0,37,4488.0703,121.29918859456036
"40-1132114",Angel,0,15,3576.63,238.4419954299927
"27-4285626",Angel,0,55,12053.921,219.1621812355789
"08-2000019",Hobbit,0,149,214444.66,1439.2257064060877
"33-4225349",Human,0,4,190.89,47.72250038385391
"53-9084848",Angel,0,49,172598.61,3522.4214272012514
"62-7452151",Human,0,2,89.83,44.915000438690186
"21-2878407",Angel,0,3,254.54,84.84666570027669
"37-6049731",Orc,0,81,9404.7295,116.10777699653013
"01-0692047",Northman,0,146,77785.13,532.7747914448177
"11-4984027",Elf,0,1,299.46,299.4599914550781
"71-1987905",Angel,1,1,44.62,44.619998931884766
"88-3063006",Northman,0,36,16661.654,462.82362111409503
"19-2975711",Hobbit,0,60,21826.621,363.77700068155923
"24-4113969",Orc,1,216,52859.32,244.71907425313086
"39-7703480",Orc,0,77,52096.406,676.5764888416637
"29-5399742",Orc,0,123,152115.89,1236.7143116897441
"89-3062002",Orc,0,101,118576.91,1174.0290088370296
"75-8546047",Hobbit,0,14,7329.17,523.51214327131
"57-2997557",Orc,0,13,2058.7598,158.36615540431097
"31-0779795",Orc,1,51,102433.25,2008.4953226435418
"51-6648532",Hobbit,0,24,5929.229,247.05124934514365
"34-8148719",Orc,0,65,44257.227,680.8803037496714
"73-3671126",Human,0,46,33609.645,730.644352560458
"44-2219274",Northman,0,46,35207.902,765.3891322301781
"92-8363875",Elf,1,36,18993.0,527.5833339691162
"64-6803849",Orc,0,11,4194.1704,381.28818442604756
"67-2501522",Orc,0,7,8871.359,1267.337158203125
"23-7480842",Human,0,114,75040.32,658.2483334980512
"01-8774464",Hobbit,0,83,12078.36,145.5224083073168
"86-4407653",Elf,0,19,18789.93,988.9436709755346
"09-9675613",Orc,0,15,7643.6113,509.57401191393535
"58-8000621",Human,0,61,46412.668,760.8632791589519
"29-4379076",Demon,0,7,416.24,59.462856428963796
"70-1790512",Northman,0,2,224.59,112.29499816894531
"85-1334737",Northman,0,4,497.83997,124.45999813079834
"22-0029919",Human,0,10,2994.5999,299.4599914550781
"89-5892970",Orc,0,91,51305.44,563.7959342294342
"39-4210718",Human,1,141,52104.98,369.53879064871063
"93-3585501",Hobbit,0,35,16966.861,484.76742621149333
"54-1027449",Human,0,40,9107.94,227.69849662780763
"06-9739832",Hobbit,1,22,8624.649,392.0295443534851
"51-4075817",Hobbit,0,47,9600.511,204.26617231774839
"19-5641224",Orc,0,226,73845.484,326.74973518876936
"22-8511784",Human,1,11,5736.2803,521.480021910234
"50-3455041",Human,0,54,7294.561,135.0844431453281
"13-4071454",Human,0,1638,138260.5,84.40819887584928
"09-9249262",Angel,0,24,2238.4,93.26666680971782
"49-1440178",Human,1,18,6710.05,372.7805575264825
"41-8455717",Northman,0,1,2096.19,2096.18994140625
"29-3658048",Human,0,25,7958.03,318.32119930267334
"67-0357417",Elf,0,2,74.86,37.43000030517578
"43-5761869",Northman,1,6,1452.24,242.03999614715576
"52-2383610",Orc,0,27,2441.3098,90.41888830396864
"78-5624932",Orc,0,25,1381.2301,55.24919979095459
"42-0500826",Northman,0,2,374.32,187.15999603271484
"67-5365744",Orc,0,49,8973.951,183.1418346920792
"95-0425233",Orc,0,3,6588.01,2196.0033569335938
"77-1603606",Elf,0,55,57193.504,1039.8816363768144
"58-1412934",Northman,0,31,4057.58,130.88967735536636
"19-5931279",Northman,1,7,658.79,94.11285618373326
"83-5450663",Hobbit,1,4,2732.1099,683.0274913311005
"06-4453808",Orc,1,95,58829.543,619.2582116202304
"50-9240144",Hobbit,0,39,8871.39,227.47153903276492
"21-6489022",Elf,0,80,21041.176,263.01462532877923
"14-7503315",Northman,1,4,411.75,102.93749809265137
"93-9592540",Human,0,41,23186.09,565.5143878518081
"13-8907754",Human,0,1,22.46,22.459999084472656
"57-5522622",Hobbit,0,33,51360.742,1556.3860540570636
"91-3681135",Northman,0,20,8489.53,424.476509475708
"76-0743690",Northman,0,19,9116.17,479.79841183361253
"15-2028035",Human,0,2,262.02002,131.01000213623047
"77-0924791",Angel,0,33,34676.82,1050.812727090084
"76-9412348",Human,1,37,9941.051,268.6770227857538
"11-7864987",Human,1,180,74167.336,412.0406641768085
"36-4020042",Hobbit,0,10,9874.55,987.454981994629
"74-3873550",Demon,0,637,502007.2,788.0786625208623
"13-5931001",Orc,0,38,34504.797,908.0210421712775
"87-5405535",Human,0,216,38937.67,180.26698971401763
"55-1381572",Orc,0,141,20478.17,145.23524707428953
"03-0571721",Hobbit,0,105,49275.293,469.2883747827439
"71-2766570",Northman,0,9,4132.5,459.16666560702856
"11-6464285",Northman,0,32,11783.89,368.2465623989701
"48-7352959",Hobbit,0,3,121.65,40.549999952316284
"69-6974981",Angel,0,31,7713.7896,248.8319320777251
"34-6519895",Northman,0,14,10990.02,785.0014217921665
"55-3792298",Angel,0,12,2867.6602,238.9716679652532
"32-2560416",Demon,0,59,17528.07,297.0859331963426
"10-1842563",Hobbit,0,3,598.91003,199.63666280110678
"28-9320016",Orc,1,4,16591.6,4147.9000244140625
"72-7580315",Northman,0,26,7937.1084,305.2734574538011
"55-3920016",Human,0,39,54533.105,1398.284622339102
"38-8559688",Hobbit,0,52,26082.559,501.5876893676244
"74-7103871",Hobbit,0,15,8242.07,549.4713234424592
"42-1303562",Elf,0,37,30376.012,820.9732389707823
"35-9686267",Elf,0,1,2245.92,2245.919921875
"52-3560632",Hobbit,1,22,4641.2505,210.96590541438624
"73-0087350",Human,0,31,6022.7905,194.28354768599235
"07-7578902",Hobbit,0,1854,295171.84,159.20817681635853
"86-5835349",Human,0,39,8985.05,230.38589257460373
"94-3165646",Northman,0,64,5912.151,92.37734329421073
"18-7872725",Orc,0,6,1115.4701,185.91166877746582
"91-4722127",Human,0,26,24616.764,946.7984650450258
"40-2316701",Orc,0,56,14769.871,263.74767601915767
"73-2030554",Orc,0,24,6539.35,272.47291684150696
"74-6969735",Orc,1,61,50589.625,829.3380352395479
"59-6355627",Human,0,47,123713.46,2632.2015104902553
"38-9561564",Northman,0,52,23914.95,459.90288096207837
"17-3833523",Orc,0,23,13800.368,600.0160919272381
"57-9419295",Demon,0,158,23478.447,148.59778442262095
"54-0020090",Human,1,1,59.82,59.81999969482422
"24-7608169",Elf,0,33,7407.7803,224.47818294438449
"85-9860362",Human,1,58,22912.102,395.0362071879208
"53-3470021",Orc,0,28,4705.16,168.0414277570588
"25-7798017",Northman,0,32,5170.6,161.581248909235
"08-6232178",Elf,0,1,187.05,187.0500030517578
"83-4584110",Hobbit,0,59,38427.01,651.305087649216
"19-5749818",Orc,0,29,7093.041,244.58758509159088
"61-1599823",Angel,0,186,15272.796,82.11177382417904
"56-4701209",Human,0,21,8751.88,416.7561856678554
"44-6476530",Human,0,6,8079.6704,1346.611697236697
"77-5914317",Northman,1,70,14651.706,209.30999907521266
"48-0560920",Elf,0,1,748.64,748.6400146484375
"96-9221404",Angel,1,7,3382.49,483.2128636496408
"60-3398335",Angel,0,69,62851.535,910.8917330019716
"00-3008455",Human,0,24,1506.3099,62.762916604677834
"73-4763827",Northman,0,31,22103.572,713.018384318198
"83-3890341",Human,0,5,13398.45,2679.6899185180664
"17-6863962",Northman,0,13,1756.6901,135.1299989452729
"14-3298914",Elf,0,110,53678.92,487.990088930997
"49-0527539",Elf,0,23,45485.05,1977.610834536345
"81-0319246",Human,0,3,756.13,252.0433381398519
"61-6551587",Orc,0,8,1486.0399,185.75500217080116
"74-6506142",Northman,0,17,5423.9,319.05294171501606
"42-9951764",Human,0,48,13337.131,277.8568747639656
"09-0438759",Northman,0,8,3046.9602,380.8700039386749
"63-1172021",Orc,0,1,1122.96,1122.9599609375
"69-2191395",Northman,1,132,100162.195,758.8046235731154
"32-2935910",Human,0,20,9911.999,495.60000333786013
"81-4900208",Demon,0,1,74.86,74.86000061035156
"79-9443529",Northman,0,5,4903.58,980.7159896850586
"69-7117276",Hobbit,0,6,6185.25,1030.8750173250835
"87-1832423",Human,0,88304,4160432.8,47.11436649976614
"18-1581587",Elf,0,28,6617.96,236.3557141167777
"90-4662787",Orc,0,8,1456.66,182.0825047492981
"24-0970850",Hobbit,0,23,4444.8696,193.25521457713583
"50-0529173",Demon,0,31,22054.922,711.4490262923703
"57-2243390",Human,0,23,5413.43,235.36652374267578
"78-4445794",Northman,0,25,3694.5303,147.7812009048462
"95-1826478",Human,1,1,1272.69,1272.68994140625
"79-4370318",Northman,1,2,411.75,205.87500381469727
"44-4388268",Hobbit,1,85,47125.594,554.4187053007238
"54-3017989",Human,0,44,66924.625,1521.0138681585138
"31-4730226",Demon,1,49,20156.09,411.34877364489495
"12-6247481",Orc,0,10,11603.909,1160.3909957885742
"62-9753806",Northman,0,13,4926.0503,378.9269215510442
"63-7050205",Orc,0,136,41355.004,304.08088105089746
"05-2821146",Orc,0,1,374.32,374.32000732421875
"46-9864853",Human,1,34,84521.96,2485.9399849386778
"30-5564838",Orc,1,21,3665.32,174.53904846736364
"54-8556760",Orc,0,24,11529.0205,480.37583859761554
"45-1124289",Hobbit,0,66,6712.572,101.70560570919153
"18-7711660",Hobbit,0,19,5228.1104,275.1636848449707
"62-5713411",Human,1,3,1547.29,515.7633434931437
"68-9665086",Elf,0,8,66404.25,8300.531288146973
"51-0560589",Hobbit,1,255,429621.3,1684.7901893840117
"31-3263710",Hobbit,0,60,187507.8,3125.1299862265587
"19-1570967",Northman,0,25,11963.261,478.5303942871094
"98-8627685",Human,0,6,1459.8501,243.30833180745444
"97-3641095",Hobbit,0,18,27678.99,1537.7216279241775
"27-9719064",Hobbit,0,118,112619.016,954.3982243214623
"42-4842838",Hobbit,0,5,2021.33,404.2659942626953
"77-6862163",Orc,0,82,75897.04,925.5732864752049
"58-6025140",Human,0,25,22316.197,892.6480041503906
"02-0023435",Elf,1,23,8965.892,389.82129765593487
"82-4446161",Orc,0,23,5480.0503,238.26304269873577
"81-4739288",Demon,0,6,65191.445,10865.24127960205
"06-4337105",Northman,1,22,18296.72,831.66909495267
"17-4953081",Hobbit,0,50,12760.185,255.20360005378723
"92-8675124",Northman,0,22,3998.7002,181.75909012014216
"86-3825166",Orc,0,7,41457.375,5922.481602260044
"39-5885858",Human,1,7,966.49,138.06999969482422
"05-4786250",Orc,0,194,25813.912,133.0613908651909
"98-0674196",Orc,0,13,1841.6499,141.6653841642233
"05-7843085",Angel,0,11,2642.68,240.24363353035668
"52-8393268",Hobbit,1,46,7911.2495,171.98369727445686
"76-0490483",Elf,0,27,20588.762,762.5466591870344
"05-4093549",Orc,1,76,33914.805,446.2472342315473
"97-6986455",Angel,0,15,5820.67,388.04466756184894
"46-3865871",Human,1,68,115533.04,1699.0152898255517
"08-0351320",Northman,0,28,6513.14,232.61214079175676
"14-6553981",Northman,0,45,144748.72,3216.637945238749
"77-4079916",Human,1,17,3967.8003,233.40000096489402
"34-4208169",Northman,0,2,632.95,316.4749984741211
"35-0206719",Human,0,58,10031.761,172.96137842227674
"78-5844914",Human,0,18,3683.3804,204.63222164577908
"09-7541187",Elf,0,28,5425.3994,193.764283146177
"92-6614931",Hobbit,0,10,2552.1802,255.21800311282277
"71-3263284",Demon,1,1,374.32,374.32000732421875
"97-0556297",Northman,1,93,12963.241,139.3896756659272
"39-9330078",Demon,0,20,9380.439,469.0219955444336
"19-8625290",Demon,1,3,389.28998,129.76332918802896
"79-9314173",Northman,0,29,13771.209,474.86930906361545
"54-4929987",Elf,0,31,22620.451,729.6919342702435
"68-0513467",Hobbit,0,72,44933.53,624.0767956839668
"74-1997652",Human,0,22,1446.76,65.76181650161743
"40-5010172",Hobbit,0,31,15784.73,509.18484250960813
"54-4734682",Northman,0,37,24952.12,674.3816121591104
"87-5292504",Hobbit,0,5,1804.3,360.86000410467386
"67-2480886",Hobbit,0,3,615.01,205.00333404541016
"52-9817828",Demon,1,92,19920.043,216.52217205970183
"45-2830385",Angel,0,8,10630.661,1328.8324661254883
"58-6680111",Human,0,8,1849.1399,231.1424970626831
"73-8698994",Orc,1,11,16806.95,1527.9045243696733
"13-0812035",Hobbit,1,38,11546.982,303.86789568474416
"26-4525103",Hobbit,0,26,3593.3801,138.20692205429077
"28-7548595",Human,1,231,67245.164,291.1045869537246
"24-1845451",Northman,1,53,4191.0605,79.07660319684248
"35-3286896",Angel,0,54,270191.12,5003.540349501151
"31-5838238",Demon,0,40,89941.445,2248.535992431641
"00-6371948",Northman,1,139,219126.52,1576.4495598772446
"43-9600262",Northman,0,2,748.64,374.32000732421875
"16-2386879",Human,1,1,74.86,74.86000061035156
"21-4402967",Elf,0,32,11012.75,344.14843429392204
"65-8092094",Human,1,64,42043.58,656.930779337883
"78-8994896",Human,0,2,1018.14,509.0699996948242
"62-5028827",Orc,0,17,11746.15,690.9499951530905
"19-9239480",Orc,0,98,45589.945,465.2033659000786
"17-8404962",Elf,0,20,13745.01,687.2504948616028
"20-5444902",Orc,0,12,7815.88,651.3233298460642
"89-2509159",Hobbit,0,178,205823.97,1156.3147118899008
"20-0816572",Northman,0,108,71640.61,663.3388929160105
"72-3197817",Demon,0,1,314.43,314.42999267578125
"72-2116288",Northman,0,2,104.81,52.404998779296875
"38-4393536",Northman,0,73,162556.64,2226.8031769190748
"11-2788281",Human,0,35,5927.93,169.369429901668
"68-4338849",Northman,0,28,2994.5005,106.94642775399345
"73-2970494",Orc,0,39,17457.13,447.61871417669147
"25-3453066",Orc,0,26,10686.279,411.01076276485736
"78-6183324",Northman,0,25,11910.571,476.4227951335907
"36-9174219",Hobbit,0,42,11765.421,280.12904910530364
"17-9739196",Demon,0,21,6591.781,313.8942874726795
"31-8296633",Northman,0,84,23683.172,281.94250019391376
"70-1635751",Human,0,47,22090.441,470.0093600293423
"72-3918959",Angel,0,15,2987.0798,199.13866628011067
"44-1417223",Orc,0,29,3381.5798,116.60620598135323
"09-0339214",Demon,0,10,2477.3499,247.73499755859376
"49-3116451",Human,0,8,4997.46,624.6825201958418
"74-6290958",Angel,0,3,118.66,39.55333391825358
"62-3121850",Human,0,47,7192.77,153.03765859502428
"64-6166515",Orc,0,43,47234.934,1098.4867421305457
"94-3294075",Human,0,197,62131.684,315.38918715639767
"33-2758046",Demon,0,16,11162.209,697.6381222009659
"49-9730327",Human,0,896,1941617.0,2166.9828535731754
"09-3775239",Orc,0,1,598.91,598.9099731445312
"96-6482942",Elf,0,48,19874.473,414.0514658987522
"41-1933297",Human,0,16,2280.34,142.52124981582165
"09-4763027",Orc,0,112,24142.363,215.55678612206663
"66-4102254",Angel,0,3,404.38,134.79333591461182
"11-0009345",Angel,0,31,18481.662,596.182582024605
"40-5069593",Human,1,5,591.42004,118.28399963378907
"60-9638987",Angel,0,129,46945.652,363.9196891063868
"23-3029611",Human,1,63,302848.47,4807.118768464951
"04-4546187",Demon,0,85,19612.08,230.73035435396082
"66-9644102",Human,0,12,6520.6494,543.387498219808
"21-3326999",Northman,0,54,87631.14,1622.7989064973813
"91-1740575",Orc,0,28,16983.852,606.5660627910069
"20-1902618",Hobbit,0,20,2162.0798,108.103999710083
"89-9461877",Demon,0,147,104899.47,713.6018420725453
"84-4747403",Hobbit,0,72,7388.219,102.6141681207551
"90-3321389",Human,0,8,699.99,87.49874997138977
"39-2415234",Hobbit,0,2,7944.53,3972.264892578125
"63-7698862",Elf,0,64,26124.725,408.1987487524748
"89-8333263",Demon,0,98,31440.12,320.8174415548541
"80-8908446",Orc,0,7,269.51,38.50142860412598
"31-5686344",Human,0,24,6056.4897,252.3537495136261
"25-9589142",Human,0,30,8422.21,280.7403346061707
"51-1057888",Orc,0,3,4928.6904,1642.8966903686523
"31-2295249",Hobbit,0,91,51611.035,567.1540529544537
"42-4601774",Northman,0,111,124365.28,1120.4076657166352
"61-2511170",Human,1,60,39153.055,652.55083467563
"70-5641295",Hobbit,1,1,13.6,13.600000381469727
"29-0123891",Human,0,28,3009.5503,107.4839266027723
"20-2391284",Northman,0,73,187010.61,2561.7890576924365
"19-7155964",Elf,0,18,13550.369,752.798331366645
"78-2721457",Human,0,124,69701.46,562.108466294504
"30-2949473",Human,0,7,2182.57,311.79571315220426
"60-5243620",Elf,0,59,41043.523,695.6528744506886
"88-1048645",Human,0,43,19712.33,458.4262790362849
"06-2895405",Northman,0,11,611.63995,55.60363704508001
"12-4067477",Elf,0,18,3560.9697,197.8316639529334
"73-7446508",Human,0,4,2732.54,683.1349830627441
"16-7210122",Northman,0,124,52402.16,422.5979798301574
"78-9187295",Human,0,51,48968.496,960.1662672454236
"70-4312374",Elf,0,1,3.74,3.740000009536743
"31-3888445",Hobbit,0,85,9132.98,107.44682278633118
"80-4768347",Orc,0,46,11454.912,249.0197784797005
"39-6355413",Elf,0,3,7920.22,2640.0733693440757
"62-2340512",Human,0,48,3537.2998,73.69374920924504
"96-2401546",Northman,1,13,1527.2,117.47692372248723
"67-7553226",Orc,1,14,2872.5303,205.18071610586983
"38-2328842",Hobbit,0,18,7366.619,409.2566663953993
"21-2535761",Human,0,26,7248.33,278.781924027663
"19-5350571",Human,0,11,4832.4595,439.31453280015427
"68-4241854",Elf,0,22,5195.5303,236.1604521491311
"93-7164832",Orc,0,8,4031.41,503.92624139785767
"24-7180396",Human,0,93,133683.94,1437.4619240606985
"33-2779642",Hobbit,0,111,54618.457,492.0581026700166
"41-3483023",Human,0,28,2859.8103,102.13607066018241
"42-8353660",Human,1,183,92449.96,505.1912007235764
"12-4133791",Human,1,6,27025.84,4504.306864420573
"01-4497883",Hobbit,0,109,18631.605,170.93211059395327
"60-4851273",Human,0,44,8010.441,182.055456681685
"97-8840356",Hobbit,0,93,14084.645,151.44774125276072
"82-9061328",Orc,0,75,29286.9,390.49199768881005
"77-8046804",Orc,0,28,31488.514,1124.5896324430194
"21-6932061",Northman,1,43,11658.859,271.13627786414565
"34-5456304",Human,0,7,5032.0796,718.8685569763184
"44-1095746",Elf,0,35,9541.391,272.6111406598772
"50-0760685",Orc,0,14,2108.5398,150.6099989414215
"83-1112154",Elf,0,159,232004.6,1459.1488093849998
"27-6047491",Angel,0,217,22884.736,105.4595393958729
"70-6402113",Human,0,77,29522.57,383.40986705445624
"39-8840982",Elf,0,9,6874.58,763.8422226376003
"60-1172797",Orc,0,21,7039.53,335.2157144092378
"31-9581813",Angel,1,9,1139.46,126.60666635301378
"92-2685001",Elf,0,30,7467.73,248.92432619730633
"64-2956595",Elf,0,239,39948.695,167.14928852863392
"77-8132875",Elf,0,30,6318.499,210.6166620572408
"22-2477837",Orc,1,39,14585.321,373.98256624661957
"92-0554486",Human,1,2,34.440002,17.22000026702881
"62-9454837",Hobbit,0,52,17221.16,331.1761518625113
"98-8646185",Hobbit,0,13,7153.2495,550.249997652494
"19-2388720",Human,0,117,41685.156,356.2833307084874
"15-8379226",Human,0,1,3743.19,3743.18994140625
"14-0029781",Elf,0,19,1339.5099,70.50052612706234
"19-4710184",Elf,0,72,48743.797,676.997078107463
"61-5121393",Angel,0,2,33.690002,16.84500026702881
"23-1477817",Elf,0,18,8497.06,472.0588845147027
"73-7672162",Orc,0,96,143099.77,1490.6229224801064
"79-0878656",Northman,0,95,64970.31,683.8977887605366
"30-7586701",Hobbit,1,4,1089.27,272.31750106811523
"16-3120871",Human,0,55,32752.979,595.5085457368331
"90-1146986",Human,0,10,5652.96,565.2959924936295
"90-5737492",Human,0,56,343410.88,6132.336967970644
"15-6874809",Human,0,130,47225.22,363.27076988220216
"87-8629731",Elf,0,22,9867.091,448.5040921206501
"13-2025494",Orc,0,109,32290.672,296.2446790047742
"35-8730817",Hobbit,0,129,565783.0,4385.912509238073
"57-0415535",Orc,0,20,2380.6997,119.03499746322632
"12-9723442",Hobbit,0,61,32152.287,527.086550630507
"62-6118371",Elf,1,8,898.35,112.29375076293945
"14-4380633",Demon,0,59,3523.6697,59.72322017661596
"23-6740372",Northman,0,7,10553.94,1507.7057179042272
"44-9247289",Human,0,40,14037.711,350.94275243878366
"28-3366412",Human,0,3,1572.1399,524.0466512044271
"79-8990380",Human,0,39,5084.721,130.37743629553378
"43-9584305",Human,1,81,20048.516,247.51246970376852
"24-4309769",Elf,0,207,11174.011,53.98067600402423
"16-8183126",Northman,0,1,3.74,3.740000009536743
"78-2199763",Demon,0,8,8533.51,1066.6887340545654
"32-3577070",Human,0,3,112.28999,37.42999847730001
"63-9983451",Elf,0,4,2171.05,542.7625045776367
"23-4529703",Human,0,272,30745.996,113.03672755027519
"59-4586178",Human,1,30,14811.8,493.7266656398773
"43-7756368",Elf,1,1,52.33,52.33000183105469
"18-1745737",Northman,0,58,38663.605,666.6137887033923
"62-3472339",Orc,0,22,10080.43,458.2013626098633
"77-2308815",Orc,1,106,15695.112,148.06707415715704
"42-3144366",Northman,0,18,13732.168,762.8983243306478
"80-1761885",Demon,0,17,1572.0898,92.4758830350988
"31-7159927",Hobbit,0,7,7937.48,1133.925690787179
"98-0495626",Human,1,1,748.64,748.6400146484375
"16-9528479",Elf,0,39,19229.99,493.07666397190246
"71-7198137",Elf,0,15,3840.52,256.03466548919675
"52-0329729",Human,0,61,57409.375,941.1372088799711
"39-5704371",Orc,0,40,5251.6904,131.29224961996078
"55-8257653",Hobbit,1,191,453860.72,2376.234077225181
"56-7765950",Human,0,17,2208.4705,129.9100009132834
"96-3918260",Elf,0,22,2537.88,115.35818026282571
"05-6140452",Northman,0,223,657987.25,2950.6149462841017
"29-7924056",Orc,0,38,12356.252,325.16447320737336
"12-7659125",Human,0,337,731920.2,2171.870742118677
"73-9345147",Human,0,52,33374.348,641.8142169438876
"92-5552920",Angel,1,144,57637.227,400.25839675300654
"11-8566289",Elf,0,9,2230.94,247.88221825493707
"47-7876616",Human,0,31,28828.568,929.9538771721625
"32-6028748",Human,0,59,16503.744,279.7244067757817
"77-7080975",Human,0,59,57217.137,969.78185724808
"20-1905431",Northman,0,130,70669.6,543.6121538162231
"17-2486648",Elf,1,56,23761.783,424.3174979005541
"66-8764694",Hobbit,0,11,2792.4202,253.8563688885082
"97-3240577",Human,1,79,25560.584,323.5515185066416
"76-2149195",Hobbit,0,23,10564.061,459.30695641559106
"25-7026587",Orc,0,26,43383.656,1668.6019263634314
"35-2077269",Elf,1,34,12053.571,354.51675999361805
"19-3012416",Northman,1,15,15618.83,1041.2553329467773
"91-1643093",Elf,0,29,155692.86,5368.719196451121
"13-3246987",Angel,0,2,377.66,188.83000361919403
"71-6691190",Orc,0,50,28581.547,571.6310065746308
"50-7773046",Human,0,42,31034.816,738.9242807569958
"60-8309439",Orc,0,4,5989.11,1497.2775115966797
"14-8451198",Elf,0,46,43696.74,949.9289073529451
"99-1257412",Demon,0,51,13407.019,262.88274174110563
"44-5627015",Hobbit,1,23,41459.555,1802.5891312308934
"91-4471535",Orc,0,61,13259.831,217.37425802574782
"23-2164991",Human,0,4,29.939999,7.485000014305115
"29-5901917",Human,1,10,1362.1499,136.2150003671646
"43-1891997",Human,0,458,23255.639,50.77639738753373
"47-6416749",Northman,1,5,1429.9,285.98000106811526
"70-8886069",Orc,0,19,7710.979,405.8410524067126
"00-1451930",Human,0,1,37.43,37.43000030517578
"16-8998454",Orc,0,24,7955.25,331.4687528212865
"79-8213907",Elf,0,5,1295.14,259.0280029296875
"85-1799986",Hobbit,0,24,7856.9307,327.37208235263824
"31-8946603",Demon,0,6,572.7,95.44999996821086
"16-3788592",Angel,0,113,14657.563,129.71292029650866
"50-5304781",Hobbit,1,39,6341.8604,162.6117946673662
"76-4726996",Orc,1,50,117786.57,2355.731416931152
"55-5686366",Northman,1,1,374.32,374.32000732421875
"13-5060877",Northman,1,36,69425.88,1928.4966655472915
"69-4744939",Northman,0,16,6224.92,389.05749583244324
"86-9984815",Hobbit,0,1,524.05,524.0499877929688
"97-4104393",Hobbit,0,44,19062.303,433.23409128730947
"04-8650219",Elf,0,4,220.84999,55.21249866485596
"38-0577939",Orc,0,58,14876.541,256.4920680449055
"44-4671356",Demon,0,27,6700.32,248.16000005933972
"56-9463280",Angel,0,17,7153.2505,420.77940727682676
"77-0583672",Hobbit,0,65,31926.408,491.1753861940824
"26-4641420",Orc,0,58,24593.049,424.01810282057727
"31-5415215",Hobbit,0,25,7072.67,282.9067966079712
"34-7803811",Northman,0,30,8415.57,280.51899954477943
"81-3007811",Northman,0,6,935.7999,155.96666463216147
"89-6069916",Northman,0,11,4499.63,409.0572731989351
"90-8820835",Orc,0,18,8657.24,480.95777469211157
"24-2954574",Angel,0,4,124.270004,31.06749987602234
"86-5581366",Human,1,64,84076.555,1313.696103208349
"82-3959798",Human,1,3,2483.0898,827.6966400146484
"34-7534143",Northman,0,6,78.61,13.101666649182638
"95-2029019",Human,0,37,8410.959,227.32324339892412
"36-1092764",Hobbit,0,16,3439.99,214.9993736743927
"90-4681464",Hobbit,0,88,99273.914,1128.1127264967865
"34-5843369",Hobbit,0,6,4305.4297,717.5716501871744
"29-0011301",Hobbit,0,8,1504.77,188.0962495803833
"65-4042242",Northman,0,17,5495.779,323.2811817842371
"11-5560385",Northman,1,11,8631.811,784.709998997775
"98-3644862",Orc,0,16,15107.529,944.2206072807312
"34-4425295",Hobbit,1,1,74.86,74.86000061035156
"57-8427256",Human,0,31,22008.418,709.9490313991423
"26-5665592",Orc,0,46,13294.94,289.0204331667527
"41-8332618",Hobbit,0,62,23528.303,379.4887114647896
"17-9895092",Orc,1,95,59435.223,625.6337896070983
"57-9591685",Demon,1,6,7493.87,1248.9783263206482
"92-4099951",Elf,0,2,2325.9102,1162.9550533294678
"95-9375684",Hobbit,0,35,8331.799,238.05142642429897
"46-0970021",Demon,0,11,7059.6797,641.7890784523704
"40-0532244",Hobbit,0,122,11812.382,96.82278675189028
"92-7286741",Orc,0,5,2807.3901,561.4780029296875
"44-0233696",Northman,0,2,748.64,374.32000732421875
"89-1181356",Demon,0,61,104135.67,1707.1421391534025
"78-9219843",Elf,0,21,25756.18,1226.48476986658
"97-4474127",Hobbit,0,32,102843.484,3213.8590626716614
"51-4282411",Northman,1,2,445.44,222.720006108284
"34-6785518",Demon,0,2,224.59,112.29499816894531
"03-8031381",Orc,0,36,7359.4297,204.4286080201467
"52-3094316",Hobbit,0,70,48922.87,698.8979953936168
"90-4835026",Hobbit,0,1,37.43,37.43000030517578
"95-0060257",Elf,0,134,1398181.0,10434.189780761946
"64-6874755",Hobbit,0,29,1924.6697,66.36793060960441
"87-9705369",Orc,1,21,42203.03,2009.6681178864978
"66-6496262",Human,1,8,1599.39,199.9237504005432
"24-8046011",Human,0,17,13677.619,804.5658735387466
"51-8925083",Hobbit,0,2,288.97,144.48500061035156
"47-5134271",Hobbit,0,85,200766.61,2361.960607165186
"77-3283201",Elf,0,283,398732.0,1408.9473351219096
"86-0321218",Demon,0,52,55622.13,1069.65631451644
"39-7358282",Demon,0,16,5216.4795,326.02999080717564
"53-8896458",Angel,0,107,283216.34,2646.8825351857695
"02-9825891",Orc,0,149,230073.11,1544.1152339653681
"44-8232087",Hobbit,0,196,131666.62,671.7684681549364
"43-0317620",Elf,0,39,14523.64,372.4010205391126
"58-3795641",Hobbit,0,91,132921.6,1460.6767054128122
"32-2021328",Northman,0,104,21223.53,204.07240416338811
"79-7181988",Hobbit,0,18,2627.7297,145.98499703407288
"43-2956125",Hobbit,0,4,838.47,209.61749839782715
"36-0710762",Human,0,101,26808.654,265.4321784028913
"92-2635843",Human,0,8,2440.5603,305.070006608963
"46-0222658",Demon,0,83,16801.334,202.42566219295364
"14-8838129",Hobbit,0,54,14123.43,261.54500092400446
"74-2247834",Orc,0,43,15086.051,350.8383763030518
"35-4684639",Demon,0,78,16384.05,210.05192192089862
"35-8433185",Angel,0,26,18394.432,707.4780708459707
"48-4268197",Orc,0,171,27677.861,161.85882944831548
"20-7764395",Angel,0,11,25996.47,2363.3154574307528
"79-5856743",Orc,0,4,4042.65,1010.6624965667725
"29-0295139",Hobbit,0,21,26876.139,1279.8161740984235
"82-2452413",Hobbit,0,52,9169.581,176.33807630392795
"85-2311006",Human,0,23,8818.941,383.43217576068383
"66-9596664",Orc,0,53,10538.539,198.84037700689063
"81-0089899",Elf,0,77,142341.8,1848.594923242346
"47-2973095",Orc,0,354,1074264.4,3034.6468913292742
"85-0805413",Human,0,25,5940.4404,237.6175979614258
"34-6405922",Elf,0,8,999.4199,124.92750024795532
"02-3928744",Northman,0,160,39809.082,248.8067493543029
"51-0119535",Hobbit,0,10,3777.63,377.76299781799315
"68-5299202",Elf,1,11,2698.8499,245.34999986128375
"81-0857776",Elf,0,23,12061.32,524.4052107437798
"15-3844870",Northman,1,15,5214.2695,347.6180013020833
"10-3681814",Human,0,5,15238.529,3047.7058837890627
"22-4761575",Orc,1,49,7749.0386,158.1436712011999
"36-7905053",Elf,0,74,126747.98,1712.8106864819656
"54-3053907",Human,0,4,2406.67,601.6674799919128
"97-8778519",Human,0,57,123688.78,2169.9783842856423
"64-6708735",Demon,0,177,342087.34,1932.6976957011357
"83-0583407",Northman,0,3,254.53998,84.84666442871094
"44-3894564",Demon,1,3,178.92,59.64000002543131
"09-4614987",Elf,0,412,116889.03,283.7115531365559
"94-4820802",Human,0,5,396.78,79.35600051879882
"85-5124305",Northman,1,26,2111.1199,81.19692314588107
"09-1875165",Human,0,13,33688.758,2591.4430729792666
"72-7821328",Human,0,87,57669.19,662.8641408174888
"91-5254074",Northman,0,20,3353.8604,167.69300231933593
"38-4495296",Northman,1,1,14972.77,14972.76953125
"09-8290244",Northman,0,59,17107.922,289.9647461571178
"62-9981039",Orc,0,18,7945.479,441.4155526055644
"59-8428287",Orc,0,87,21088.207,242.393102089564
"51-3338665",Orc,0,138,26272.988,190.38391068755934
"21-5082365",Orc,0,31,7883.1504,254.2951585708126
"02-2504513",Hobbit,0,1,37.43,37.43000030517578
"47-0159378",Human,0,144,13551.305,94.10624961353217
"47-2574148",Hobbit,0,59,19290.691,326.9608424962577
"52-6572529",Orc,0,43,62638.613,1456.7116330168967
"14-1684148",Elf,1,137,77854.12,568.2780337055234
"83-2844019",Human,1,153,81298.055,531.359669130612
"67-3439798",Human,0,28,9769.729,348.91892787388394
"86-9060492",Orc,0,27,2425.6099,89.83740693551523
"57-0693160",Human,1,36,11364.36,315.6766635047065
"98-0196615",Orc,0,22,3713.97,168.8168182373047
"19-0475113",Human,0,254,154267.69,607.3532309203636
"71-4700123",Orc,0,78,135468.31,1736.7733322779338
"01-2355796",Orc,0,19,26696.473,1405.0773395739104
"65-6132798",Human,0,17,979.82,57.63647121191025
"87-0186477",Hobbit,0,13,408.38,31.41384660280668
"08-6984411",Northman,0,12,2448.05,204.00416707992554
"93-6363522",Human,0,11,2508.67,228.06090675700796
"06-8333169",Human,0,9,1303.7,144.8555556403266
"48-2364103",Human,0,9,1321.3501,146.81666564941406
"73-8419499",Human,0,18,10533.361,585.1866597069634
"70-9734364",Northman,1,2,374.32,187.15999603271484
"16-0237927",Orc,1,16,1880.58,117.53625094890594
"35-4979715",Orc,0,7,5689.66,812.80857195173
"55-1974443",Human,0,3,838.47,279.49000517527264
"23-6301604",Human,0,16,3035.72,189.7324976325035
"55-4833329",Human,1,30,13774.938,459.1646664937337
"70-9952575",Human,0,35,4550.6104,130.01742782592774
"11-2483477",Hobbit,0,626,119263.25,190.51669374060708
"19-1863718",Angel,0,25,25307.738,1012.309588470459
"75-0199597",Hobbit,0,88,28921.795,328.6567042090676
"27-3277827",Orc,0,35,151471.8,4327.7663299560545
"77-8898048",Hobbit,0,16,7856.9395,491.0587493777275
"26-9029758",Orc,0,25,16563.94,662.5575997924805
"42-3004335",Human,0,86,442426.78,5144.497534130895
"39-8910203",Elf,0,51,149889.45,2939.009821573893
"79-8346659",Hobbit,0,28,3784.3206,135.15428720201766
"53-8307394",Human,0,71,121349.8,1709.1519899771247
"75-9249606",Northman,1,2,82.35,41.17500019073486
"44-3501726",Orc,1,41,14236.111,347.2222003064505
"12-9152663",Orc,0,66,12640.511,191.52287795326927
"85-7513183",Human,0,42,16622.62,395.7766664822896
"54-8358035",Elf,0,20,7335.8896,366.7945032119751
"73-2904082",Northman,0,8,4521.78,565.2225000858307
"50-6722391",Human,0,33,7363.5195,223.13697083791098
"15-2938804",Human,0,19,8242.529,433.81736996299344
"55-6642700",Orc,1,29,21890.21,754.8348236083984
"38-3959848",Elf,0,1,606.4,606.4000244140625
"84-7962740",Demon,0,284,95717.914,337.0348570709392
"75-7298352",Northman,1,31,67996.07,2193.4212797303353
"45-6111583",Northman,0,136,28356.143,208.5011034537764
"68-4197156",Elf,1,9,1696.4299,188.49221844143338
"04-3018897",Northman,1,218,84172.305,386.11146609280087
"11-3709544",Hobbit,1,48,186915.94,3894.0816417535148
"32-4624319",Hobbit,0,34,10251.75,301.5220584588892
"26-9296107",Elf,0,58,185894.7,3205.081026858297
"89-9054898",Northman,0,72,34670.367,481.53277629613876
"00-7494159",Human,1,160,110374.08,689.8379330813884
"23-2511509",Demon,0,6,299.44,49.90666707356771
"65-8335642",Northman,0,3,269.51,89.83666737874348
"45-4845959",Angel,0,37,99637.555,2692.9067919447616
"47-4253294",Northman,0,20,13494.232,674.7114990234375
"55-6727422",Northman,0,4,16778.49,4194.622579574585
"70-6417722",Northman,0,21,40239.35,1916.1595030285064
"92-4511595",Orc,0,23,31381.188,1364.3995575490205
"52-6015729",Demon,1,2,37.8,18.900000154972076
"69-4943850",Demon,0,19,8873.6,467.03157977053996
"64-3262243",Angel,0,1,224.59,224.58999633789062
"95-6308694",Human,1,98,51067.164,521.093467474668
"07-8752293",Human,0,31,9705.79,313.0899968224187
"82-5691001",Northman,0,1,89.84,89.83999633789062
"42-3516210",Hobbit,0,72,34082.56,473.36875298288135
"97-3310183",Orc,0,89,28103.912,315.7741568249263
"37-6121502",Northman,0,52,46637.19,896.8690284215487
"31-9526688",Northman,0,98,119847.875,1222.9374419621058
"88-4184713",Orc,1,13,4229.8,325.3692310039814
"55-2799600",Elf,0,1,206.18,206.17999267578125
"09-2292718",Hobbit,1,137,79017.31,576.7686127189302
"42-4754643",Hobbit,0,5,2253.89,450.77799768447875
"84-0520988",Northman,1,7,1867.86,266.83714403424943
"42-0200311",Human,1,6,3145.0403,524.17333984375
"29-8617665",Northman,1,16,3795.6003,237.2249960899353
"08-5333675",Human,0,14,4985.35,356.0964289733342
"81-5866672",Demon,0,25,2778.1902,111.12760014533997
"29-4013234",Hobbit,0,71,98748.45,1390.823371038313
"27-0761021",Human,0,374,681246.75,1821.5171621674522
"55-8264837",Demon,0,19,4093.65,215.4552668521279
"77-3506462",Angel,0,33,26097.512,790.8336204760002
"46-9882921",Angel,0,14,64984.465,4641.747175642422
"59-8447762",Orc,0,11,5903.031,536.6391041495583
"65-1929922",Elf,0,29,12889.78,444.47516662499
"13-9403798",Angel,0,25,72237.125,2889.4852007293703
"67-1187227",Hobbit,0,32,30906.072,965.8146850168705
"51-3164734",Human,1,2,46.41,23.204999923706055
"19-2160797",Orc,0,32,12412.34,387.8856239914894
"63-7744325",Orc,0,5,435.52,87.10399837493897
"17-1583508",Orc,0,81,20011.31,247.05320676314977
"87-1013283",Orc,0,28,3548.59,126.73535690988813
"55-3257795",Orc,0,18,7411.531,411.7516623602973
"98-2711194",Orc,1,82,52024.28,634.4423140083871
"78-8326327",Human,0,12,19273.691,1606.140832265218
"21-7007168",Hobbit,0,142,195316.34,1375.4674620376506
"46-2376033",Northman,0,1,11229.58,11229.580078125
"48-1796264",Elf,1,1,7.49,7.489999771118164
"41-3386993",Elf,0,1,202.13,202.1300048828125
"86-2604540",Demon,0,34,14004.43,411.89499552109663
"88-6615010",Northman,0,30,6408.37,213.61233132680258
"40-7933816",Human,0,83,77143.04,929.4344476561948
"10-4136407",Angel,0,71,11333.703,159.62957779958214
"50-7039988",Human,0,15,4402.04,293.469325764974
"76-9277777",Hobbit,0,14,845.94995,60.42499964577811
"57-6408794",Human,0,85,9327.821,109.73905855426017
"95-7368987",Human,0,20,48075.277,2403.763525390625
"38-5670044",Elf,1,91,18947.252,208.2115378781007
"68-8187452",Angel,0,32,6229.3394,194.66687285900116
"06-2594547",Human,1,29,7254.34,250.14965356629472
"80-6408094",Orc,0,86,71569.84,832.2074347429498
"06-8280505",Angel,1,75,111707.766,1489.4369414901732
"54-7897940",Human,0,37,26411.98,713.8372939857277
"90-9029457",Angel,1,11,12328.82,1120.8018261302602
"64-0133724",Angel,0,27,10226.431,378.7566683733905
"86-2579350",Human,0,32,8461.7295,264.42906308174133
"41-4199589",Orc,1,42,135503.61,3226.2766719999768
"53-4293574",Orc,0,32,10565.182,330.16187447309494
"36-8311381",Hobbit,0,1,0.07,0.07000000029802322
"32-3432711",Human,1,29,36451.18,1256.93724717765
"30-8102417",Hobbit,1,33,9451.549,286.4106059218898
"17-0551493",Orc,0,14,4927.56,351.96857779366627
"70-9190427",Elf,0,19,10372.4,545.9157901061209
"34-6549581",Elf,0,26,10695.011,411.3465450818722
"47-4318428",Northman,0,52,64534.14,1241.0407766195444
"66-0408027",Elf,0,116,155891.19,1343.8900842865094
"75-8538200",Elf,0,424,313418.78,739.1950926612009
"54-7278274",Hobbit,0,130,143277.4,1102.1341480255128
"64-6400445",Human,0,3,2769.97,923.3233032226562
"00-1830166",Hobbit,0,50,12896.162,257.9231962871552
"99-4742087",Demon,0,15,3943.77,262.91799699465435
"80-9489953",Human,1,17,3975.27,233.8394084257238
"88-4172559",Human,0,65,16646.049,256.09307405031643
"46-5287197",Orc,0,49,16255.713,331.74918304307727
"76-5265222",Elf,0,12,5427.6196,452.30166880289715
"29-6567609",Angel,0,53,38744.176,731.0222600810932
"98-0469771",Orc,0,6,2201.01,366.83499304453534
"57-2130568",Orc,0,72,15983.3955,221.99152725603847
"95-2898280",Orc,0,31,6346.431,204.72354696642967
"28-4456600",Elf,0,52,34300.39,659.6226841728561
"92-0976005",Human,1,46,165508.62,3598.013940769693
"11-6100605",Northman,0,1,449.18,449.17999267578125
"55-0695254",Orc,0,87,64002.44,735.6599999159232
"04-8824676",Human,0,11,1182.85,107.53181726282293
"40-4654716",Human,1,17,6378.389,375.1994090360754
"59-5192176",Demon,0,54,118897.55,2201.806294988703
"74-7106504",Elf,0,143,15590.834,109.02678273774526
"16-9343487",Hobbit,0,39,10262.201,263.13333154336
"99-9432191",Orc,0,49,54415.535,1110.5212143294666
"81-0576409",Hobbit,0,46,11600.111,252.17630303424338
"81-5495205",Human,0,32,74399.72,2324.9912541508675
"56-7032083",Northman,1,18,5317.579,295.42110994127063
"24-0219858",Angel,0,1,149.73,149.72999572753906
"36-3199407",Northman,0,30,14827.52,494.2506599108378
"08-9675813",Orc,0,24,39223.125,1634.2966756820679
"62-3588586",Hobbit,0,39,13133.338,336.75230309902093
"34-8243494",Human,0,4,1242.74,310.68500328063965
"20-6368514",Orc,0,68,36433.766,535.7905831617468
"57-9527554",Human,0,3,202.12999,67.37666702270508
"22-8294360",Elf,0,11,24850.61,2259.1463519009676
"68-1611250",Angel,0,25,8321.541,332.8616024446487
"87-4724440",Hobbit,0,17,13887.251,816.8970619650448
"60-4349688",Human,0,171,74248.14,434.19970907244766
"43-8427273",Demon,1,65,8178.442,125.82215321568343
"44-4270384",Orc,0,63,69429.625,1102.0574535793728
"87-9948948",Northman,0,35,26063.748,744.678281545639
"79-0909263",Hobbit,1,24,4431.0396,184.62666626771292
"78-8291545",Elf,0,46,26141.973,568.3036916566932
"20-1581289",Demon,0,14,8560.69,611.4778573172433
"95-7049023",Orc,0,131,33473.598,255.5236633988737
"04-7056392",Human,0,97,90444.6,932.418458987757
"54-5485601",Northman,1,48,13030.839,271.47583349545795
"89-6144068",Elf,0,5,13475.501,2695.1
"43-7469059",Hobbit,0,47,23475.463,499.4778688309041
"57-6808148",Demon,0,144,55179.492,383.19076289402113
"39-3628140",Hobbit,0,7,1676.9501,239.56428446088518
"68-2041434",Demon,0,99,29942.23,302.44666619342985
"37-6390750",Human,0,7,406.62,58.0885716847011
"86-4998698",Human,0,43,5934.95,138.0220922425736
"87-2830249",Northman,0,27,25748.695,953.6551833770893
"67-6152698",Human,0,30,16480.67,549.3556673049927
"28-0070171",Human,0,12,2554.9902,212.9158283074697
"89-8939071",Hobbit,0,98,61380.953,626.3360201193362
"30-2315579",Hobbit,1,43,6328.9004,147.18372048888097
"65-2178822",Elf,0,22,50241.156,2283.6886284568095
"11-2348367",Orc,0,34,28780.45,846.4838079003727
"46-4855425",Human,0,7,4845.7603,692.2514313289097
"03-1103571",Human,0,30,4657.7505,155.2583322763443
"21-8292068",Human,0,64,47407.316,740.7392165362835
"23-3467768",Northman,0,95,89894.28,946.2557969849164
"75-6951936",Angel,1,5,2962.7402,592.5479873657226
"72-4103403",Demon,1,32,11278.699,352.4593732059002
"96-3285430",Northman,0,5,763.60004,152.72000122070312
"34-0564269",Northman,0,149,24469.213,164.22281716333939
"16-6329798",Human,0,23,11117.87,483.3856514640476
"68-7223575",Human,0,50,27728.832,554.5766003131866
"92-6629712",Human,0,20,33053.375,1652.6685256958008
"58-3063414",Elf,0,2,692.49,346.2449951171875
"64-5665900",Orc,0,88,21283.371,241.85647594928741
"48-5884792",Elf,0,129,107689.914,834.8058152124863
"35-8337114",Demon,0,24,10831.829,451.32624888420105
"68-4791157",Orc,0,31,11901.271,383.91193925949835
"14-2484884",Human,0,41,36496.133,890.1495069643346
"75-4948147",Orc,0,47,146304.3,3112.8574392066357
"82-0360565",Elf,0,147,576479.7,3921.6313126918917
"84-0405248",Hobbit,0,16,7538.7803,471.17375169694424
"16-5685887",Hobbit,0,49,57045.965,1164.2034778205716
"58-6410927",Hobbit,0,52,67150.34,1291.3526926774246
"46-4604791",Northman,0,188,112637.92,599.1378167537932
"26-3248334",Hobbit,0,45,38150.645,847.7920010036893
"00-4872960",Northman,0,283,1084375.5,3831.7164845820453
"38-0236508",Human,0,26,9054.8,348.26153208659247
"38-7694969",Northman,0,26,10443.52,401.67384829887976
"59-1878153",Orc,0,17,3361.9902,197.76411555795107
"68-2648830",Orc,1,11,4062.7898,369.34453600103205
"93-1931506",Demon,0,3,374.31,124.76999918619792
"60-1689134",Elf,0,1,486.62,486.6199951171875
"73-4765988",Northman,0,38,9008.989,237.0786833167076
"38-9680167",Hobbit,0,357,35612.74,99.75540487706161
"31-7846606",Hobbit,0,34,9960.599,292.9588209671133
"31-8837054",Human,1,30,20919.234,697.3076753060024
"69-7787257",Human,0,18,4266.5903,237.0327763557434
"81-3954387",Elf,0,47,39999.758,851.0585000667166
"55-9232484",Elf,0,69,17226.043,249.65275288146475
"27-8539687",Human,0,10,1491.14,149.11400098800658
"60-0517504",Orc,0,22,1344.7699,61.12590915591202
"13-9088747",Orc,0,14,12060.56,861.4685701642718
"67-9785273",Human,0,1,336.89,336.8900146484375
"32-3541635",Hobbit,0,9,7636.8604,848.5399873521593
"49-4606494",Demon,0,101,27148.975,268.8016841222744
"36-5460445",Orc,0,16,2336.51,146.03187727928162
"36-2249372",Human,1,114,416212.62,3650.987361364197
"82-3738882",Northman,1,451,74490.875,165.16818085398748
"87-5810047",Orc,0,31,5742.04,185.22709880336637
"10-5272584",Hobbit,1,3,374.31,124.76999918619792
"44-1893879",Hobbit,0,102,64447.31,631.8362734832016
"16-8136275",Human,0,18,19951.23,1108.4016711976792
"08-9091050",Orc,0,22,10294.729,467.9422638633034
"76-5100441",Northman,0,16,6363.429,397.7143756300211
"43-2141524",Hobbit,0,15,733.66003,48.91066646575928
"31-7041554",Human,0,27,9373.111,347.15222213886403
"07-5255954",Human,0,180,345002.53,1916.6811582989162
"66-0372029",Human,0,48,10894.16,226.96166306734085
"39-5577813",Angel,0,32,11787.33,368.35406270623207
"48-4337822",Human,0,27,14787.15,547.6722174750435
"26-0085102",Hobbit,0,248,90843.73,366.30523938256044
"91-2563449",Hobbit,0,3526,190766.69,54.10285310848324
"82-3881990",Northman,0,13,2504.2002,192.63076620835525
"49-8854222",Elf,0,15,2137.4001,142.4933303833008
"24-1684782",Northman,1,43,17772.299,413.3092998903851
"07-5252199",Angel,0,15,1720.3501,114.68999938964843
"83-6347135",Demon,1,18,4929.57,273.86499902523224
"99-5911678",Hobbit,1,28,3784.3604,135.15571410315377
"57-6279120",Hobbit,0,49,9992.13,203.92102015687496
"51-9813303",Human,0,4,2560.34,640.0849988460541
"18-3774838",Demon,0,17,98804.14,5812.008127549116
"67-3618800",Hobbit,0,56,74077.76,1322.8171450751167
"95-0821390",Northman,0,78,10752.674,137.85474224121143
"29-8471626",Human,0,78,62409.984,800.1280743978344
"05-1346034",Hobbit,1,7,280.74,40.10571415083749
"67-1378051",Hobbit,1,733,373054.94,508.9421685865177
"97-8118681",Demon,1,75,214797.33,2863.9648126761117
"36-5743672",Northman,0,41,16671.332,406.61780614969206
"95-3561799",Human,1,4,127.26,31.815000295639038
"38-8731696",Hobbit,0,12,7661.19,638.4324933687845
"00-1877605",Northman,1,4,453.66998,113.41750198602676
"32-0171544",Human,0,34,136118.73,4003.492337058572
"09-0471197",Elf,0,33,26224.07,794.6687952677408
"27-9915954",Elf,1,1,1048.09,1048.0899658203125
"57-6885043",Elf,0,69,51701.035,749.2902826018956
"90-1510961",Orc,0,10,2964.62,296.4620056152344
"89-2124156",Orc,0,13,16014.66,1231.8969151423528
"84-3635559",Human,0,23,1340.17,58.26826084469972
"43-7896795",Human,0,21,2904.8503,138.32618981315977
"59-1904303",Elf,0,115,97220.43,845.3949510698733
"41-4819980",Angel,0,38,75852.09,1996.107901096344
"78-2260682",Demon,1,19,4491.85,236.41316112719085
"72-1000953",Demon,1,45,16147.371,358.83044674661426
"33-5540885",Northman,0,67,210711.06,3144.941186221678
"62-7902383",Northman,0,37,50780.94,1372.4575640704181
"56-5770715",Human,0,23,22124.562,961.9373804175335
"71-4818118",Orc,0,30,8171.269,272.37566599051155
"46-3728925",Orc,0,233,129345.84,555.1326577550864
"33-2989649",Northman,0,92,34170.05,371.41358698969304
"70-0878482",Northman,0,105,5617.912,53.50390474455697
"75-4761545",Elf,0,32,3166.0796,98.9399992749095
"69-9070240",Northman,0,73,30544.473,418.4173958530165
"31-3114142",Human,0,5,1037.62,207.52399749755858
"73-6894028",Human,0,1,898.37,898.3699951171875
"79-5715984",Hobbit,0,175,57191.344,326.80765806425893
"17-1010288",Orc,0,3,1027.73,342.57666269938153
"06-7368308",Human,0,34,80052.82,2354.494987039005
"47-5574740",Angel,0,443,14275.662,32.224943455401174
"88-6844254",Orc,1,23,6734.72,292.8139140554096
"35-0959460",Orc,0,36,24086.648,669.0736047426859
"62-7096276",Elf,0,216,102191.27,473.1078661768525
"00-7012064",Elf,0,17,6208.449,365.2029400993796
"36-8802530",Angel,0,12,3761.9102,313.4924958546956
"96-2717769",Demon,0,1,1031.86,1031.8599853515625
"21-6145481",Human,1,19,1629.8799,85.78315679699574
"11-2883685",Northman,0,1,149.73,149.72999572753906
"67-5844266",Human,0,58,16660.973,287.2581008590501
"21-6432672",Elf,0,211,181178.25,858.6650744524047
"76-5994575",Northman,1,35,16783.56,479.53027864864896
"71-3043977",Northman,0,622,100080.3,160.90094618820302
"06-1542940",Human,1,72,78783.07,1094.2090174357097
"08-8623692",Northman,1,596,28474180,47775.41580583265
"45-4996784",Northman,0,51,3886.529,76.20647002201454
"96-0311644",Northman,0,1,374.32,374.32000732421875
"09-8785918",Orc,0,75,33626.293,448.3505296230316
"59-5155752",Elf,0,2,2994.56,1497.2799682617188
"52-9917096",Hobbit,0,32,8134.051,254.18906021118164
"47-8289641",Northman,0,239,627881.06,2627.118406961434
"14-0825054",Orc,0,16,3261.9897,203.87437300384045
"21-0139746",Demon,0,101,24729.438,244.84584014486558
"71-5731809",Demon,0,9,1235.25,137.2499996026357
"42-6461928",Human,1,25,10128.109,405.12440237045286
"16-5576367",Human,1,6,1072.04,178.67333189646402
"56-7923425",Human,0,37,15635.3,422.5756834197689
"84-7977760",Human,1,35,12120.461,346.2988589831761
"06-1026745",Elf,0,34,8263.46,243.0429453499177
"41-9311968",Elf,0,33,48889.84,1481.5102973201058
"28-4803025",Elf,0,34,15028.63,442.0185229848413
"49-7508449",Northman,1,46,16668.3,362.35434947324836
"77-5541685",Human,0,45,21290.537,473.12310763465035
"23-9614231",Human,0,23,61508.04,2674.262589164402
"21-9968260",Orc,0,164,290539.22,1771.581452451101
"78-3379177",Orc,0,1,374.32,374.32000732421875
"42-6767012",Orc,0,11,966.55005,87.86818597533487
"82-8535218",Human,0,46,25303.998,550.08696017058
"69-1967387",Demon,0,28,29171.473,1041.8382192339216
"24-6945032",Northman,0,22,22672.45,1030.5659088763323
"63-0961547",Human,0,268,76672.57,286.09186629739713
"28-7578118",Orc,0,14,6842.56,488.75428567613875
"43-5664791",Hobbit,0,29,2881.6501,99.36724139904153
"81-8924017",Human,1,4,576.45,144.11250114440918
"83-7040631",Demon,0,3,750.56006,250.18667153517404
"55-0491056",Northman,0,40,8215.96,205.3989989936352
"21-5260280",Human,1,36,1824.7,50.68611171510484
"72-4251300",Demon,0,36,85174.45,2365.9571997324624
"67-2577307",Orc,1,22,7006.9,318.49545552513814
"72-5732292",Elf,0,21,1961.45,93.40238057999383
"71-5312516",Human,0,19,3829.2998,201.542101809853
"59-3744837",Demon,1,18,5727.0996,318.17222225666046
"72-6578109",Hobbit,0,65,82669.18,1271.8336922132053
"72-2005988",Northman,0,6,1194.46,199.07666619618735
"93-2776291",Elf,0,27,23060.771,854.1025981903076
"81-9409183",Orc,0,9,2096.18,232.9088888168335
"50-3479271",Hobbit,1,5,468.64996,93.72999954223633
"94-3061903",Hobbit,0,118,43476.777,368.44728725946555
"93-6987736",Orc,0,66,48563.773,735.8146892966646
"02-0365819",Hobbit,0,6,1595.16,265.86000061035156
"60-2929490",Demon,0,32,10638.77,332.4615636020899
"42-4034046",Northman,0,45,2541.63,56.48066727320353
"26-3066842",Elf,0,6,1542.21,257.0349934895833
"50-3347144",Northman,1,47,10271.461,218.54170093130557
"10-2995117",Elf,0,72,55650.15,772.9186071952184
"81-3756417",Human,0,33,24174.71,732.5669621193048
"12-8967200",Elf,0,7,1579.6299,225.66142763410295
"52-9446762",Hobbit,0,87,52353.207,601.7611483102557
"70-6995708",Elf,1,10,10144.07,1014.4069931030274
"19-9524532",Hobbit,0,72,18476.32,256.61555614736346
"90-2089091",Northman,0,35,19232.488,549.4997137887137
"21-0659246",Hobbit,0,9,2215.2002,246.1333310869005
"66-6435724",Northman,0,7,7627.7295,1089.6757114955358
"40-7526459",Orc,1,18,8359.39,464.41055477990045
"84-7127323",Human,0,91,231733.6,2546.5230831942717
"72-5540531",Human,0,224,97471.56,435.14080389056886
"94-6931700",Human,0,33,19427.219,588.7036340886897
"28-5316047",Human,0,16,4283.24,267.7024956345558
"21-2175869",Human,1,31,10511.949,339.09516140722457
"14-7502455",Orc,0,88,321885.12,3657.786130731756
"88-2306485",Hobbit,0,6,1894.4,315.7333257198334
"89-8710524",Northman,0,28,49581.695,1770.774647440229
"84-2343788",Human,0,1,1122.96,1122.9599609375
"08-2322217",Demon,0,4,4566.6997,1141.674961090088
"21-9074552",Angel,0,90,27196.182,302.1797743801441
"73-9008830",Demon,1,7,1749.1901,249.88428047725134
"20-8900275",Northman,0,80,78456.625,980.7077464699745
"75-3689467",Orc,0,64,12494.221,195.2221893267706
"00-8302867",Human,1,17,4154.93,244.40764685238108
"28-1518528",Orc,0,4,1725.5999,431.3999887108803
"47-0494866",Northman,0,199,63051.41,316.8412036524346
"36-1796649",Elf,0,38,6774.67,178.28078646408883
"41-5751048",Human,0,100,112458.516,1124.5850973701477
"25-8794667",Angel,0,40,11607.399,290.18500142097474
"27-0056829",Human,1,23,20193.04,877.95826140694
"96-2363464",Elf,0,27,17516.922,648.7748133429775
"95-6532370",Human,0,97,32122.809,331.1629904176771
"73-5493316",Human,0,78,15890.416,203.72333037547577
"08-8468348",Elf,0,18,39756.473,2208.6927911043167
"67-4305294",Human,0,106,51090.824,481.98886660809785
"62-9097225",Human,0,117,89993.97,769.1788903260842
"67-1588510",Human,0,39,154241.86,3954.9192518576597
"10-1511210",Northman,0,45,5771.9614,128.26577803293864
"27-5464830",Human,0,20,18667.342,933.3670145988465
"85-9115902",Elf,0,15,2713.2,180.8799994468689
"93-6722886",Hobbit,0,25,3331.43,133.25719730377196
"38-6578804",Orc,0,13,4777.68,367.5138491850633
"70-7689790",Northman,0,54,25573.545,473.58406517240735
"55-0620996",Hobbit,0,71,14658.811,206.4621128364348
"23-7469416",Demon,0,54,7287.802,134.95925970761866
"88-3021003",Elf,0,1,224.59,224.58999633789062
"78-1273289",Orc,0,55,27597.531,501.77327255335723
"60-8997694",Elf,0,7,1317.61,188.23000144958496
"69-6160369",Orc,0,37,24861.836,671.9416192286724
"84-6095389",Human,0,46,126259.3,2744.767399580582
"55-7492472",Northman,0,8,2788.6702,348.58374309539795
"27-0506300",Elf,0,13,9316.53,716.6561549260066
"08-6223714",Hobbit,1,32,13419.351,419.35468459129333
"82-7156965",Elf,0,71,37100.004,522.5350680787799
"09-9641499",Human,0,12,1706.9099,142.24249760309854
"03-4757897",Hobbit,0,3,449.18,149.7266642252604
"12-0165371",Demon,1,31,19698.283,635.4283909720759
"67-4904959",Orc,0,26,15931.739,612.7592225074768
"88-5822864",Human,0,87,29926.848,343.9867799830163
"43-8366223",Elf,0,34,13746.049,404.2955860250136
"78-3931677",Human,0,30,13529.418,450.9806734085083
"71-0714383",Northman,0,1,4866.15,4866.14990234375
"48-6074563",Hobbit,1,24,8784.529,366.0220861037572
"19-6003102",Elf,1,33,7539.4697,228.46878858971778
"10-8546999",Hobbit,0,19,1976.3899,104.02052595740871
"18-5964459",Northman,0,2,464.16,232.0800018310547
"53-1605298",Hobbit,0,45,3678.4702,81.74377870559692
"70-4223721",Human,0,56,33214.062,593.1083906037467
"67-5760332",Human,0,17,2874.7898,169.105292039759
"77-6546108",Orc,0,15,3124.8,208.3199987570445
"88-7308688",Northman,0,1,3743.19,3743.18994140625
"19-7020823",Northman,1,22,5049.56,229.5254538709467
"22-3253268",Human,1,4,673.97,168.49249725416303
"99-5311619",Demon,0,21,3821.79,181.98999922616142
"75-2405876",Orc,0,25,6257.56,250.30240112304688
"07-0712483",Angel,0,35,10177.74,290.792567723138
"13-0522220",Northman,0,27,15489.34,573.6792546025029
"49-0623081",Human,0,8,1497.27,187.15874767303467
"68-1742707",Human,0,28,6936.3506,247.72678530641966
"53-5330269",Northman,0,86,52817.887,614.1614012413247
"35-9406992",Hobbit,0,83,46540.7,560.731323115797
"59-9735923",Human,0,21,46848.164,2230.8647955485753
"61-2811923",Elf,1,23,8317.67,361.6378276995991
"62-6493623",Human,0,28,30016.879,1072.0314237730843
"18-3764683",Human,0,4,8309.89,2077.4724769592285
"95-9985991",Angel,0,19,6004.0586,316.00315616005344
"33-4741172",Human,1,107,242969.12,2270.739518254717
"28-1134173",Orc,0,9,3608.52,400.94666675147084
"96-7063536",Hobbit,0,27,9500.22,351.86000477826155
"99-9157515",Orc,0,71,26850.602,378.17746201703244
"67-5330636",Elf,0,31,72485.07,2338.228053246775
"41-3211235",Northman,0,73,31146.732,426.66753281795815
"32-2995884",Northman,0,28,8569.709,306.061073252133
"48-5402413",Elf,0,58,18516.994,319.25844628286774
"10-9884134",Human,0,1,374.32,374.32000732421875
"83-7767046",Elf,0,1,14.97,14.970000267028809
"94-3579927",Human,0,17,6791.631,399.5076418624205
"10-5657242",Orc,0,20,12043.59,602.1794824123383
"83-4944694",Human,0,49,15478.221,315.88203833073527
"03-1228968",Angel,0,21,4252.2905,202.48999890826997
"27-0498231",Human,0,41,23783.672,580.0895103114407
"97-0923664",Northman,1,129,70208.49,544.2517845612164
"59-7336680",Hobbit,0,16,1357.88,84.86750047653913
"61-6172874",Hobbit,0,19,1741.51,91.65842006081029
"98-9613732",Orc,1,2,786.07,393.0349979400635
"96-6309864",Elf,0,33,8272.47,250.68090496641216
"94-3793842",Orc,0,118,116300.32,985.5961004121829
"07-9192571",Human,0,125,58198.684,465.5893596298546
"32-1735099",Human,1,62,77314.57,1247.0092011344047
"15-7534702",Orc,0,37,6414.32,173.3599998628771
"24-6069931",Northman,0,108,36092.363,334.1885179435765
"14-6193318",Human,0,14,8654.72,618.1942892074585
"27-6553095",Hobbit,1,69,29181.838,422.9250701994136
"10-2577011",Demon,0,13,9956.91,765.9161611703726
"08-9248133",Demon,0,19,5678.4307,298.8647315502167
"15-9926989",Orc,1,18,49335.32,2740.850545247396
"37-4612230",Human,1,14,13962.11,997.2935763767788
"63-1904966",Hobbit,0,15,56788.055,3785.870025416712
"52-1818513",Hobbit,0,103,33020.75,320.58970825649004
"94-3328789",Hobbit,0,39,29207.42,748.9082053502401
"29-7203522",Elf,0,4,1497.28,374.32000732421875
"93-3419985",Elf,0,48,7888.13,164.3360394835472
"72-2586553",Northman,0,281,152418.72,542.4154462050712
"81-7186360",Hobbit,0,37,12902.7705,348.723512855736
"07-5085930",Angel,0,223,112580.89,504.8469467248617
"16-8107546",Hobbit,0,29,10413.559,359.08827531748807
"76-7101798",Human,0,12,11481.98,956.8316834072272
"58-3323053",Human,0,88,18820.73,213.87193251468918
"93-3164382",Elf,0,6,718.68994,119.78166739145915
"80-1875719",Hobbit,0,41,11117.731,271.16414645241525
"08-0144129",Northman,0,33,7610.939,230.63454323826414
"46-6005788",Northman,0,1,44.92,44.91999816894531
"82-3852775",Hobbit,0,9,4053.8699,450.4299982123905
"60-6454339",Hobbit,0,19,8684.28,457.0673692763636
"66-4918020",Northman,0,67,86175.836,1286.20655848375
"64-9104380",Northman,0,49,11487.869,234.44632559406514
"41-0764940",Northman,0,4213,145958.7,34.64502011788463
"11-0067600",Northman,0,234,362467.7,1549.008420751645
"35-5058267",Hobbit,1,2,157.22,78.60999774932861
"84-3552532",Orc,0,27,21729.281,804.7881257798937
"15-8469612",Orc,0,1,62.14,62.13999938964844
"29-8061735",Human,0,45,44304.03,984.5340037239922
"64-9739616",Human,0,21,3993.97,190.18904749552408
"52-3136335",Human,0,25,5285.39,211.41559902191162
"40-2289921",Orc,0,3,823.51,274.5033264160156
"09-6795201",Northman,1,60,45933.684,765.5613357384999
"86-3451873",Human,0,31,30325.861,978.2535337555793
"52-4206363",Demon,0,9,10780.41,1197.8233252631294
"13-2273869",Angel,0,32,81508.03,2547.1262385845184
"33-6702619",Northman,0,3,1721.87,573.9566752115885
"34-7882051",Northman,0,34,17297.291,508.7438205270206
"58-0818702",Human,0,38,52334.414,1377.2213227623388
"73-3639854",Orc,1,5,935.79,187.15799560546876
"62-2847281",Human,0,386,820593.1,2125.889811137797
"02-6930924",Human,0,225,157482.0,699.9201777397593
"86-0171524",Orc,0,9,2915.47,323.9411093393962
"10-5000940",Northman,0,201,46960.113,233.63233781928446
"61-6101309",Orc,0,15,2837.3496,189.15666809082032
"08-7177248",Northman,0,402,43680.277,108.65751230864976
"44-5393174",Hobbit,0,4,965.75,241.43749809265137
"42-1985108",Hobbit,0,1,314.43,314.42999267578125
"34-7942625",Human,0,47,9617.391,204.62531469223347
"55-8529006",Human,0,20,12756.461,637.8229917526245
"43-9272648",Hobbit,0,427,97096.18,227.39152143236066
"78-0484569",Northman,0,15,24143.6,1609.5733225504557
"63-5640965",Northman,0,55,8409.289,152.89618134932084
"43-2534874",Orc,0,33,9019.62,273.32181268749815
"62-1553743",Elf,0,13,56267.67,4328.282293466421
"02-5001856",Human,0,2,12726.86,6363.43017578125
"37-9750301",Northman,0,17,9032.761,531.3388193915872
"45-5175446",Orc,0,37,6826.3403,184.49567558958725
"13-3131605",Human,0,54,16029.73,296.84685196699917
"92-8645386",Human,0,80,86790.914,1084.886382714752
"37-2071095",Human,1,31,12549.481,404.8219334079373
"71-9184537",Elf,1,5,4126.86,825.371989440918
"14-3183798",Human,0,70,26598.924,379.98457058497837
"54-8271108",Hobbit,0,80,33728.414,421.6051261454821
"65-7323511",Hobbit,1,5,14325.19,2865.038023376465
"16-8207403",Human,0,5,4654.3296,930.8659934997559
"88-1810487",Orc,0,9,7853.22,872.5799865722656
"63-5771513",Orc,0,41,17293.746,421.79877878979937
"40-1515356",Hobbit,0,47,9814.651,208.82234045799743
"72-0221787",Hobbit,1,80,187524.38,2344.0546301454306
"89-2392577",Orc,0,28,25564.496,913.0178606595312
"03-6774187",Human,0,39,18236.81,467.61051505651227
"19-0263083",Orc,0,134,26973.367,201.29372941202192
"36-3883286",Hobbit,1,19,25631.79,1349.041580702129
"82-2144794",Demon,0,37,54118.125,1462.6521518552624
"03-7195800",Orc,0,8,1701.1201,212.64000034332275
"13-6421309",Human,0,154,231650.22,1504.2225862681357
"02-0602046",Human,0,3,1012.15,337.3833465576172
"74-5029917",Human,1,73,73932.26,1012.7704063311015
"62-3153914",Human,0,51,6411.2104,125.70999906577316
"77-2217048",Northman,0,46,15302.202,332.6565240362416
"94-7141460",Orc,0,56,54780.152,978.2169581821987
"06-4633473",Human,0,71,22906.691,322.6294381383439
"05-1371191",Human,0,48,23067.104,480.56458377838135
"59-5525234",Orc,0,75,30632.312,408.43079999287926
"09-0459584",Elf,0,41,14152.401,345.1804837715335
"70-6478847",Northman,0,28,5135.63,183.4153577344758
"81-4928926",Angel,1,11,8812.22,801.1109001853249
"91-7133381",Northman,0,23,15135.949,658.0847712807033
"99-3424355",Elf,0,168,584722.25,3480.489633067733
"69-5121567",Elf,0,60,53844.01,897.399992609024
"36-0656180",Elf,1,82,18793.88,229.19365930266497
"41-6081912",Orc,0,4,404.26,101.0649995803833
"26-5700293",Orc,0,28,9642.51,344.3753547668457
"09-4573776",Northman,0,68,50386.242,740.9739769675276
"72-3727857",Northman,0,6,696.22,116.0366684993108
"33-6634774",Northman,0,26,17639.72,678.4507764302767
"27-7447702",Orc,0,43,10999.3125,255.79790656511173
"26-7179363",Northman,0,30,1198.4498,39.94833279848099
"59-1288071",Orc,1,17,22026.309,1295.665304520551
"12-6925949",Orc,0,47,9733.603,207.09787023828386
"69-9420582",Human,0,2,14.98,7.489999771118164
"67-6129447",Hobbit,1,21,14785.609,704.076653616769
"05-0328721",Orc,0,19,3859.24,203.1178931311557
"95-6656558",Human,0,14,18244.322,1303.1657355172295
"82-2119590",Orc,1,16,2121.5398,132.5962496995926
"89-2970233",Orc,0,185,36502.69,197.31183609446964
"69-2283388",Orc,0,15,1813.2001,120.87999930381775
"14-4701851",Human,0,69,14095.171,204.27782473356828
"68-7915719",Hobbit,0,3,37.57,12.523333435257276
"16-7757725",Human,0,1,374.32,374.32000732421875
"20-7581387",Human,1,95,13739.325,144.62442083609733
"64-4817811",Northman,0,99,67563.0,682.4544473544064
"60-5973388",Hobbit,0,174,209916.78,1206.4184440525098
"59-8958070",Orc,0,85,8776.97,103.25847057174234
"78-8458654",Human,1,65,14102.832,216.96661491394042
"41-7263999",Hobbit,0,37,57962.64,1566.5578821736412
"09-0981776",Human,0,102,41160.195,403.53117613698925
"35-0694351",Human,0,85,159834.22,1880.4025840198292
"95-8158685",Human,0,6,958.24994,159.70833333333334
"24-6795939",Human,0,41,5877.549,143.3548768962302
"63-8324790",Orc,0,25,29084.623,1163.3848013305665
"15-3148915",Northman,0,16,2725.0398,170.31499922275543
"43-0276564",Human,0,16,5547.41,346.7131304740906
"77-4190155",Orc,0,22,13164.819,598.4009067362005
"52-1941667",Hobbit,0,6,9021.84,1503.6399230957031
"68-4712524",Orc,0,46,31087.814,675.8219506636909
"04-1935901",Hobbit,0,29,6850.58,236.22689530767244
"40-7748440",Human,1,5,1030.54,206.1080005645752
"57-9833907",Orc,0,9,797.2999,88.5888904730479
"60-4366497",Human,0,2,164.7,82.3499984741211
"14-8867859",Hobbit,0,24,34175.25,1423.9687461853027
"09-5128735",Demon,1,183,232005.69,1267.791147919952
"79-6528105",Orc,0,44,204846.61,4655.605712630532
"44-2944382",Human,0,164,57516.27,350.7089590328496
"93-8634452",Orc,0,11,17443.291,1585.7536399147727
"31-3807455",Human,0,194,46604.91,240.23144174851092
"18-2863986",Human,1,20,23846.63,1192.3314835786819
"68-0718446",Hobbit,0,71,56684.74,798.3764830038581
"05-6782848",Orc,1,33,11298.932,342.39181327819824
"01-0074905",Human,1,8720,819930.75,94.02837036196163
"88-7198956",Northman,0,4,3927.74,981.9349880218506
"99-8814360",Human,0,77,47707.477,619.5775240860976
"58-2234613",Human,0,154,284371.8,1846.570835881419
"95-5741771",Demon,0,82,18821.412,229.52938975357426
"57-5860612",Northman,0,4,212.84,53.209999084472656
"16-5416716",Hobbit,0,31,17336.504,559.2419479816191
"29-5170054",Elf,0,79,99059.875,1253.9224137897734
"42-6875409",Demon,0,21,5176.8394,246.51618675958542
"74-9939573",Orc,0,14,6063.98,433.1414271763393
"65-5824313",Demon,1,21,2238.4297,106.59190477643695
"90-2846589",Hobbit,0,67,18494.197,276.03283493999226
"73-3965119",Hobbit,0,83,142391.1,1715.5550650401287
"27-0148842",Human,0,65,19428.033,298.89276748437146
"31-7199673",Human,0,1,187.16,187.16000366210938
"54-6160058",Human,0,15,2044.5399,136.30266469319662
"39-5371253",Human,0,37,11726.649,316.93648699811985
"89-6473377",Hobbit,0,2,414.75,207.37500381469727
"46-0760553",Orc,0,26,8890.07,341.9257663671787
"29-1994270",Orc,0,1,37.43,37.43000030517578
"16-8611081",Orc,0,8,6205.1,775.6374859809875
"06-9573037",Orc,1,4,1310.12,327.53000259399414
"45-3949994",Human,1,68,25379.178,373.22323273385274
"85-5192034",Human,0,4,7872.61,1968.1524963378906
"39-3047490",Orc,0,3,4005.22,1335.0733133951824
"38-6937858",Elf,0,25,9354.209,374.16839721679685
"72-4789898",Hobbit,0,20,5255.43,262.7715034484863
"69-7104028",Northman,0,1,7.49,7.489999771118164
"32-9102244",Elf,0,47,7499.729,159.5687232664291
"10-8016417",Demon,1,1,2.99,2.990000009536743
"89-4863571",Orc,0,138,65645.234,475.6900025381558
"37-1699470",Demon,0,40,39453.273,986.3317281723023
"55-3575414",Hobbit,0,4,2021.3201,505.3299903869629
"09-3656580",Human,1,45,55694.883,1237.6640027957658
"42-7170887",Orc,0,13,4406.51,338.9623002272386
"81-2958678",Orc,1,52,11381.188,218.86903851078108
"54-4759217",Demon,0,136,78580.79,577.7999917549246
"29-5574546",Orc,1,24,4786.79,199.4495813846588
"55-9910122",Angel,0,100,44953.06,449.53049959488214
"28-2261185",Human,1,31,11274.051,363.6790330948368
"38-7478690",Angel,1,4,1422.3999,355.59999084472656
"78-4630434",Hobbit,0,37,25885.352,699.6040528271649
"33-5664135",Human,0,55,10660.7,193.83090889670632
"53-6042822",Hobbit,0,21,10668.09,508.0042754695529
"28-4084592",Northman,1,30,105531.13,3517.7040231068927
"38-1003952",Orc,0,33,19640.5,595.1666611758145
"60-2816774",Human,0,62,23103.104,372.6306455156976
"75-1402513",Human,0,91,9920.983,109.02175740095285
"71-8703979",Hobbit,1,39,26123.725,669.8392330071865
"20-0208692",Human,0,14,1875.3202,133.9514297246933
"14-7706286",Human,1,10,2485.48,248.54799654483796
"24-2152690",Human,1,19,36771.67,1935.3510999177631
"90-8677532",Elf,0,166,50891.277,306.573974833431
"79-2503361",Northman,0,4,1377.4199,344.3549852371216
"23-2538040",Northman,0,2,3743.1902,1871.5950622558594
"21-1828637",Human,0,89,71085.27,798.7110020082988
"80-3651511",Orc,0,138,244869.89,1774.4199298792992
"84-4842186",Demon,0,62,14384.802,232.0129026289909
"10-3836058",Orc,0,30,9130.03,304.3343338807424
"60-1486031",Northman,1,42,12249.412,291.6526164100284
"54-1728814",Elf,1,6,5024.57,837.4283294677734
"59-6932573",Angel,0,71,39814.28,560.7644972096027
"78-1133785",Human,0,19,7516.3403,395.59684768475984
"69-3795446",Demon,1,6,4267.2505,711.2083460489908
"00-1189819",Orc,1,84,40765.152,485.29939711661564
"35-7039026",Human,0,36,43858.9,1218.3027677271102
"79-9122568",Orc,0,7,1934.4899,276.35571588788713
"32-4483831",Northman,1,88,24367.291,276.90113669394685
"25-0748131",Hobbit,0,29,8284.28,285.66482563676504
"00-6675478",Elf,0,4,1384.9801,346.2450008392334
"44-5257585",Human,0,105,261091.19,2486.583227671328
"17-4758429",Hobbit,0,22,11079.852,503.6295491998846
"95-6885833",Human,0,28,5929.2095,211.75749969482422
"04-6635951",Elf,0,2,75.01,37.505001068115234
"95-9122225",Angel,0,150,31671.893,211.14586527645588
"07-0787402",Human,0,14,700.42,50.03000049931662
"90-0447276",Orc,0,9,2631.4702,292.38555738661023
"71-0144899",Northman,0,76,48514.08,638.3428887693506
"56-8450963",Elf,0,50,18588.707,371.77400219917297
"62-4653217",Northman,0,18,4656.63,258.7016662264036
"51-7755828",Northman,0,1,374.32,374.32000732421875
"38-5404279",Hobbit,0,38,15725.281,413.8231593684146
"97-0534867",Orc,0,8,1628.2899,203.53624963760376
"74-4760705",Human,1,7,2871.02,410.14570539338246
"03-8494601",Hobbit,0,11,1272.6799,115.69817976518111
"25-7109248",Angel,0,21,9649.0205,459.4771447862898
"41-6065041",Hobbit,1,240,101147.08,421.4462481677532
"92-0865738",Northman,0,156,54827.504,351.4582066547412
"30-0177389",Human,0,51,12175.752,238.74019578391432
"64-2791517",Orc,1,49,26686.734,544.6271399575837
"32-7643411",Human,1,2,116.04,58.02000153064728
"93-3839513",Human,0,24,108432.805,4518.03370698293
"17-5136878",Northman,0,151,79864.586,528.9044274020669
"04-4671409",Hobbit,1,175,25752.738,147.1584584222521
"26-6669847",Human,1,20,1124.5798,56.22899947166443
"73-6201316",Orc,0,18,17310.03,961.6683129204644
"40-5141140",Demon,0,16,159515.8,9969.736751794815
"69-8007490",Northman,0,65,41534.402,638.9907743600698
"17-3603824",Human,0,8,565.19995,70.65000084042549
"55-7192598",Human,0,64,45921.06,717.5164096802473
"71-1480482",Elf,0,134,27297.834,203.71507312023817
"44-8005547",Human,0,108,78721.445,728.9026873956814
"78-7121101",Orc,1,58,5906.248,101.83189701211863
"50-3708477",Orc,1,1,41.18,41.18000030517578
"81-4158744",Human,0,10,349.61002,34.96100006103516
"47-9863320",Human,0,28,86144.59,3076.592867725928
"85-5153454",Human,1,16,4679.05,292.44061946868896
"84-0676677",Elf,1,124,44590.336,359.599512661657
"42-2140359",Elf,0,145,148331.44,1022.9755862268909
"83-4048849",Angel,0,18,4772.7505,265.15278057257336
"48-3646367",Hobbit,0,31,42319.79,1365.1545349244147
"48-5402287",Northman,0,112,80627.82,719.89106966768
"56-0619584",Elf,0,46,4187.8706,91.04065315619759
"39-2696232",Elf,0,36,14445.2,401.25554988864394
"19-9014248",Orc,0,38,8305.739,218.57210360702715
"44-1936751",Orc,0,41,27789.5,677.7926806007944
"89-7042491",Human,1,26,34272.074,1318.1565440251277
"45-7096723",Human,1,4,5614.79,1403.697509765625
"03-7646349",Northman,0,10,3028.47,302.84699630737305
"73-1560864",Elf,1,165,559753.94,3392.448614692688
"17-8975190",Elf,0,15,6924.9097,461.66066487630206
"35-9222579",Angel,0,81,22783.8,281.2814788642903
"18-5921745",Orc,0,161,38746.51,240.66155404185656
"45-9425640",Orc,0,1,14.97,14.970000267028809
"82-0469232",Hobbit,0,7,2840.26,405.75142342703685
"60-9570403",Northman,0,19,26849.861,1413.1505271510075
"71-0928178",Elf,1,49,18295.742,373.382445199149
"19-1876362",Hobbit,0,129,85902.3,665.9093796042508
"40-3513748",Elf,0,4,2253.4102,563.3525109291077
"52-0312065",Hobbit,0,43,40856.99,950.1625492184661
"72-8322041",Orc,0,74,63937.914,864.0257977744615
"36-3157869",Human,0,95,48934.85,515.1036847566304
"22-0506971",Human,0,4,2193.51,548.3774919509888
"28-7724312",Angel,0,3,385.54,128.5133310953776
"84-0253153",Angel,0,123,61167.73,497.29861433913067
"49-7597076",Hobbit,0,19,3327.72,175.1431558508622
"47-2191614",Hobbit,1,58,168082.27,2897.9698456238057
"14-7939945",Orc,0,18,9623.371,534.6316500902176
"42-9403887",Northman,0,75,28203.242,376.043200767835
"54-9208991",Hobbit,0,49,13122.79,267.81203947505173
"66-6707285",Elf,0,51,41770.902,819.0372568579281
"32-2721731",Elf,0,37,14269.102,385.6513508783804
"26-6034316",Angel,0,2,860.93,430.4649963378906
"42-7882829",Hobbit,0,1,673.77,673.77001953125
"84-2462572",Hobbit,0,40,7606.1494,190.1537478685379
"67-1188722",Human,1,132,24753.836,187.5290165290688
"87-2828337",Orc,0,10,7943.0596,794.3059913635254
"14-3153676",Demon,0,13,1684.4299,129.57153965876654
"95-3826562",Elf,1,19,9864.08,519.162101695412
"03-5023451",Orc,0,20,2404.6396,120.23199920654297
"98-0100021",Orc,0,1,13.47,13.470000267028809
"97-0775719",Human,0,81,42366.727,523.0459341899848
"12-9216426",Angel,0,24,10512.87,438.0362448692322
"67-6563667",Orc,0,27,5266.67,195.06185532499242
"33-0766772",Angel,0,4,3496.15,874.0374794006348
"27-8377414",Orc,0,25,31791.545,1271.6619991302491
"84-3654957",Orc,0,36,78610.7,2183.630260060645
"38-4082999",Elf,0,46,42616.332,926.4419586762139
"11-0697468",Elf,1,13,2406.85,185.14230552086462
"62-0950696",Northman,0,18,18004.76,1000.2644551595052
"91-6343080",Orc,0,18,4432.6997,246.2611092991299
"05-2280697",Hobbit,0,23,2710.8098,117.8613038788671
"76-0597311",Elf,0,105,137165.62,1306.3395313035164
"61-0394474",Northman,0,88,40710.652,462.6209125356241
"21-5003251",Hobbit,0,62,24751.38,399.21580414618217
"13-9223678",Elf,1,25,2043.7699,81.75080136299134
"33-5382052",Human,0,65,36951.793,568.489084647252
"26-6986389",Orc,0,20,38527.133,1926.3565200805665
"20-0978815",Human,0,85,34241.234,402.838002911736
"91-9128426",Northman,0,41,301861.6,7362.478560796598
"97-7963261",Elf,0,58,17051.898,293.9982754115401
"87-9206405",Human,1,74,73403.81,991.9435416564748
"23-1809186",Elf,1,38,39595.56,1041.9884240250838
"83-5627318",Hobbit,0,194,101210.34,521.7027296466925
"76-4854539",Orc,0,149,46654.684,313.11865298219976
"86-3235987",Orc,1,4,613.88,153.46999740600586
"94-7848215",Orc,0,103,32305.45,313.6451457472681
"15-6632585",Angel,0,3,389.3,129.76666895548502
"18-2583423",Orc,1,118,283035.5,2398.6067791631667
"35-4426286",Human,0,9,1351.2899,150.14333311716715
"07-6185728",Northman,0,33,23898.062,724.1836413831422
"54-5092300",Human,0,59,220316.83,3734.184081449347
"65-8043451",Human,0,55,42425.055,771.3645475560969
"58-4144615",Orc,0,64,75718.74,1183.1051517920569
"88-9154251",Hobbit,0,108,40251.81,372.7019500224679
"52-5805908",Orc,0,40,4670.26,116.75649968534708
"84-3965353",Orc,0,10,2885.99,288.5990015268326
"01-9822993",Hobbit,0,6,2777.4602,462.9100039800008
"86-6021623",Human,0,221,288030.62,1303.3059708662163
"15-7988835",Elf,1,102,100885.27,989.0713816437067
"81-9997157",Human,0,60,71685.88,1194.7646659851075
"27-8133173",Hobbit,0,94,76417.266,812.9495740444103
"05-4526373",Northman,0,17,3613.3003,212.54705704660978
"81-2251334",Hobbit,1,192,64585.613,336.38333368798095
"70-3656839",Human,0,86,49088.887,570.8009287604066
"35-2827047",Human,0,41,11998.412,292.6441507106874
"74-8614289",Hobbit,0,125,21536.008,172.28807803726195
"80-9688024",Hobbit,0,5,973.23,194.64600067138673
"22-5200255",Orc,0,9,519.23,57.69222188306352
"11-3253802",Human,1,120,109503.875,912.5323359191418
"68-6095222",Hobbit,0,18,1650.5399,91.69666588306427
"88-2081794",Northman,0,13,5579.72,429.20922510440533
"42-6387767",Northman,0,125,22206.309,177.6504002596438
"57-7216319",Northman,0,72,20873.701,289.91249805026587
"47-2549986",Human,0,304,87345.65,287.3212481099916
"19-1011134",Northman,1,1,598.91,598.9099731445312
"45-7078672",Human,0,1,74.86,74.86000061035156
"01-8526961",Human,0,37,13432.042,363.028106818328
"35-7810912",Hobbit,0,131,113766.984,868.4501443295135
"89-7844264",Human,0,33,7645.08,231.6690875038956
"08-9355665",Elf,0,33,6880.47,208.49909259333754
"07-3806832",Elf,0,1,2994.55,2994.550048828125
"17-2290920",Northman,0,60,50527.15,842.1189936796824
"76-1030067",Elf,0,190,19094.637,100.49805234545155
"56-9170943",Human,0,129,54003.18,418.6293750317522
"37-5890660",Northman,0,76,20286.691,266.9301334462668
"62-4386805",Orc,0,70,23434.654,334.78071596963065
"06-0209839",Orc,0,105,45359.16,431.99199819628683
"64-3182470",Elf,0,33,24121.191,730.9451488148082
"57-0363969",Human,0,302,673465.94,2230.0187084753784
"53-2096422",Demon,0,64,26444.799,413.1999953389168
"05-9835631",Northman,0,3,681.26,227.0866724650065
"59-1946176",Human,1,5,2814.8801,562.9759979248047
"63-4237546",Orc,1,35,8745.7,249.87714247022356
"04-4750324",Hobbit,0,1,37.43,37.43000030517578
"44-8204351",Orc,0,73,46509.152,637.1116479586249
"84-1296985",Hobbit,0,1,748.64,748.6400146484375
"36-8950032",Northman,0,2,6737.75,3368.8749389648438
"03-5537706",Orc,0,49,69529.17,1418.9624665172732
"51-8411823",Orc,1,9,12951.471,1439.052210489909
"59-4335914",Northman,0,29,33731.76,1163.1641311316655
"10-3098782",Human,0,28,6751.4595,241.12356989724296
"79-4856344",Human,0,6,21111.61,3518.6016693115234
"77-1744337",Human,0,71,11296.579,159.1067610055628
"28-1271966",Northman,0,5,482.86,96.57199783325196
"54-9985409",Hobbit,1,6,4349.0503,724.8416779836019
"41-8129387",Human,1,48,13934.2,290.2958330561717
"12-5584258",Hobbit,0,22,890.2399,40.46545449170199
"37-9835198",Northman,0,18,20535.701,1140.8722144232856
"20-0580850",Elf,0,40,7623.808,190.59524807929992
"25-7327494",Hobbit,0,1,299.46,299.4599914550781
"77-9625776",Northman,0,35,30289.18,865.4051362991333
"67-6529751",Hobbit,0,51,17834.06,349.6874506333295
"83-1876919",Human,0,23,5188.04,225.56695589811906
"98-4364276",Hobbit,0,40,25408.72,635.2180014610291
"45-9955101",Hobbit,0,25,12394.471,495.77880174279215
"05-3027504",Human,0,105,690043.94,6571.8478814624605
"35-2131471",Elf,0,19,8512.04,448.0021013962595
"51-8721509",Northman,0,23,13064.459,568.0199973997862
"24-6365695",Hobbit,0,9,75507.75,8389.750070783826
"01-4684900",Hobbit,0,1,299.46,299.4599914550781
"48-1120364",Human,0,49,6904.7295,140.9128558538398
"79-8435991",Northman,0,84,24159.139,287.60881056104387
"06-4157101",Hobbit,0,12,3600.9602,300.0799973805745
"64-5325156",Orc,0,117,119918.04,1024.9403479435505
"45-6841380",Human,1,2,942.64,471.32000732421875
"57-9225562",Demon,0,20,10930.141,546.5069976806641
"60-5002643",Human,0,31,16550.162,533.8761282966983
"33-2900626",Human,0,8,797.2899,99.66125059127808
"67-3869433",Human,0,3,486.61002,162.20333607991537
"59-6484713",Human,0,114,19502.924,171.07824392486037
"27-7139064",Northman,0,121,17192.332,142.08537085194234
"00-2229651",Orc,0,24,20741.031,864.2095903654894
"38-2054105",Elf,0,53,61426.0,1158.980941772461
"55-2635341",Human,0,5,1094.88,218.97600059509278
"94-5523248",Elf,0,8,2549.11,318.63875511288643
"79-9284019",Hobbit,0,32,11590.609,362.2065655887127
"65-7585098",Human,0,17,5015.841,295.0494115492877
"67-4697226",Demon,0,36,41108.79,1141.9108270009358
"63-1499330",Northman,1,67,26162.695,390.48791102509
"04-6985646",Hobbit,0,6,1272.6799,212.11333465576172
"81-2256360",Northman,0,15,10232.149,682.14333152771
"18-1279565",Orc,1,23,15358.379,667.7556580386084
"72-6697923",Northman,0,94,286415.25,3046.9717037119763
"94-8354925",Elf,0,87,84987.766,976.8706868270348
"35-4558116",Hobbit,0,26,5217.97,200.69115180235642
"56-2942434",Northman,0,50,36665.953,733.3190080642701
"81-4459252",Human,0,121,102421.27,846.4568599196505
"08-7676979",Human,0,3,82.35,27.450000127156574
"15-2748552",Orc,0,9,1759.2999,195.47777472601996
"97-5387273",Human,0,46,13885.93,301.8680410317105
"87-8106266",Northman,0,53,24815.145,468.2101898373298
"32-3205314",Hobbit,0,22,4746.36,215.74363569779828
"48-8089815",Human,0,59,12439.642,210.84135321035222
"76-5298582",Human,1,8,3668.34,458.54250717163086
"20-4960863",Orc,1,53,14345.391,270.66773310697306
"95-0100308",Human,0,13,10194.541,784.1953889406644
"72-6063785",Human,1,22,4117.5103,187.15954494476318
"20-3311938",Elf,0,74,33348.75,450.6587843524443
"38-7304618",Northman,0,3,4716.43,1572.1433207194011
"52-9325358",Demon,0,25,6117.2793,244.6912000274658
"69-1023838",Human,0,2,378.06,189.03000366687775
"14-5675732",Human,0,16,27278.531,1704.9081454277039
"28-2786720",Human,0,34,7593.5303,223.3391187471502
"87-4703169",Orc,1,23,11202.642,487.0713057310685
"94-0017834",Northman,0,3,3892.9102,1297.6366475423176
"83-3194348",Northman,0,19,22451.68,1181.6673740587737
"35-5898172",Hobbit,0,7,977.12,139.58857018607003
"33-2972196",Demon,1,44,17503.184,397.7995445728302
"04-3339181",Orc,0,64,10435.173,163.04953084886074
"70-5542163",Northman,0,1,0.75,0.75
"43-7946365",Northman,0,1,281.49,281.489990234375
"00-7685590",Northman,0,41,8747.812,213.36121801050697
"78-4293647",Elf,1,268,591444.25,2206.8838800458766
"08-3016389",Human,0,37,14635.04,395.5416283091983
"36-9805810",Human,0,5,1156.65,231.33000736236573
"90-4588654",Elf,1,8,5955.71,744.4637451171875
"33-3558120",Hobbit,0,27,6621.699,245.24814535070348
"07-0177926",Northman,0,6,8646.79,1441.1316579182942
"54-6265854",Elf,0,120,17913.006,149.2749994881451
"90-0022811",Orc,0,35,21197.93,605.6551414694105
"54-4255554",Human,0,13,7276.7603,559.7507647000826
"89-8382987",Human,0,11,2256.1802,205.10727362199262
"25-6356640",Hobbit,0,101,41956.83,415.4141597358307
"64-9012706",Human,0,73,38257.69,524.077945069091
"05-4369160",Orc,1,56,12843.192,229.3426778614521
"16-2328091",Orc,0,5,6411.34,1282.2679801940917
"06-5774832",Human,0,12,12120.459,1010.0383478800455
"26-1669609",Orc,0,27,6643.6104,246.05962905177364
"71-6899885",Orc,1,1,74.86,74.86000061035156
"75-0421115",Northman,1,20,25423.793,1271.189505004883
"89-3342347",Orc,1,11,1701.9,154.71818033131686
"12-2987398",Orc,0,47,3052.4995,64.9468090787847
"19-3033086",Human,0,151,177159.17,1173.2397350446254
"54-5089991",Angel,0,43,49829.387,1158.8227937387865
"48-2255249",Orc,0,8,1055.57,131.94625091552734
"52-5771996",Northman,0,16,21141.56,1321.3474959135056
"61-5756861",Angel,0,2,606.39996,303.1999864578247
"94-8931802",Northman,0,31,21418.555,690.920957426871
"24-0217201",Orc,0,22,8970.86,407.7663617567583
"25-2512052",Northman,0,32,5127.3,160.22812336683273
"55-5987972",Orc,0,72,90285.83,1253.969863149855
"73-6985654",Human,0,1,523.3,523.2999877929688
"74-3672281",Northman,1,16,1425.01,89.06312579661608
"88-7133362",Human,0,65,74153.516,1140.8233832469352
